Workbook

Sheet Page 1
A1: प्रपत्र - ड - अर्थसंकल्पीय अंदाजपत्रक सन 2021-2022
A2: मागणी क्र.सी- 1- लेखाशिर्ष 2029 0262
A3: जिल्हा मुंबई शहर | O3: (आकडे हजारात)
A4: अ क्र | B4: वर्ग | C4: पद | D4: मंजूर पदे | E4: मंजूर पदे | F4: विशेष वेतन | G4: मुळ वेतन | H4: ग्रेड वेतन | I4: एकूण | J4: महागाई भत्ता 25% | K4: स्थानिक पुरक भत्ता | L4: घर भाडे भत्ता | M4: वाहन भत्ता | N4: धूलाई भत्ता | O4: रोख भत्ता | P4: चप्पल भत्ता/ इतर | Q4: एकूण
D5: 2020-2021 | E5: 2021-2022
C6: स्थायी
A7: 1 | B7: वर्ग-3 | C7: अव्वल कारकून | I7: 0 | J7: 0 | Q7: 0
C8: लिपिक | I8: 0 | J8: 0 | Q8: 0
C9: एकुण | D9: 0 | E9: 0 | F9: 0 | G9: 0 | H9: 0 | I9: 0 | J9: 0 | K9: 0 | L9: 0 | M9: 0 | N9: 0 | O9: 0 | P9: 0 | Q9: 0
A11: अ.क्र. | B11: वर्ग | C11: पद | D11: मंजूर पदे | E11: मंजूर पदे | F11: विशेष वेतन | G11: मुळ वेतन | H11: ग्रेड वेतन | I11: एकूण | J11: महागाई भत्ता 25% | K11: स्थानिक पुरक भत्ता | L11: घर भाडे भत्ता | M11: वाहन भत्ता | N11: धूलाई भत्ता | O11: रोख भत्ता | P11: चप्पल भत्ता/ इतर | Q11: एकूण
D12: 2020-2021 | E12: 2021-2022
C13: अस्थायी | I13: 0 | J13: 0 | Q13: 0
C14: निरंक | D14: 0 | E14: 0 | F14: 0 | G14: 0 | H14: 0 | I14: 0 | J14: 0 | K14: 0 | L14: 0 | M14: 0 | N14: 0 | O14: 0 | P14: 0 | Q14: 0
A16: =$A$1 -> प्रपत्र - ड - अर्थसंकल्पीय अंदाजपत्रक सन 2021-2022
A17: मागणी क्र.सी- 1- लेखाशिर्ष 2029 0262
A18: जिल्हा मुंबई उपनगर | O18: (आकडे हजारात)
A19: अ क्र | B19: वर्ग | C19: पद | D19: मंजूर पदे | E19: मंजूर पदे | F19: विशेष वेतन | G19: मुळ वेतन | H19: ग्रेड वेतन | I19: एकूण | J19: महागाई भत्ता 25% | K19: स्थानिक पुरक भत्ता | L19: घर भाडे भत्ता | M19: वाहन भत्ता | N19: धूलाई भत्ता | O19: रोख भत्ता | P19: चप्पल भत्ता/ इतर | Q19: एकूण
D20: 2020-2021 | E20: 2021-2022
C21: स्थायी
A22: 1 | B22: वर्ग-3 | C22: अव्वल कारकून | I22: 0 | J22: 0 | Q22: 0
C23: लिपिक | I23: 0 | J23: 0 | Q23: 0
C24: एकुण | D24: 0 | E24: 0 | F24: 0 | G24: 0 | H24: 0 | I24: 0 | J24: 0 | K24: 0 | L24: 0 | M24: 0 | N24: 0 | O24: 0 | P24: 0 | Q24: 0
A26: अ.क्र. | B26: वर्ग | C26: पद | D26: मंजूर पदे | E26: मंजूर पदे | F26: विशेष वेतन | G26: मुळ वेतन | H26: ग्रेड वेतन | I26: एकूण | J26: महागाई भत्ता 25% | K26: स्थानिक पुरक भत्ता | L26: घर भाडे भत्ता | M26: वाहन भत्ता | N26: धूलाई भत्ता | O26: रोख भत्ता | P26: चप्पल भत्ता/ इतर | Q26: एकूण
D27: 2020-2021 | E27: 2021-2022
C28: अस्थायी | I28: 0 | J28: 0 | Q28: 0
C29: निरंक | D29: 0 | E29: 0 | F29: 0 | G29: 0 | H29: 0 | I29: 0 | J29: 0 | K29: 0 | L29: 0 | M29: 0 | N29: 0 | O29: 0 | P29: 0 | Q29: 0
A31: =$A$1 -> प्रपत्र - ड - अर्थसंकल्पीय अंदाजपत्रक सन 2021-2022
A32: मागणी क्र.सी- 1- लेखाशिर्ष 2029 0262
A33: जिल्हा ठाणे | O33: (आकडे हजारात)
A34: अ क्र | B34: वर्ग | C34: पद | D34: मंजूर पदे | E34: मंजूर पदे | F34: विशेष वेतन | G34: मुळ वेतन | H34: ग्रेड वेतन | I34: एकूण | J34: महागाई भत्ता 25% | K34: स्थानिक पुरक भत्ता | L34: घर भाडे भत्ता | M34: वाहन भत्ता | N34: धूलाई भत्ता | O34: रोख भत्ता | P34: चप्पल भत्ता/ इतर | Q34: एकूण
D35: 2020-2021 | E35: 2021-2022
C36: स्थायी
A37: 1 | B37: वर्ग-3 | C37: अव्वल कारकून | D37: 1 | E37: 1 | F37: 0 | G37: 446 | H37: 0 | I37: =SUM(G37:H37) -> 446 | J37: =ROUND(I37*0.25, 0) -> 112 | K37: 4 | L37: 120 | M37: 5 | N37: 0 | O37: 0 | P37: 0 | Q37: =SUM(I37:P37)+F37 -> 687
C38: लिपिक | D38: 1 | E38: 1 | F38: 0 | G38: 192 | H38: 0 | I38: =SUM(G38:H38) -> 192 | J38: =ROUND(I38*0.25, 0) -> 48 | K38: 4 | L38: 52 | M38: 5 | N38: 0 | O38: 0 | P38: 0 | Q38: =SUM(I38:P38)+F38 -> 301
C39: एकुण | D39: =SUM(D37:D38) -> 2 | E39: =SUM(E37:E38) -> 2 | F39: =SUM(F37:F38) -> 0 | G39: =SUM(G37:G38) -> 638 | H39: =SUM(H37:H38) -> 0 | I39: =SUM(I37:I38) -> 638 | J39: =SUM(J37:J38) -> 160 | K39: =SUM(K37:K38) -> 8 | ... Q39: =SUM(Q37:Q38) -> 988
A41: अ.क्र. | B41: वर्ग | C41: पद | D41: मंजूर पदे | E41: मंजूर पदे | F41: विशेष वेतन | G41: मुळ वेतन | H41: ग्रेड वेतन | I41: एकूण | J41: महागाई भत्ता 25% | K41: स्थानिक पुरक भत्ता | L41: घर भाडे भत्ता | M41: वाहन भत्ता | N41: धूलाई भत्ता | O41: रोख भत्ता | P41: चप्पल भत्ता/ इतर | Q41: एकूण
D42: 2020-2021 | E42: 2021-2022
C43: अस्थायी | D43: 0 | E43: 0 | F43: 0 | G43: 0 | H43: 0 | I43: 0 | J43: 0 | K43: 0 | L43: 0 | M43: 0 | N43: 0 | O43: 0 | P43: 0 | Q43: 0
C44: निरंक | D44: 0 | E44: 0 | F44: 0 | G44: 0 | H44: 0 | I44: 0 | J44: 0 | K44: 0 | L44: 0 | M44: 0 | N44: 0 | O44: 0 | P44: 0 | Q44: 0
A45: =$A$1 -> प्रपत्र - ड - अर्थसंकल्पीय अंदाजपत्रक सन 2021-2022
A46: मागणी क्र.सी- 1- लेखाशिर्ष 2029 0262
A47: जिल्हा पालघर | O47: (आकडे हजारात)
A48: अ क्र | B48: वर्ग | C48: पद | D48: मंजूर पदे | E48: मंजूर पदे | F48: विशेष वेतन | G48: मुळ वेतन | H48: ग्रेड वेतन | I48: एकूण | J48: महागाई भत्ता 25% | K48: स्थानिक पुरक भत्ता | L48: घर भाडे भत्ता | M48: वाहन भत्ता | N48: धूलाई भत्ता | O48: आदीवासी प्रो.भत्ता | P48: चप्पल भत्ता/ इतर | Q48: एकूण
D49: 2020-2021 | E49: 2021-2022
C50: स्थायी
A51: 1 | B51: वर्ग-3 | C51: अव्वल कारकून | I51: =SUM(G51:H51) -> 0 | J51: =ROUND(I51*1.3, 0) -> 0 | Q51: =SUM(I51:P51)+F51 -> 0
C52: लिपिक | D52: 3 | E52: 3 | F52: 0 | G52: 1380 | H52: 0 | I52: =SUM(G52:H52) -> 1380 | J52: =ROUND(I52*0.25, 0) -> 345 | K52: 15 | L52: 124 | M52: 15 | N52: 0 | O52: 24 | P52: 0 | Q52: =SUM(I52:P52)+F52 -> 1903
C53: एकुण | D53: =SUM(D51:D52) -> 3 | E53: =SUM(E51:E52) -> 3 | F53: =SUM(F51:F52) -> 0 | G53: =SUM(G51:G52) -> 1380 | H53: =SUM(H51:H52) -> 0 | I53: =SUM(I51:I52) -> 1380 | J53: =SUM(J51:J52) -> 345 | K53: =SUM(K51:K52) -> 15 | ... Q53: =SUM(Q51:Q52) -> 1903
A55: अ.क्र. | B55: वर्ग | C55: पद | D55: मंजूर पदे | E55: मंजूर पदे | F55: विशेष वेतन | G55: मुळ वेतन | H55: ग्रेड वेतन | I55: एकूण | J55: महागाई भत्ता 25% | K55: स्थानिक पुरक भत्ता | L55: घर भाडे भत्ता | M55: वाहन भत्ता | N55: धूलाई भत्ता | O55: रोख भत्ता | P55: चप्पल भत्ता/ इतर | Q55: एकूण
D56: 2020-2021 | E56: 2021-2022
C57: अस्थायी | I57: 0 | J57: 0 | Q57: 0
C58: निरंक | D58: 0 | E58: 0 | F58: 0 | G58: 0 | H58: 0 | I58: 0 | J58: 0 | K58: 0 | L58: 0 | M58: 0 | N58: 0 | O58: 0 | P58: 0 | Q58: 0
A61: =$A$1 -> प्रपत्र - ड - अर्थसंकल्पीय अंदाजपत्रक सन 2021-2022
A62: मागणी क्र.सी- 1- लेखाशिर्ष 2029 0262
A63: जिल्हा रायगड | O63: (आकडे हजारात)
A64: अ क्र | B64: वर्ग | C64: पद | D64: मंजूर पदे | E64: मंजूर पदे | F64: विशेष वेतन | G64: मुळ वेतन | H64: ग्रेड वेतन | I64: एकूण | J64: महागाई भत्ता 25% | K64: स्थानिक पुरक भत्ता | L64: घर भाडे भत्ता | M64: वाहन भत्ता | N64: धूलाई भत्ता | O64: रोख भत्ता | P64: चप्पल भत्ता/ इतर | Q64: एकूण
D65: 2020-2021 | E65: 2021-2022
C66: स्थायी
A67: 1 | B67: वर्ग-3 | C67: अव्वल कारकून | D67: 1 | E67: 1 | F67: 0 | G67: 427 | H67: 0 | I67: =SUM(G67:H67) -> 427 | J67: =ROUND(I67*0.25, 0) -> 107 | K67: 0 | L67: 38 | M67: 5 | N67: 0 | O67: 0 | P67: 0 | Q67: =SUM(I67:P67)+F67 -> 577
C68: लिपिक | D68: 17 | E68: 17 | F68: 0 | G68: 4868 | H68: 0 | I68: =SUM(G68:H68) -> 4868 | J68: =ROUND(I68*0.25, 0) -> 1217 | K68: 0 | L68: 438 | M68: 82 | N68: 0 | O68: 0 | P68: 0 | Q68: =SUM(I68:P68)+F68 -> 6605
C69: एकुण | D69: =SUM(D67:D68) -> 18 | E69: =SUM(E67:E68) -> 18 | F69: =SUM(F67:F68) -> 0 | G69: =SUM(G67:G68) -> 5295 | H69: =SUM(H67:H68) -> 0 | I69: =SUM(I67:I68) -> 5295 | J69: =SUM(J67:J68) -> 1324 | K69: =SUM(K67:K68) -> 0 | ... Q69: =SUM(Q67:Q68) -> 7182
A71: अ.क्र. | B71: वर्ग | C71: पद | D71: मंजूर पदे | E71: मंजूर पदे | F71: विशेष वेतन | G71: मुळ वेतन | H71: ग्रेड वेतन | I71: एकूण | J71: महागाई भत्ता 25% | K71: स्थानिक पुरक भत्ता | L71: घर भाडे भत्ता | M71: वाहन भत्ता | N71: धूलाई भत्ता | O71: रोख भत्ता | P71: चप्पल भत्ता/ इतर | Q71: एकूण
D72: 2020-2021 | E72: 2021-2022
C73: अस्थायी | D73: 0 | E73: 0 | F73: 0 | G73: 0 | H73: 0 | I73: =SUM(G73:H73) -> 0 | J73: =ROUND(I73*1.6, 0) -> 0 | K73: 0 | L73: 0 | M73: 0 | N73: 0 | O73: 0 | P73: 0 | Q73: =SUM(I73:P73)+F73 -> 0
C74: निरंक | D74: =SUM(D73) -> 0 | E74: =SUM(E73) -> 0 | F74: =SUM(F73) -> 0 | G74: =SUM(G73) -> 0 | H74: =SUM(H73) -> 0 | I74: =SUM(I73) -> 0 | J74: =SUM(J73) -> 0 | K74: =SUM(K73) -> 0 | ... Q74: =SUM(Q73) -> 0
A76: =$A$1 -> प्रपत्र - ड - अर्थसंकल्पीय अंदाजपत्रक सन 2021-2022
A77: मागणी क्र.सी- 1- लेखाशिर्ष 2029 0262
A78: जिल्हा रत्नागिरी | O78: (आकडे हजारात)
A79: अ क्र | B79: वर्ग | C79: पद | D79: मंजूर पदे | E79: मंजूर पदे | F79: विशेष वेतन | G79: मुळ वेतन | H79: ग्रेड वेतन | I79: एकूण | J79: महागाई भत्ता 25% | K79: स्थानिक पुरक भत्ता | L79: घर भाडे भत्ता | M79: वाहन भत्ता | N79: धूलाई भत्ता | O79: रोख भत्ता | P79: चप्पल भत्ता/ इतर | Q79: एकूण
D80: 2020-2021 | E80: 2021-2022
C81: स्थायी
A82: 1 | B82: वर्ग-3 | C82: अव्वल कारकून | D82: 0 | E82: 0 | F82: 0 | G82: 0 | H82: 0 | I82: =SUM(G82:H82) -> 0 | J82: =ROUND(I81*1.6, 0) -> 0 | K82: 0 | L82: 0 | M82: 0 | N82: 0 | O82: 0 | P82: 0 | Q82: =SUM(I82:P82)+F82 -> 0
C83: लिपिक | D83: 7 | E83: 7 | F83: 0 | G83: 1854 | H83: 0 | I83: =SUM(G83:H83) -> 1854 | J83: =ROUND(I83*0.25, 0) -> 464 | K83: 34 | L83: 148 | M83: 0 | N83: 0 | O83: 0 | P83: 0 | Q83: =SUM(I83:P83)+F83 -> 2500
C84: एकुण | D84: =SUM(D82:D83) -> 7 | E84: =SUM(E82:E83) -> 7 | F84: =SUM(F82:F83) -> 0 | G84: =SUM(G82:G83) -> 1854 | H84: =SUM(H82:H83) -> 0 | I84: =SUM(I82:I83) -> 1854 | J84: =SUM(J82:J83) -> 464 | K84: =SUM(K82:K83) -> 34 | ... Q84: =SUM(Q82:Q83) -> 2500
A86: अ.क्र. | B86: वर्ग | C86: पद | D86: मंजूर पदे | E86: मंजूर पदे | F86: विशेष वेतन | G86: मुळ वेतन | H86: ग्रेड वेतन | I86: एकूण | J86: महागाई भत्ता 25% | K86: स्थानिक पुरक भत्ता | L86: घर भाडे भत्ता | M86: वाहन भत्ता | N86: धूलाई भत्ता | O86: रोख भत्ता | P86: चप्पल भत्ता/ इतर | Q86: एकूण
D87: 2020-2021 | E87: 2021-2022
C88: अस्थायी | D88: 0 | E88: 0 | F88: 0 | G88: 0 | H88: 0 | I88: =SUM(G88:H88) -> 0 | J88: =ROUND(I88*1.5, 0) -> 0 | K88: 0 | L88: 0 | M88: 0 | N88: 0 | O88: 0 | P88: 0 | Q88: =SUM(I88:P88)+F88 -> 0
C89: निरंक | D89: =SUM(D88) -> 0 | E89: =SUM(E88) -> 0 | F89: =SUM(F88) -> 0 | G89: =SUM(G88) -> 0 | H89: =SUM(H88) -> 0 | I89: =SUM(I88) -> 0 | J89: =SUM(J88) -> 0 | K89: =SUM(K88) -> 0 | ... Q89: =SUM(Q88) -> 0
A91: =$A$1 -> प्रपत्र - ड - अर्थसंकल्पीय अंदाजपत्रक सन 2021-2022
A92: मागणी क्र.सी- 1- लेखाशिर्ष 2029 0262
A93: जिल्हा सिंधुदुर्ग | O93: (आकडे हजारात)
A94: अ क्र | B94: वर्ग | C94: पद | D94: मंजूर पदे | E94: मंजूर पदे | F94: विशेष वेतन | G94: मुळ वेतन | H94: ग्रेड वेतन | I94: एकूण | J94: महागाई भत्ता 25% | K94: स्थानिक पुरक भत्ता | L94: घर भाडे भत्ता | M94: वाहन भत्ता | N94: धूलाई भत्ता | O94: रोख भत्ता | P94: चप्पल भत्ता/ इतर | Q94: एकूण
D95: 2020-2021 | E95: 2021-2022
C96: स्थायी
A97: 1 | B97: वर्ग-3 | C97: अव्वल कारकून | D97: 0 | E97: 0 | F97: 0 | G97: 0 | H97: 0 | I97: =SUM(G97:H97) -> 0 | J97: =ROUND(I97*1.3, 0) -> 0 | K97: 0 | L97: 0 | M97: 0 | N97: 0 | O97: 0 | P97: 0 | Q97: =SUM(I97:P97)+F97 -> 0
C98: लिपिक | D98: 1 | E98: 1 | F98: 0 | G98: 286 | H98: 0 | I98: =SUM(G98:H98) -> 286 | J98: =ROUND(I98*0.25, 0) -> 72 | K98: 0 | L98: 26 | M98: 5 | N98: 0 | O98: 0 | P98: 0 | Q98: =SUM(I98:P98)+F98 -> 389
C99: एकुण | D99: =SUM(D97:D98) -> 1 | E99: =SUM(E97:E98) -> 1 | F99: =SUM(F97:F98) -> 0 | G99: =SUM(G97:G98) -> 286 | H99: =SUM(H97:H98) -> 0 | I99: =SUM(I97:I98) -> 286 | J99: =SUM(J97:J98) -> 72 | K99: =SUM(K97:K98) -> 0 | ... Q99: =SUM(Q97:Q98) -> 389
A101: अ.क्र. | B101: वर्ग | C101: पद | D101: मंजूर पदे | E101: मंजूर पदे | F101: विशेष वेतन | G101: मुळ वेतन | H101: ग्रेड वेतन | I101: एकूण | J101: महागाई भत्ता 25% | K101: स्थानिक पुरक भत्ता | L101: घर भाडे भत्ता | M101: वाहन भत्ता | N101: धूलाई भत्ता | O101: रोख भत्ता | P101: चप्पल भत्ता/ इतर | Q101: एकूण
D102: 2020-2021 | E102: 2021-2022
C103: अस्थायी | D103: 0 | E103: 0 | F103: 0 | G103: 0 | H103: 0 | I103: =SUM(G103:H103) -> 0 | J103: =ROUND(I103*1.3, 0) -> 0 | K103: 0 | L103: 0 | M103: 0 | N103: 0 | O103: 0 | P103: 0 | Q103: =SUM(I103:P103)+F103 -> 0
C104: निरंक | D104: =SUM(D103) -> 0 | E104: =SUM(E103) -> 0 | F104: =SUM(F103) -> 0 | G104: =SUM(G103) -> 0 | H104: =SUM(H103) -> 0 | I104: =SUM(I103) -> 0 | J104: =SUM(J103) -> 0 | K104: =SUM(K103) -> 0 | ... Q104: =SUM(Q103) -> 0
A106: =$A$1 -> प्रपत्र - ड - अर्थसंकल्पीय अंदाजपत्रक सन 2021-2022
A107: मागणी क्र.सी- 1- लेखाशिर्ष 2029 0262
A108: मा.विभागीय आयुक्त कोकण विभाग यांचे कार्यालय | O108: (आकडे हजारात)
A109: अ क्र | B109: वर्ग | C109: पद | D109: मंजूर पदे | E109: मंजूर पदे | F109: विशेष वेतन | G109: मुळ वेतन | H109: ग्रेड वेतन | I109: एकूण | J109: महागाई भत्ता 25% | K109: स्थानिक पुरक भत्ता | L109: घर भाडे भत्ता | M109: वाहन भत्ता | N109: धूलाई भत्ता | O109: रोख भत्ता | P109: चप्पल भत्ता/ इतर | Q109: एकूण
D110: 2020-2021 | E110: 2021-2022
C111: स्थायी
A112: 1 | B112: वर्ग-3 | C112: अव्वल कारकून | I112: 0 | J112: 0 | Q112: 0
C113: लिपिक | I113: 0 | J113: 0 | Q113: 0
C114: एकुण | D114: 0 | E114: 0 | F114: 0 | G114: 0 | H114: 0 | I114: 0 | J114: 0 | K114: 0 | L114: 0 | M114: 0 | N114: 0 | O114: 0 | P114: 0 | Q114: 0
...

Sheet Page 2
A1: प्रपत्र - क - अर्थसंकल्पीय अंदाजपत्रक सन 2021-2022
A2: मागणी क्र.सी- 1- लेखाशिर्ष 2029 0262
A3: (आकडे हजारात)
A4: जिल्हा | B4: स्थायी पदे
C5: भरलेली पदे | G5: रिक्त पदे | K5: एकुण
A6: मुंबई शहर | B6: वर्ग | C6: वर्ग-1 व 2 | D6: वर्ग-3 | E6: वर्ग-4 | F6: एकुण | G6: वर्ग-1 व 2 | H6: वर्ग-3 | I6: वर्ग-4 | J6: एकुण | K6: एकुण
B7: पदे | F7: =SUM(C7:E7) -> 0 | J7: =SUM(G7:I7) -> 0 | K7: {=SUM(G7:I7+C7:E7)} -> 0
B8: वेतन | F8: 0 | J8: 0 | K8: 0
B9: ग्रेड पे | F9: 0 | J9: 0 | K9: 0
B10: एकुण | C10: 0 | D10: 0 | E10: 0 | F10: 0 | G10: 0 | H10: 0 | I10: 0 | J10: 0 | K10: 0
B11: विशेष वेतन | F11: 0 | J11: 0 | K11: 0
B12: महा.भत्ता | F12: 0 | J12: 0 | K12: 0
B13: स्था.पु.भ. | F13: 0 | J13: 0 | K13: 0
B14: घरभाडे | F14: 0 | J14: 0 | K14: 0
B15: प्रवास भत्ता | F15: 0 | J15: 0 | K15: 0
B16: इतर | F16: 0 | J16: 0 | K16: 0
B17: एकुण | C17: 0 | D17: 0 | E17: 0 | F17: 0 | G17: 0 | H17: 0 | I17: 0 | J17: 0 | K17: 0
A19: जिल्हा | B19: अस्थायी पदे | M19: सर्व वर्ग पदे
C20: भरलेली पदे | G20: रिक्त पदे | K20: एकुण | M20: वर्ग | N20: स्थायी पदे | O20: अस्थायी पदे | P20: एकुण
A21: मुंबई शहर | B21: वर्ग | C21: वर्ग-1 व 2 | D21: वर्ग-3 | E21: वर्ग-4 | F21: एकुण | G21: वर्ग-1 व 2 | H21: वर्ग-3 | I21: वर्ग-4 | J21: एकुण | M21: पदे | N21: =K8 -> 0 | O21: =K22 -> 0 | P21: =SUM(N21:O21) -> 0
B22: पदे | F22: =SUM(C22:E22) -> 0 | J22: =SUM(G22:I22) -> 0 | K22: {=SUM(G22:I22+C22:E22)} -> 0 | M22: वेतन | N22: 0 | O22: 0 | P22: 0
B23: वेतन | F23: 0 | J23: 0 | K23: 0 | M23: ग्रेड पे | N23: 0 | O23: 0 | P23: 0
B24: ग्रेड पे | F24: 0 | J24: 0 | K24: 0 | M24: एकुण | N24: 0 | O24: 0 | P24: 0
B25: एकुण | C25: 0 | D25: 0 | E25: 0 | F25: 0 | G25: 0 | H25: 0 | I25: 0 | J25: 0 | K25: 0 | M25: महा.भत्ता | N25: 0 | O25: 0 | P25: 0
B26: विशेष वेतन | F26: 0 | J26: 0 | K26: 0 | M26: विशेष वेतन | N26: 0 | O26: 0 | P26: 0
B27: महा.भत्ता | F27: 0 | J27: 0 | K27: 0 | M27: स्था.पु.भ. | N27: 0 | O27: 0 | P27: 0
B28: स्था.पु.भ. | F28: 0 | J28: 0 | K28: 0 | M28: घरभाडे | N28: 0 | O28: 0 | P28: 0
B29: घरभाडे | F29: 0 | J29: 0 | K29: 0 | M29: प्रवास भत्ता | N29: 0 | O29: 0 | P29: 0
B30: प्रवास भत्ता | F30: 0 | J30: 0 | K30: 0 | M30: इतर | N30: 0 | O30: 0 | P30: 0
B31: इतर | F31: 0 | J31: 0 | K31: 0 | M31: एकुण | N31: 0 | O31: 0 | P31: 0
B32: एकुण | C32: 0 | D32: 0 | E32: 0 | F32: 0 | G32: 0 | H32: 0 | I32: 0 | J32: 0 | K32: 0
A33: =$A$1 -> प्रपत्र - क - अर्थसंकल्पीय अंदाजपत्रक सन 2021-2022
A34: मागणी क्र.सी- 1- लेखाशिर्ष 2029 0262
A35: (आकडे हजारात)
A36: जिल्हा | B36: स्थायी पदे
C37: भरलेली पदे | G37: रिक्त पदे | K37: एकुण
A38: मुंबई उपनगर | B38: वर्ग | C38: वर्ग-1 व 2 | D38: वर्ग-3 | E38: वर्ग-4 | F38: एकुण | G38: वर्ग-1 व 2 | H38: वर्ग-3 | I38: वर्ग-4 | J38: एकुण | K38: एकुण
B39: पदे | F39: =SUM(C39:E39) -> 0 | J39: =SUM(G39:I39) -> 0 | K39: {=SUM(G39:I39 + C39:E39)} -> 0
B40: वेतन | F40: 0 | J40: 0 | K40: 0
B41: ग्रेड पे | F41: 0 | J41: 0 | K41: 0
B42: एकुण | C42: 0 | D42: 0 | E42: 0 | F42: 0 | G42: 0 | H42: 0 | I42: 0 | J42: 0 | K42: 0
B43: विशेष वेतन | F43: 0 | J43: 0 | K43: 0
B44: महा.भत्ता | F44: 0 | J44: 0 | K44: 0
B45: स्था.पु.भ. | F45: 0 | J45: 0 | K45: 0
B46: घरभाडे | F46: 0 | J46: 0 | K46: 0
B47: प्रवास भत्ता | F47: 0 | J47: 0 | K47: 0
B48: इतर | F48: 0 | J48: 0 | K48: 0
B49: एकुण | C49: 0 | D49: 0 | E49: 0 | F49: 0 | G49: 0 | H49: 0 | I49: 0 | J49: 0 | K49: 0
A51: जिल्हा | B51: अस्थायी पदे | M51: सर्व वर्ग पदे
C52: भरलेली पदे | G52: रिक्त पदे | K52: एकुण | M52: वर्ग | N52: स्थायी पदे | O52: अस्थायी पदे | P52: एकुण
A53: मुंबई उपनगर | B53: वर्ग | C53: वर्ग-1 व 2 | D53: वर्ग-3 | E53: वर्ग-4 | F53: एकुण | G53: वर्ग-1 व 2 | H53: वर्ग-3 | I53: वर्ग-4 | J53: एकुण | M53: पदे | N53: =(K39) -> 0 | O53: =(K54) -> 0 | P53: =SUM(N53:O53) -> 0
B54: पदे | F54: =SUM(C54:E54) -> 0 | J54: =SUM(G54:I54) -> 0 | K54: {=SUM(C54:E54+G54:I54)} -> 0 | M54: वेतन | N54: 0 | O54: 0 | P54: 0
B55: वेतन | F55: 0 | J55: 0 | K55: 0 | M55: ग्रेड पे | N55: 0 | O55: 0 | P55: 0
B56: ग्रेड पे | F56: 0 | J56: 0 | K56: 0 | M56: एकुण | N56: 0 | O56: 0 | P56: 0
B57: एकुण | C57: 0 | D57: 0 | E57: 0 | F57: 0 | G57: 0 | H57: 0 | I57: 0 | J57: 0 | K57: 0 | M57: महा.भत्ता | N57: 0 | O57: 0 | P57: 0
B58: विशेष वेतन | F58: 0 | J58: 0 | K58: 0 | M58: विशेष वेतन | N58: 0 | O58: 0 | P58: 0
B59: महा.भत्ता | F59: 0 | J59: 0 | K59: 0 | M59: स्था.पु.भ. | N59: 0 | O59: 0 | P59: 0
B60: स्था.पु.भ. | F60: 0 | J60: 0 | K60: 0 | M60: घरभाडे | N60: 0 | O60: 0 | P60: 0
B61: घरभाडे | F61: 0 | J61: 0 | K61: 0 | M61: प्रवास भत्ता | N61: 0 | O61: 0 | P61: 0
B62: प्रवास भत्ता | F62: 0 | J62: 0 | K62: 0 | M62: इतर | N62: 0 | O62: 0 | P62: 0
B63: इतर | F63: 0 | J63: 0 | K63: 0 | M63: एकुण | N63: 0 | O63: 0 | P63: 0
B64: एकुण | C64: 0 | D64: 0 | E64: 0 | F64: 0 | G64: 0 | H64: 0 | I64: 0 | J64: 0 | K64: 0
A65: =$A$1 -> प्रपत्र - क - अर्थसंकल्पीय अंदाजपत्रक सन 2021-2022
A66: मागणी क्र.सी- 1- लेखाशिर्ष 2029 0262
A67: (आकडे हजारात)
A68: जिल्हा | B68: स्थायी पदे
C69: भरलेली पदे | G69: रिक्त पदे | K69: एकुण
A70: ठाणे | B70: वर्ग | C70: वर्ग-1 व 2 | D70: वर्ग-3 | E70: वर्ग-4 | F70: एकुण | G70: वर्ग-1 व 2 | H70: वर्ग-3 | I70: वर्ग-4 | J70: एकुण | K70: एकुण
B71: पदे | C71: 0 | D71: 0 | E71: 0 | F71: =SUM(C71:E71) -> 0 | G71: 0 | H71: 2 | I71: 0 | J71: =SUM(G71:I71) -> 2 | K71: =SUM(J71,F71) -> 2
B72: वेतन | C72: 0 | D72: 0 | E72: 0 | F72: =SUM(C72:E72) -> 0 | G72: 0 | H72: 638 | I72: 0 | J72: =SUM(G72:I72) -> 638 | K72: =SUM(J72,F72) -> 638
B73: ग्रेड पे | C73: 0 | D73: 0 | E73: 0 | F73: =SUM(C73:E73) -> 0 | G73: 0 | H73: 0 | I73: 0 | J73: =SUM(G73:I73) -> 0 | K73: =SUM(J73,F73) -> 0
B74: एकुण | C74: =SUM(C72:C73) -> 0 | D74: =SUM(D72:D73) -> 0 | E74: =SUM(E72:E73) -> 0 | F74: =SUM(F72:F73) -> 0 | G74: =SUM(G72:G73) -> 0 | H74: =SUM(H72:H73) -> 638 | I74: =SUM(I72:I73) -> 0 | J74: =SUM(J72:J73) -> 638 | K74: =SUM(K72:K73) -> 638
B75: विशेष वेतन | C75: 0 | D75: 0 | E75: 0 | F75: =SUM(C75:E75) -> 0 | G75: 0 | H75: 0 | I75: 0 | J75: =SUM(G75:I75) -> 0 | K75: =SUM(J75,F75) -> 0
B76: महा.भत्ता | C76: 0 | D76: 0 | E76: 0 | F76: =SUM(C76:E76) -> 0 | G76: 0 | H76: 160 | I76: 0 | J76: =SUM(G76:I76) -> 160 | K76: =SUM(J76,F76) -> 160
B77: स्था.पु.भ. | C77: 0 | D77: 0 | E77: 0 | F77: =SUM(C77:E77) -> 0 | G77: 0 | H77: 8 | I77: 0 | J77: =SUM(G77:I77) -> 8 | K77: =SUM(J77,F77) -> 8
B78: घरभाडे | C78: 0 | D78: 0 | E78: 0 | F78: =SUM(C78:E78) -> 0 | G78: 0 | H78: 172 | I78: 0 | J78: =SUM(G78:I78) -> 172 | K78: =SUM(J78,F78) -> 172
B79: प्रवास भत्ता | C79: 0 | D79: 0 | E79: 0 | F79: =SUM(C79:E79) -> 0 | G79: 0 | H79: 5 | I79: 0 | J79: =SUM(G79:I79) -> 5 | K79: =SUM(J79,F79) -> 5
B80: इतर | C80: 0 | D80: 0 | E80: 0 | F80: =SUM(C80:E80) -> 0 | G80: 0 | H80: 5 | I80: 0 | J80: =SUM(G80:I80) -> 5 | K80: =SUM(J80,F80) -> 5
B81: एकुण | C81: =SUM(C74:C80) -> 0 | D81: =SUM(D74:D80) -> 0 | E81: =SUM(E74:E80) -> 0 | F81: =SUM(F74:F80) -> 0 | G81: =SUM(G74:G80) -> 0 | H81: =SUM(H74:H80) -> 988 | I81: =SUM(I74:I80) -> 0 | J81: =SUM(J74:J80) -> 988 | K81: =SUM(K74:K80) -> 988
A83: जिल्हा | B83: अस्थायी पदे | M83: सर्व वर्ग पदे
C84: भरलेली पदे | G84: रिक्त पदे | K84: एकुण | M84: वर्ग | N84: स्थायी पदे | O84: अस्थायी पदे | P84: एकुण
A85: ठाणे | B85: वर्ग | C85: वर्ग-1 व 2 | D85: वर्ग-3 | E85: वर्ग-4 | F85: एकुण | G85: वर्ग-1 व 2 | H85: वर्ग-3 | I85: वर्ग-4 | J85: एकुण | M85: पदे | N85: =K71 -> 2 | O85: 0 | P85: =SUM(N85:O85) -> 2
B86: पदे | C86: 0 | D86: 0 | E86: 0 | F86: 0 | G86: 0 | H86: 0 | I86: 0 | J86: 0 | K86: 0 | M86: वेतन | N86: =K72 -> 638 | O86: 0 | P86: =SUM(N86:O86) -> 638
B87: वेतन | C87: 0 | D87: 0 | E87: 0 | F87: 0 | G87: 0 | H87: 0 | I87: 0 | J87: 0 | K87: 0 | M87: ग्रेड पे | N87: =K73 -> 0 | O87: 0 | P87: =SUM(N87:O87) -> 0
B88: ग्रेड पे | C88: 0 | D88: 0 | E88: 0 | F88: 0 | G88: 0 | H88: 0 | I88: 0 | J88: 0 | K88: 0 | M88: एकुण | N88: =SUM(N86:N87) -> 638 | O88: =SUM(O86:O87) -> 0 | P88: =SUM(P86:P87) -> 638
B89: एकुण | C89: 0 | D89: 0 | E89: 0 | F89: 0 | G89: 0 | H89: 0 | I89: 0 | J89: 0 | K89: 0 | M89: महा.भत्ता | N89: =SUM(K76) -> 160 | O89: 0 | P89: =SUM(N89:O89) -> 160
B90: विशेष वेतन | C90: 0 | D90: 0 | E90: 0 | F90: 0 | G90: 0 | H90: 0 | I90: 0 | J90: 0 | K90: 0 | M90: विशेष वेतन | N90: =SUM(K75) -> 0 | O90: 0 | P90: =SUM(N90:O90) -> 0
B91: महा.भत्ता | C91: 0 | D91: 0 | E91: 0 | F91: 0 | G91: 0 | H91: 0 | I91: 0 | J91: 0 | K91: 0 | M91: स्था.पु.भ. | N91: =SUM(K77) -> 8 | O91: 0 | P91: =SUM(N91:O91) -> 8
B92: स्था.पु.भ. | C92: 0 | D92: 0 | E92: 0 | F92: 0 | G92: 0 | H92: 0 | I92: 0 | J92: 0 | K92: 0 | M92: घरभाडे | N92: =SUM(K78) -> 172 | O92: 0 | P92: =SUM(N92:O92) -> 172
B93: घरभाडे | C93: 0 | D93: 0 | E93: 0 | F93: 0 | G93: 0 | H93: 0 | I93: 0 | J93: 0 | K93: 0 | M93: प्रवास भत्ता | N93: =SUM(K79) -> 5 | O93: 0 | P93: =SUM(N93:O93) -> 5
B94: प्रवास भत्ता | C94: 0 | D94: 0 | E94: 0 | F94: 0 | G94: 0 | H94: 0 | I94: 0 | J94: 0 | K94: 0 | M94: इतर | N94: =SUM(K80) -> 5 | O94: 0 | P94: =SUM(N94:O94) -> 5
B95: इतर | C95: 0 | D95: 0 | E95: 0 | F95: 0 | G95: 0 | H95: 0 | I95: 0 | J95: 0 | K95: 0 | M95: एकुण | N95: =SUM(N88:N94) -> 988 | O95: 0 | P95: =SUM(P88:P94) -> 988
B96: एकुण | C96: 0 | D96: 0 | E96: 0 | F96: 0 | G96: 0 | H96: 0 | I96: 0 | J96: 0 | K96: 0
A97: =$A$1 -> प्रपत्र - क - अर्थसंकल्पीय अंदाजपत्रक सन 2021-2022
A98: मागणी क्र.सी- 1- लेखाशिर्ष 2029 0262
A99: (आकडे हजारात)
A100: जिल्हा | B100: स्थायी पदे
C101: भरलेली पदे | G101: रिक्त पदे | K101: एकुण
A102: पालघर | B102: वर्ग | C102: वर्ग-1 व 2 | D102: वर्ग-3 | E102: वर्ग-4 | F102: एकुण | G102: वर्ग-1 व 2 | H102: वर्ग-3 | I102: वर्ग-4 | J102: एकुण | K102: एकुण
B103: पदे | D103: 2 | F103: =SUM(C103:E103) -> 2 | H103: 1 | J103: =SUM(G103:I103) -> 1 | K103: =SUM(F103+J103) -> 3
...

Sheet Page 3
A1: प्रपत्र - ब - अर्थसंकल्पीय अंदाजपत्रक सन 2021-2022
A2: मागणी क्र.सी- 1- लेखाशिर्ष 2029 0262
A3: मंजुर पदे
A4: अ.क्र. | B4: वर्ग | C4: स्थायी | E4: अस्थायी | G4: एकुण
C5: भरलेली पदे | D5: रिक्त पदे | E5: भरलेली पदे | F5: रिक्त पदे
A6: 1 | B6: 1 | G6: 0
A7: 2 | B7: 2 | G7: 0
A8: 3 | B8: 3 | G8: 0
A9: 4 | B9: 4 | G9: 0
A10: एकुण | C10: 0 | D10: 0 | E10: 0 | F10: 0 | G10: 0
F13: ( आकडे हजारात)
A14: अ.क्र. | B14: जिल्हा / विभाग | C14: वैद्यकिय खर्च | D14: उत्सव/सण अग्रिम | E14: स्वग्राम/महाराष्ट्र दर्शन | F14: 7 व्या वेतन आयोग फरक | G14: एनपीएस | H14: इतर | I14: एकुण
A15: 1 | B15: मुंबई शहर | H15: 0 | I15: =SUM(C15:H15) -> 0
A17: =$A$1 -> प्रपत्र - ब - अर्थसंकल्पीय अंदाजपत्रक सन 2021-2022
A18: मागणी क्र.सी- 1- लेखाशिर्ष 2029 0262
A19: मंजुर पदे
A20: अ.क्र. | B20: वर्ग | C20: स्थायी | E20: अस्थायी | G20: एकुण
C21: भरलेली पदे | D21: रिक्त पदे | E21: भरलेली पदे | F21: रिक्त पदे
A22: 1 | B22: 1 | G22: 0
A23: 2 | B23: 2 | G23: 0
A24: 3 | B24: 3 | G24: 0
A25: 4 | B25: 4 | G25: 0
A26: एकुण | C26: 0 | D26: 0 | E26: 0 | F26: 0 | G26: 0
F29: ( आकडे हजारात)
A30: अ.क्र. | B30: जिल्हा / विभाग | C30: वैद्यकिय खर्च | D30: उत्सव/सण अग्रिम | E30: स्वग्राम/महाराष्ट्र दर्शन | F30: 7 व्या वेतन आयोग फरक | G30: एनपीएस | H30: इतर | I30: एकुण
A31: 1 | B31: मुंबई उपनगर | H31: 0 | I31: =SUM(C31:H31) -> 0
A33: =$A$1 -> प्रपत्र - ब - अर्थसंकल्पीय अंदाजपत्रक सन 2021-2022
A34: मागणी क्र.सी- 1- लेखाशिर्ष 2029 0262
A35: मंजुर पदे
A36: अ.क्र. | B36: वर्ग | C36: स्थायी | E36: अस्थायी | G36: एकुण
C37: भरलेली पदे | D37: रिक्त पदे | E37: भरलेली पदे | F37: रिक्त पदे
A38: 1 | B38: 1 | C38: 0 | D38: 0 | E38: 0 | F38: 0 | G38: =SUM(C38:F38) -> 0
A39: 2 | B39: 2 | C39: 0 | D39: 0 | E39: 0 | F39: 0 | G39: =SUM(C39:F39) -> 0
A40: 3 | B40: 3 | C40: 0 | D40: 2 | E40: 0 | F40: 0 | G40: =SUM(C40:F40) -> 2
A41: 4 | B41: 4 | C41: 0 | D41: 0 | E41: 0 | F41: 0 | G41: =SUM(C41:F41) -> 0
A42: एकुण | C42: =SUM(C38:C41) -> 0 | D42: =SUM(D38:D41) -> 2 | E42: =SUM(E38:E41) -> 0 | F42: =SUM(F38:F41) -> 0 | G42: =SUM(G38:G41) -> 2
F45: ( आकडे हजारात)
A46: अ.क्र. | B46: जिल्हा / विभाग | C46: वैद्यकिय खर्च | D46: उत्सव/सण अग्रिम | E46: स्वग्राम/महाराष्ट्र दर्शन | F46: 7 व्या वेतन आयोग फरक | G46: एनपीएस | H46: इतर | I46: एकुण
A47: 1 | B47: ठाणे | C47: 300 | D47: 25 | E47: 25 | F47: 200 | G47: 50 | H47: 0 | I47: =SUM(C47:H47) -> 600
A48: =$A$1 -> प्रपत्र - ब - अर्थसंकल्पीय अंदाजपत्रक सन 2021-2022
A49: मागणी क्र.सी- 1- लेखाशिर्ष 2029 0262
A50: मंजुर पदे
A51: अ.क्र. | B51: वर्ग | C51: स्थायी | E51: अस्थायी | G51: एकुण
C52: भरलेली पदे | D52: रिक्त पदे | E52: भरलेली पदे | F52: रिक्त पदे
A53: 1 | B53: 1 | C53: 0 | D53: 0 | E53: 0 | F53: 0 | G53: =SUM(C53:F53) -> 0
A54: 2 | B54: 2 | C54: 0 | D54: 0 | E54: 0 | F54: 0 | G54: =SUM(C54:F54) -> 0
A55: 3 | B55: 3 | C55: 2 | D55: 1 | E55: 0 | F55: 0 | G55: =SUM(C55:F55) -> 3
A56: 4 | B56: 4 | C56: 0 | D56: 0 | E56: 0 | F56: 0 | G56: =SUM(C56:F56) -> 0
A57: एकुण | C57: =SUM(C53:C56) -> 2 | D57: =SUM(D53:D56) -> 1 | E57: =SUM(E53:E56) -> 0 | F57: =SUM(F53:F56) -> 0 | G57: =SUM(G53:G56) -> 3
F60: ( आकडे हजारात)
A61: अ.क्र. | B61: जिल्हा / विभाग | C61: वैद्यकिय खर्च | D61: उत्सव/सण अग्रिम | E61: स्वग्राम/महाराष्ट्र दर्शन | F61: 7 व्या वेतन आयोग फरक | G61: एनपीएस | H61: इतर | I61: एकुण
A62: 1 | B62: पालघर | C62: 200 | D62: 38 | E62: 30 | F62: 225 | G62: 0 | H62: 34 | I62: =SUM(C62:H62) -> 527
A63: =$A$1 -> प्रपत्र - ब - अर्थसंकल्पीय अंदाजपत्रक सन 2021-2022
A64: मागणी क्र.सी- 1- लेखाशिर्ष 2029 0262
A65: मंजुर पदे
A66: अ.क्र. | B66: वर्ग | C66: स्थायी | E66: अस्थायी | G66: एकुण
C67: भरलेली पदे | D67: रिक्त पदे | E67: भरलेली पदे | F67: रिक्त पदे
A68: 1 | B68: 1 | C68: 0 | D68: 0 | E68: 0 | F68: 0 | G68: =SUM(C68:F68) -> 0
A69: 2 | B69: 2 | C69: 0 | D69: 0 | E69: 0 | F69: 0 | G69: =SUM(C69:F69) -> 0
A70: 3 | B70: 3 | C70: 9 | D70: 9 | E70: 0 | F70: 0 | G70: =SUM(C70:F70) -> 18
A71: 4 | B71: 4 | C71: 0 | D71: 0 | E71: 0 | F71: 0 | G71: =SUM(C71:F71) -> 0
A72: एकुण | C72: =SUM(C68:C71) -> 9 | D72: =SUM(D68:D71) -> 9 | E72: =SUM(E68:E71) -> 0 | F72: =SUM(F68:F71) -> 0 | G72: =SUM(G68:G71) -> 18
F75: ( आकडे हजारात)
A76: अ.क्र. | B76: जिल्हा / विभाग | C76: वैद्यकिय खर्च | D76: उत्सव/सण अग्रिम | E76: स्वग्राम/महाराष्ट्र दर्शन | F76: 7 व्या वेतन आयोग फरक | G76: एनपीएस | H76: इतर | I76: एकुण
A77: 1 | B77: रायगड | C77: 700 | D77: 225 | E77: 400 | F77: 259 | G77: 927 | H77: 0 | I77: =SUM(C77:H77) -> 2511
A79: =$A$1 -> प्रपत्र - ब - अर्थसंकल्पीय अंदाजपत्रक सन 2021-2022
A80: मागणी क्र.सी- 1- लेखाशिर्ष 2029 0262
A81: मंजुर पदे
A82: अ.क्र. | B82: वर्ग | C82: स्थायी | E82: अस्थायी | G82: एकुण
C83: भरलेली पदे | D83: रिक्त पदे | E83: भरलेली पदे | F83: रिक्त पदे
A84: 1 | B84: 1 | C84: 0 | D84: 0 | E84: 0 | F84: 0 | G84: =SUM(C84:F84) -> 0
A85: 2 | B85: 2 | C85: 0 | D85: 0 | E85: 0 | F85: 0 | G85: =SUM(C85:F85) -> 0
A86: 3 | B86: 3 | C86: 2 | D86: 5 | E86: 0 | F86: 0 | G86: =SUM(C86:F86) -> 7
A87: 4 | B87: 4 | C87: 0 | D87: 0 | E87: 0 | F87: 0 | G87: =SUM(C87:F87) -> 0
A88: एकुण | C88: =SUM(C84:C87) -> 2 | D88: =SUM(D84:D87) -> 5 | E88: =SUM(E84:E87) -> 0 | F88: =SUM(F84:F87) -> 0 | G88: =SUM(G84:G87) -> 7
F91: ( आकडे हजारात)
A92: अ.क्र. | B92: जिल्हा / विभाग | C92: वैद्यकिय खर्च | D92: उत्सव/सण अग्रिम | E92: स्वग्राम/महाराष्ट्र दर्शन | F92: 7 व्या वेतन आयोग फरक | G92: एनपीएस | H92: इतर | I92: एकुण
A93: 1 | B93: रत्नागिरी | C93: 100 | D93: 50 | E93: 50 | F93: 60 | G93: 0 | H93: 0 | I93: =SUM(C93:H93) -> 260
A95: =$A$1 -> प्रपत्र - ब - अर्थसंकल्पीय अंदाजपत्रक सन 2021-2022
A96: मागणी क्र.सी- 1- लेखाशिर्ष 2029 0262
A97: मंजुर पदे
A98: अ.क्र. | B98: वर्ग | C98: स्थायी | E98: अस्थायी | G98: एकुण
C99: भरलेली पदे | D99: रिक्त पदे | E99: भरलेली पदे | F99: रिक्त पदे
A100: 1 | B100: 1 | C100: 0 | D100: 0 | E100: 0 | F100: 0 | G100: =SUM(C100:F100) -> 0
A101: 2 | B101: 2 | C101: 0 | D101: 0 | E101: 0 | F101: 0 | G101: =SUM(C101:F101) -> 0
A102: 3 | B102: 3 | C102: 1 | D102: 0 | E102: 0 | F102: 0 | G102: =SUM(C102:F102) -> 1
A103: 4 | B103: 4 | C103: 0 | D103: 0 | E103: 0 | F103: 0 | G103: =SUM(C103:F103) -> 0
A104: एकुण | C104: =SUM(C100:C103) -> 1 | D104: =SUM(D100:D103) -> 0 | E104: =SUM(E100:E103) -> 0 | F104: =SUM(F100:F103) -> 0 | G104: =SUM(G100:G103) -> 1
F107: ( आकडे हजारात)
A108: अ.क्र. | B108: जिल्हा / विभाग | C108: वैद्यकिय खर्च | D108: उत्सव/सण अग्रिम | E108: स्वग्राम/महाराष्ट्र दर्शन | F108: 7 व्या वेतन आयोग फरक | G108: एनपीएस | H108: इतर | I108: एकुण
A109: 1 | B109: सिंधुदुर्ग | C109: 50 | D109: 13 | E109: 15 | F109: 17 | G109: 49 | H109: 0 | I109: =SUM(C109:H109) -> 144
A111: =$A$1 -> प्रपत्र - ब - अर्थसंकल्पीय अंदाजपत्रक सन 2021-2022
A112: मागणी क्र.सी- 1- लेखाशिर्ष 2029 0262
A113: मंजुर पदे
A114: अ.क्र. | B114: वर्ग | C114: स्थायी | E114: अस्थायी | G114: एकुण
C115: भरलेली पदे | D115: रिक्त पदे | E115: भरलेली पदे | F115: रिक्त पदे
A116: 1 | B116: 1 | G116: 0
A117: 2 | B117: 2 | G117: 0
A118: 3 | B118: 3 | G118: 0
A119: 4 | B119: 4 | G119: 0
...

Sheet Page 4
A1: प्रपत्र - अ - अर्थसंकल्पीय अंदाजपत्रक सन 2021-2022
A2: मागणी क्र.सी- 1- लेखाशिर्ष 2029 0262
A3: जिल्हा मुंबई शहर | L3: (आकडे हजारात)
A4: अ. क्र | B4: लेख्याची प्राथमिक आणि दुय्यम युनिट | C4: प्रत्यक्ष रक्कमा (खर्च) | F4: अर्थसंकल्पीय अंदाज | G4: सुधारीत अंदाज 2020-2021 | H4: अर्थसंकल्पीय अंदाज 2021-2022 | L4: मागील वर्षाच्या प्रत्यक्ष रक्कमा आणि चालु वर्षाच्या अर्थसंकल्पीय अंदाजाची तुलना करता आगामी वर्षासाठीच्या अंदाजातील वाढ किंवा घट यांच्या संबधातील स्पष्टीकरणे.
C5: 2017-2018 | D5: 2018-2019 | E5: 2019-2020 | F5: 2020-2021 | H5: प्राकक्लन (एस्टिमेटिंग) अधिका-याचा | I5: नियंत्रक अधिका-यांचा | J5: प्रशासकीय विभागाचा | K5: वित्त विभागाचा
A6: 1 | B6: 2 | C6: 3 | D6: 4 | E6: 5 | F6: 6 | G6: 7 | H6: 8 | I6: 9 | J6: 10 | K6: 11 | L6: 12
A7: 1 | B7: 01- वेतन
A8: 2 | B8: 03 अति.भत्ता
A9: 3 | B9: 06- दूरध्वनी वीज,पाणी व शुल्क
A10: 4 | B10: 11- देशातंर्गत प्रवास खर्च
A11: 4 | B11: 13- कार्यालयीन खर्च
A12: 5 | B12: 14-भाडेपटटी व कर
A13: 7 | B13: 17- संगणक खर्च
A14: 8 | B14: 26- जाहीरात व प्रसिध्दी खर्च
A15: 9 | B15: 51- मोटार वाहने
B16: एकुण | C16: 0 | D16: 0 | E16: 0 | F16: 0 | G16: 0 | H16: 0 | I16: 0 | J16: 0 | K16: 0
A18: =$A$1 -> प्रपत्र - अ - अर्थसंकल्पीय अंदाजपत्रक सन 2021-2022
A19: मागणी क्र.सी- 1- लेखाशिर्ष 2029 0262
A20: जिल्हा मुंबई उपनगर | L20: (आकडे हजारात)
A21: अ. क्र | B21: लेख्याची प्राथमिक आणि दुय्यम युनिट | C21: प्रत्यक्ष रक्कमा (खर्च) | F21: अर्थसंकल्पीय अंदाज | G21: सुधारीत अंदाज 2020-2021 | H21: अर्थसंकल्पीय अंदाज 2021-2022 | L21: मागील वर्षाच्या प्रत्यक्ष रक्कमा आणि चालु वर्षाच्या अर्थसंकल्पीय अंदाजाची तुलना करता आगामी वर्षासाठीच्या अंदाजातील वाढ किंवा घट यांच्या संबधातील स्पष्टीकरणे.
C22: 2017-2018 | D22: 2018-2019 | E22: 2019-2020 | F22: 2020-2021 | H22: प्राकक्लन (एस्टिमेटिंग) अधिका-याचा | I22: नियंत्रक अधिका-यांचा | J22: प्रशासकीय विभागाचा | K22: वित्त विभागाचा
A23: 1 | B23: 2 | C23: 3 | D23: 4 | E23: 5 | F23: 6 | G23: 7 | H23: 8 | I23: 9 | J23: 10 | K23: 11 | L23: 12
A24: 1 | B24: 01- वेतन
A25: 2 | B25: 03 अति.भत्ता
A26: 3 | B26: 06- दूरध्वनी वीज,पाणी व शुल्क
A27: 4 | B27: 11- देशातंर्गत प्रवास खर्च
A28: 4 | B28: 13- कार्यालयीन खर्च
A29: 5 | B29: 14-भाडेपटटी व कर
A30: 7 | B30: 17- संगणक खर्च
A31: 8 | B31: 26- जाहीरात व प्रसिध्दी खर्च
A32: 9 | B32: 51- मोटार वाहने
B33: एकुण | C33: 0 | D33: 0 | E33: 0 | F33: 0 | G33: 0 | H33: 0 | I33: 0 | J33: 0 | K33: 0 | L33: 0
A35: =$A$1 -> प्रपत्र - अ - अर्थसंकल्पीय अंदाजपत्रक सन 2021-2022
A36: मागणी क्र.सी- 1- लेखाशिर्ष 2029 0262
A37: जिल्हा ठाणे | L37: (आकडे हजारात)
A38: अ. क्र | B38: लेख्याची प्राथमिक आणि दुय्यम युनिट | C38: प्रत्यक्ष रक्कमा (खर्च) | F38: अर्थसंकल्पीय अंदाज | G38: सुधारीत अंदाज 2020-2021 | H38: अर्थसंकल्पीय अंदाज 2021-2022 | L38: मागील वर्षाच्या प्रत्यक्ष रक्कमा आणि चालु वर्षाच्या अर्थसंकल्पीय अंदाजाची तुलना करता आगामी वर्षासाठीच्या अंदाजातील वाढ किंवा घट यांच्या संबधातील स्पष्टीकरणे.
C39: 2017-2018 | D39: 2018-2019 | E39: 2019-2020 | F39: 2020-2021 | H39: प्राकक्लन (एस्टिमेटिंग) अधिका-याचा | I39: नियंत्रक अधिका-यांचा | J39: प्रशासकीय विभागाचा | K39: वित्त विभागाचा
A40: 1 | B40: 2 | C40: 3 | D40: 4 | E40: 5 | F40: 6 | G40: 7 | H40: 8 | I40: 9 | J40: 10 | K40: 11 | L40: 12
A41: 1 | B41: 01- वेतन | C41: 23 | D41: 317 | E41: 430 | F41: 1288 | G41: 1400 | H41: 1588
A42: 2 | B42: 03 अति.भत्ता | C42: 0 | D42: 0 | E42: 0 | F42: 0 | G42: 0 | H42: 0
A43: 3 | B43: 06- दूरध्वनी वीज,पाणी व शुल्क | C43: 0 | D43: 0 | E43: 0 | F43: 60 | G43: 60 | H43: 60
A44: 4 | B44: 11- देशातंर्गत प्रवास खर्च | C44: 0 | D44: 0 | E44: 0 | F44: 60 | G44: 60 | H44: 60
A45: 4 | B45: 13- कार्यालयीन खर्च | C45: 19 | D45: 11 | E45: 0 | F45: 61 | G45: 61 | H45: 61
A46: 5 | B46: 14-भाडेपटटी व कर | C46: 0 | D46: 0 | E46: 0 | F46: 0 | G46: 0 | H46: 0
A47: 7 | B47: 17- संगणक खर्च | C47: 0 | D47: 0 | E47: 0 | F47: 70 | G47: 70 | H47: 70
A48: 8 | B48: 26- जाहीरात व प्रसिध्दी खर्च | C48: 0 | D48: 0 | E48: 0 | F48: 0 | G48: 0 | H48: 0
A49: 9 | B49: 51- मोटार वाहने | C49: 0 | D49: 0 | E49: 0 | F49: 0 | G49: 0 | H49: 0
B50: एकुण | C50: =SUM(C41:C49) -> 42 | D50: =SUM(D41:D49) -> 328 | E50: =SUM(E41:E49) -> 430 | F50: =SUM(F41:F49) -> 1539 | G50: =SUM(G41:G49) -> 1651 | H50: =SUM(H41:H49) -> 1839 | I50: =SUM(I41:I49) -> 0 | J50: =SUM(J41:J49) -> 0 | ... L50: =SUM(L41:L49) -> 0
A51: =$A$1 -> प्रपत्र - अ - अर्थसंकल्पीय अंदाजपत्रक सन 2021-2022
A52: मागणी क्र.सी- 1- लेखाशिर्ष 2029 0262
A53: जिल्हा पालघर | L53: (आकडे हजारात)
A54: अ. क्र | B54: लेख्याची प्राथमिक आणि दुय्यम युनिट | C54: प्रत्यक्ष रक्कमा (खर्च) | F54: अर्थसंकल्पीय अंदाज | G54: सुधारीत अंदाज 2020-2021 | H54: अर्थसंकल्पीय अंदाज 2021-2022 | L54: मागील वर्षाच्या प्रत्यक्ष रक्कमा आणि चालु वर्षाच्या अर्थसंकल्पीय अंदाजाची तुलना करता आगामी वर्षासाठीच्या अंदाजातील वाढ किंवा घट यांच्या संबधातील स्पष्टीकरणे.
C55: 2017-2018 | D55: 2018-2019 | E55: 2019-2020 | F55: 2020-2021 | H55: प्राकक्लन (एस्टिमेटिंग) अधिका-याचा | I55: नियंत्रक अधिका-यांचा | J55: प्रशासकीय विभागाचा | K55: वित्त विभागाचा
A56: 1 | B56: 2 | C56: 3 | D56: 4 | E56: 5 | F56: 6 | G56: 7 | H56: 8 | I56: 9 | J56: 10 | K56: 11 | L56: 12
A57: 1 | B57: 01- वेतन | C57: 518 | D57: 725 | E57: 1855 | F57: 2082 | G57: 1950 | H57: 2430
A58: 2 | B58: 03 अति.भत्ता | C58: 0 | D58: 0 | E58: 0 | F58: 0 | G58: 0 | H58: 0
A59: 3 | B59: 06- दूरध्वनी वीज,पाणी व शुल्क | C59: 0 | D59: 0 | E59: 0 | F59: 30 | G59: 0 | H59: 0
A60: 4 | B60: 11- देशातंर्गत प्रवास खर्च | C60: 3 | D60: 4 | E60: 2 | F60: 30 | G60: 5 | H60: 5
A61: 4 | B61: 13- कार्यालयीन खर्च | C61: 24 | D61: 32 | E61: 29 | F61: 80 | G61: 40 | H61: 50
A62: 5 | B62: 14-भाडेपटटी व कर | C62: 0 | D62: 0 | E62: 0 | F62: 0 | G62: 0 | H62: 0
A63: 7 | B63: 17- संगणक खर्च | C63: 1 | D63: 10 | E63: 10 | F63: 30 | G63: 15 | H63: 15
A64: 8 | B64: 26- जाहीरात व प्रसिध्दी खर्च | C64: 0 | D64: 0 | E64: 0 | F64: 0 | G64: 0 | H64: 0
A65: 9 | B65: 51- मोटार वाहने | C65: 0 | D65: 0 | E65: 0 | F65: 0 | G65: 0 | H65: 0
B66: एकुण | C66: =SUM(C57:C65) -> 546 | D66: =SUM(D57:D65) -> 771 | E66: =SUM(E57:E65) -> 1896 | F66: =SUM(F57:F65) -> 2252 | G66: =SUM(G57:G65) -> 2010 | H66: =SUM(H57:H65) -> 2500 | I66: =SUM(I57:I65) -> 0 | J66: =SUM(J57:J65) -> 0 | ... L66: =SUM(L57:L65) -> 0
A68: =$A$1 -> प्रपत्र - अ - अर्थसंकल्पीय अंदाजपत्रक सन 2021-2022
A69: मागणी क्र.सी- 1- लेखाशिर्ष 2029 0262
A70: जिल्हा रायगड | L70: (आकडे हजारात)
A71: अ. क्र | B71: लेख्याची प्राथमिक आणि दुय्यम युनिट | C71: प्रत्यक्ष रक्कमा (खर्च) | F71: अर्थसंकल्पीय अंदाज | G71: सुधारीत अंदाज 2020-2021 | H71: अर्थसंकल्पीय अंदाज 2021-2022 | L71: मागील वर्षाच्या प्रत्यक्ष रक्कमा आणि चालु वर्षाच्या अर्थसंकल्पीय अंदाजाची तुलना करता आगामी वर्षासाठीच्या अंदाजातील वाढ किंवा घट यांच्या संबधातील स्पष्टीकरणे.
C72: 2017-2018 | D72: 2018-2019 | E72: 2019-2020 | F72: 2020-2021 | H72: प्राकक्लन (एस्टिमेटिंग) अधिका-याचा | I72: नियंत्रक अधिका-यांचा | J72: प्रशासकीय विभागाचा | K72: वित्त विभागाचा
A73: 1 | B73: 2 | C73: 3 | D73: 4 | E73: 5 | F73: 6 | G73: 7 | H73: 8 | I73: 9 | J73: 10 | K73: 11 | L73: 12
A74: 1 | B74: 01- वेतन | C74: 5212 | D74: 5422 | E74: 5943 | F74: 10805 | G74: 7197 | H74: 9693
A75: 2 | B75: 03 अति.भत्ता | C75: 0 | D75: 0 | E75: 0 | F75: 0 | G75: 0 | H75: 0
A76: 3 | B76: 06- दूरध्वनी वीज,पाणी व शुल्क | C76: 7 | D76: 12 | E76: 0 | F76: 250 | G76: 250 | H76: 250
A77: 4 | B77: 11- देशातंर्गत प्रवास खर्च | C77: 3 | D77: 29 | E77: 32 | F77: 280 | G77: 280 | H77: 280
A78: 4 | B78: 13- कार्यालयीन खर्च | C78: 92 | D78: 160 | E78: 144 | F78: 400 | G78: 400 | H78: 400
A79: 5 | B79: 14-भाडेपटटी व कर | C79: 0 | D79: 0 | E79: 0 | F79: 0 | G79: 0 | H79: 0
A80: 7 | B80: 17- संगणक खर्च | C80: 14 | D80: 20 | E80: 12 | F80: 150 | G80: 150 | H80: 150
A81: 8 | B81: 26- जाहीरात व प्रसिध्दी खर्च | C81: 0 | D81: 0 | E81: 0 | F81: 0 | G81: 0 | H81: 0
A82: 9 | B82: 51- मोटार वाहने | C82: 0 | D82: 0 | E82: 0 | F82: 0 | G82: 0 | H82: 0
B83: एकुण | C83: =SUM(C74:C82) -> 5328 | D83: =SUM(D74:D82) -> 5643 | E83: =SUM(E74:E82) -> 6131 | F83: =SUM(F74:F82) -> 11885 | G83: =SUM(G74:G82) -> 8277 | H83: =SUM(H74:H82) -> 10773 | I83: =SUM(I74:I82) -> 0 | J83: =SUM(J74:J82) -> 0 | ... L83: =SUM(L74:L82) -> 0
A85: =$A$1 -> प्रपत्र - अ - अर्थसंकल्पीय अंदाजपत्रक सन 2021-2022
A86: मागणी क्र.सी- 1- लेखाशिर्ष 2029 0262
A87: जिल्हा रत्नागिरी | L87: (आकडे हजारात)
A88: अ. क्र | B88: लेख्याची प्राथमिक आणि दुय्यम युनिट | C88: प्रत्यक्ष रक्कमा (खर्च) | F88: अर्थसंकल्पीय अंदाज | G88: सुधारीत अंदाज 2020-2021 | H88: अर्थसंकल्पीय अंदाज 2021-2022 | L88: मागील वर्षाच्या प्रत्यक्ष रक्कमा आणि चालु वर्षाच्या अर्थसंकल्पीय अंदाजाची तुलना करता आगामी वर्षासाठीच्या अंदाजातील वाढ किंवा घट यांच्या संबधातील स्पष्टीकरणे.
C89: 2017-2018 | D89: 2018-2019 | E89: 2019-2020 | F89: 2020-2021 | H89: प्राकक्लन (एस्टिमेटिंग) अधिका-याचा | I89: नियंत्रक अधिका-यांचा | J89: प्रशासकीय विभागाचा | K89: वित्त विभागाचा
A90: 1 | B90: 2 | C90: 3 | D90: 4 | E90: 5 | F90: 6 | G90: 7 | H90: 8 | I90: 9 | J90: 10 | K90: 11 | L90: 12
A91: 1 | B91: 01- वेतन | C91: 853 | D91: 876 | E91: 1055 | F91: 2966 | H91: 2760
A92: 2 | B92: 03 अति.भत्ता | C92: 0 | D92: 0 | E92: 0 | F92: 0 | H92: 0
A93: 3 | B93: 06- दूरध्वनी वीज,पाणी व शुल्क | C93: 10 | D93: 0 | E93: 0 | F93: 10 | H93: 0
A94: 4 | B94: 11- देशातंर्गत प्रवास खर्च | C94: 4 | D94: 4 | E94: 0 | F94: 30 | H94: 10
A95: 4 | B95: 13- कार्यालयीन खर्च | C95: 58 | D95: 27 | E95: 43 | F95: 120 | H95: 50
A96: 5 | B96: 14-भाडेपटटी व कर | C96: 0 | D96: 0 | E96: 0 | F96: 0 | H96: 0
A97: 7 | B97: 17- संगणक खर्च | C97: 6 | D97: 4 | E97: 7 | F97: 40 | H97: 20
A98: 8 | B98: 26- जाहीरात व प्रसिध्दी खर्च | C98: 0 | D98: 0 | E98: 0 | F98: 0 | H98: 0
A99: 9 | B99: 51- मोटार वाहने | C99: 0 | D99: 0 | E99: 0 | F99: 0 | H99: 0
B100: एकुण | C100: =SUM(C91:C99) -> 931 | D100: =SUM(D91:D99) -> 911 | E100: =SUM(E91:E99) -> 1105 | F100: =SUM(F91:F99) -> 3166 | G100: =SUM(G91:G99) -> 0 | H100: =SUM(H91:H99) -> 2840 | I100: =SUM(I91:I99) -> 0 | J100: =SUM(J91:J99) -> 0 | ... L100: =SUM(L91:L99) -> 0
A102: =$A$1 -> प्रपत्र - अ - अर्थसंकल्पीय अंदाजपत्रक सन 2021-2022
A103: मागणी क्र.सी- 1- लेखाशिर्ष 2029 0262
A104: जिल्हा सिुधुदर्ग | L104: (आकडे हजारात)
A105: अ. क्र | B105: लेख्याची प्राथमिक आणि दुय्यम युनिट | C105: प्रत्यक्ष रक्कमा (खर्च) | F105: अर्थसंकल्पीय अंदाज | G105: सुधारीत अंदाज 2020-2021 | H105: अर्थसंकल्पीय अंदाज 2021-2022 | L105: मागील वर्षाच्या प्रत्यक्ष रक्कमा आणि चालु वर्षाच्या अर्थसंकल्पीय अंदाजाची तुलना करता आगामी वर्षासाठीच्या अंदाजातील वाढ किंवा घट यांच्या संबधातील स्पष्टीकरणे.
...

Sheet Page 5
A1: ='Page 4'!A136 -> प्रपत्र - अ - अर्थसंकल्पीय अंदाजपत्रक सन 2021-2022
A2: मागणी क्र.सी- 1- लेखाशिर्ष 2029 0262
A3: कोकण विभाग | L3: (आकडे हजारात)
A4: अ. क्र | B4: लेख्याची प्राथमिक आणि दुय्यम युनिट | C4: ='Page 4'!C139 -> प्रत्यक्ष रक्कमा (खर्च) | F4: ='Page 4'!F139 -> अर्थसंकल्पीय अंदाज | G4: ='Page 4'!G139 -> सुधारीत अंदाज 2020-2021 | H4: ='Page 4'!H139 -> अर्थसंकल्पीय अंदाज 2021-2022 | L4: मागील वर्षाच्या प्रत्यक्ष रक्कमा आणि चालु वर्षाच्या अर्थसंकल्पीय अंदाजाची तुलना करता आगामी वर्षासाठीच्या अंदाजातील वाढ किंवा घट यांच्या संबधातील स्पष्टीकरणे.
C5: ='Page 4'!C140 -> 2017-2018 | D5: ='Page 4'!D140 -> 2018-2019 | E5: ='Page 4'!E140 -> 2019-2020 | F5: ='Page 4'!F140 -> 2020-2021 | H5: ='Page 4'!H140 -> प्राकक्लन (एस्टिमेटिंग) अधिका-याचा | I5: ='Page 4'!I140 -> नियंत्रक अधिका-यांचा | J5: ='Page 4'!J140 -> प्रशासकीय विभागाचा | K5: ='Page 4'!K140 -> वित्त विभागाचा
A6: 1 | B6: 2 | C6: 3 | D6: 4 | E6: 5 | F6: 6 | G6: 7 | H6: 8 | I6: 9 | J6: 10 | K6: 11 | L6: 12
A7: 1 | B7: 01- वेतन | C7: ='Page 4'!C142 -> 6877 | D7: ='Page 4'!D142 -> 7619 | E7: ='Page 4'!E142 -> 9680 | F7: ='Page 4'!F142 -> 17661 | G7: ='Page 4'!G142 -> 11067 | I7: ='Page 4'!H142 -> 17003 | L7: 01- वेतन:- या बाबीखाली चालु महागाई भत्ता दर आकारणी 25% प्रमाणे विचारात घेवून केली आहे. वेळोवेळी होणारी वेतनवाढ व महागाई भत्ता दराप्रमाणे वाढीव अनुदान मिळणेस विनंती आहे.
A8: 2 | B8: 03 अति.भत्ता | C8: ='Page 4'!C143 -> 0 | D8: ='Page 4'!D143 -> 0 | E8: ='Page 4'!E143 -> 0 | F8: ='Page 4'!F143 -> 0 | G8: ='Page 4'!G143 -> 0 | I8: ='Page 4'!H143 -> 0
A9: 3 | B9: 06- दूरध्वनी वीज,पाणी व शुल्क | C9: ='Page 4'!C144 -> 17 | D9: ='Page 4'!D144 -> 12 | E9: ='Page 4'!E144 -> 0 | F9: ='Page 4'!F144 -> 350 | G9: ='Page 4'!G144 -> 310 | I9: ='Page 4'!H144 -> 310 | L9: 06- दूरध्वनी, वीज पाणी व शुल्क:- तगाई आस्थापनाकडील कार्यालये व मुख्यालये यामध्ये दुरध्वनी खर्च तसेच वाढीव दराची वीज देयके अदा करणेकामी जादा अनुदानाची आवश्यकता आहे.
A10: 4 | B10: 11- देशातंर्गत प्रवास खर्च | C10: ='Page 4'!C145 -> 10 | D10: ='Page 4'!D145 -> 43 | E10: ='Page 4'!E145 -> 37 | F10: ='Page 4'!F145 -> 430 | G10: ='Page 4'!G145 -> 375 | I10: ='Page 4'!H145 -> 385 | L10: 11- देशातंर्गत प्रवास खर्च:- तगाई आस्थापना कार्यालया कडील कराव्या लागलेल्या फिरती बदली प्रवासभत्ता दैनिकभत्ता इत्यादीसाठी वाढीव महागाई दराच्या आधारावर जादा अनुदानाची आवश्यकता आहे.
A11: 5 | B11: 13- कार्यालयीन खर्च | C11: ='Page 4'!C146 -> 218 | D11: ='Page 4'!D146 -> 246 | E11: ='Page 4'!E146 -> 231 | F11: ='Page 4'!F146 -> 701 | G11: ='Page 4'!G146 -> 541 | I11: ='Page 4'!H146 -> 601 | L11: 13- कार्यालयीन खर्च :- सदर बाबीखाली कार्या.खर्चासाठी स्टेशनरी, जडसंग्रह वस्तु, झेरॉक्स यांच्या वाढीव दरामुळे तसेच अधिका-या यांच्या साठी उपलब्ध असलेल्या शासकीय वाहनांची देखभाल, दुरुस्ती, पेट्रोल व डिझेल यांचे वाढीव दर यामुळे कार्यालयीन खर्च मोठया प्रमाणावर वाढला आहे. त्यामुळे वाढीव अनुदानाची मागणी केली आहे.
A12: 6 | B12: 14-भाडेपटटी व कर | C12: ='Page 4'!C147 -> 0 | D12: ='Page 4'!D147 -> 0 | E12: ='Page 4'!E147 -> 0 | F12: ='Page 4'!F147 -> 0 | G12: ='Page 4'!G147 -> 0 | I12: ='Page 4'!H147 -> 0
A13: 7 | B13: 17- संगणक खर्च | C13: ='Page 4'!C148 -> 21 | D13: ='Page 4'!D148 -> 34 | E13: ='Page 4'!E148 -> 32 | F13: ='Page 4'!F148 -> 290 | G13: ='Page 4'!G148 -> 235 | I13: ='Page 4'!H148 -> 255 | L13: 17- संगणक खर्च :- सदर बाबीखाली सन 2010-2011 पासून मागणी करण्यात येत आहे. सदर उपशिर्षाखाली तगाई आस्थापनाकडील कार्यालयास पाठवावयाचे नियतकालीके अहवाल तयार करणे इ. कार्यालयीन कामे संगणकावर करावी लागतात. 2013-14 वित्‍त्तीय वर्षात सदर लेखाशिर्षातंर्गत नवीन बाब निर्माण करण्यांत आली आहे. मात्र अत्यल्प अनुदान उपलब्ध करुन देण्यांत आले. सबब या वित्तीय वर्षात सदर अनुदानाची तरतूद होण्यास विनंती आहे.
A14: 8 | B14: 26- जाहीरात व प्रसिध्दी खर्च | C14: ='Page 4'!C149 -> 0 | D14: ='Page 4'!D149 -> 0 | E14: ='Page 4'!E149 -> 0 | F14: ='Page 4'!F149 -> 0 | G14: ='Page 4'!G149 -> 0 | I14: ='Page 4'!H149 -> 0
A15: 9 | B15: 51- मोटार वाहने | C15: ='Page 4'!C150 -> 0 | D15: ='Page 4'!D150 -> 0 | E15: ='Page 4'!E150 -> 0 | F15: ='Page 4'!F150 -> 0 | G15: ='Page 4'!G150 -> 0 | I15: ='Page 4'!H150 -> 0
B16: एकुण | C16: =SUM(C7:C15) -> 7143 | D16: =SUM(D7:D15) -> 7954 | E16: =SUM(E7:E15) -> 9980 | F16: =SUM(F7:F15) -> 19432 | G16: =SUM(G7:G15) -> 12528 | H16: =SUM(H7:H15) -> 0 | I16: =SUM(I7:I15) -> 18554 | J16: =SUM(J7:J15) -> 0 | K16: =SUM(K7:K15) -> 0
L18: (विनिता भूमकर)
L19: सहाय्यक संचालक(लेखा) कोकण विभाग

Sheet 4-12 TO 7-12 MES
A1: 2018-2019
A2: 4/2018-7/2018 Monthly Expenditure 20290262
C3: Mcity | D3: MSD | E3: PAO | F3: THANE | G3: PALGHAR | H3: RAIGAD | I3: RATNAGIRI | J3: SINDHUDURG | K3: DIV COMM | L3: AG | M3: TOTAL
A4: 1 | B4: Salary | C4: 0 | D4: 0 | E4: =SUM(C4:D4) -> 0 | F4: 94 | G4: 317 | H4: 1194 | I4: 175 | J4: 140 | K4: 0 | L4: =SUM(F4:K4) -> 1920 | M4: =SUM(L4,E4) -> 1920
A5: 6 | B5: ELCT/WAT/TEL | E5: =SUM(C5:D5) -> 0 | L5: =SUM(F5:K5) -> 0 | M5: =SUM(L5,E5) -> 0
A6: 11 | B6: TE | E6: =SUM(C6:D6) -> 0 | L6: =SUM(F6:K6) -> 0 | M6: =SUM(L6,E6) -> 0
A7: 13 | B7: OE | E7: =SUM(C7:D7) -> 0 | L7: =SUM(F7:K7) -> 0 | M7: =SUM(L7,E7) -> 0
A8: 14 | B8: Property Tax | E8: =SUM(C8:D8) -> 0 | L8: =SUM(F8:K8) -> 0 | M8: =SUM(L8,E8) -> 0
A9: 17 | B9: Computer | E9: =SUM(C9:D9) -> 0 | L9: =SUM(F9:K9) -> 0 | M9: =SUM(L9,E9) -> 0
A10: 26 | B10: Advertisement & Publicity | E10: =SUM(C10:D10) -> 0 | L10: =SUM(F10:K10) -> 0 | M10: =SUM(L10,E10) -> 0
A11: 51 | B11: Motor Car | E11: =SUM(C11:D11) -> 0 | L11: =SUM(F11:K11) -> 0 | M11: =SUM(L11,E11) -> 0
C12: =SUM(C4:C11) -> 0 | D12: =SUM(D4:D11) -> 0 | E12: =SUM(E4:E11) -> 0 | F12: =SUM(F4:F11) -> 94 | G12: =SUM(G4:G11) -> 317 | H12: =SUM(H4:H11) -> 1194 | I12: =SUM(I4:I11) -> 175 | J12: =SUM(J4:J11) -> 140 | ... M12: =SUM(M4:M11) -> 1920
K15: (विनिता भूमकर)
K16: सहाय्यक संचालक(लेखा) कोकण विभाग

Sheet jodpatra D
A1: जोडपत्र-ड
A2: अर्थसंकल्पीय अंदाजपत्रक सन 2021-2022
A3: मागणी क्र.सी-1 2029 जमीन महसूल (20290262)
A4: कोकण विभाग संगर्व निहाय पदांची माहिती
A5: अ.क्र. | B5: संवर्ग | C5: मंजूर पदे | E5: भरलेली पदे | G5: रिक्त पदे
C6: स्थायी | D6: अस्थायी | E6: स्थायी | F6: अस्थायी | G6: स्थायी | H6: अस्थायी
A7: 1 | B7: वर्ग-1 | C7: 0 | D7: 0 | E7: =SUM('Page 3'!C132) -> 0 | F7: =SUM('Page 3'!E132) -> 0 | G7: =SUM('Page 3'!D132) -> 0 | H7: =SUM('Page 3'!F132) -> 0
A8: 2 | B8: वर्ग-2 | C8: 0 | D8: 0 | E8: =SUM('Page 3'!C133) -> 0 | F8: =SUM('Page 3'!E133) -> 0 | G8: =SUM('Page 3'!D133) -> 0 | H8: =SUM('Page 3'!F133) -> 0
A9: 3 | B9: वर्ग-3 | C9: =SUM('Page 1'!E129) -> 31 | D9: 0 | E9: =SUM('Page 3'!C134) -> 14 | F9: =SUM('Page 3'!E134) -> 0 | G9: =SUM('Page 3'!D134) -> 17 | H9: =SUM('Page 3'!F134) -> 0
A10: 4 | B10: वर्ग-4 | C10: 0 | D10: 0 | E10: =SUM('Page 3'!C135) -> 0 | F10: =SUM('Page 3'!E135) -> 0 | G10: =SUM('Page 3'!D135) -> 0 | H10: =SUM('Page 3'!F135) -> 0
B11: एकूण | C11: =SUM(C7:C10) -> 31 | D11: =SUM(D7:D10) -> 0 | E11: =SUM(E7:E10) -> 14 | F11: =SUM(F7:F10) -> 0 | G11: =SUM(G7:G10) -> 17 | H11: =SUM(H7:H10) -> 0
F14: (विनिता भूमकर)
F15: सहाय्यक संचालक(लेखा) कोकण विभाग

Sheet Sheet1
A1: अर्थसंकल्पीय अंदाजपत्रक सन 2016-2017 (जिल्हानिहाय)
A2: मागणी क्र.सी-1- लेखाशिर्ष : 20290262
A3: (आकडे हजारात)
A4: अ. क्र. | B4: उपलेखाशिर्ष | C4: मुंबई शहर | D4: मुंबई उपनगर | E4: ठाणे | F4: पालघर | G4: रायगड | H4: रत्नागिरी | I4: सिंधुदुर्ग | J4: मा.उप आयुक्त (सा.प्र.) | K4: एकूण
A5: 1 | B5: 01- वेतन | C5: =SUM('Page 4'!H7) -> 0 | D5: =SUM('Page 4'!H24) -> 0 | E5: =SUM('Page 4'!H41) -> 1588 | F5: =SUM('Page 4'!H57) -> 2430 | G5: =SUM('Page 4'!H74) -> 9693 | H5: =SUM('Page 4'!H91) -> 2760 | I5: =SUM('Page 4'!H108) -> 532 | J5: =SUM('Page 4'!H125) -> 0 | K5: =SUM(C5:J5) -> 17003
A6: 2 | B6: 03- अति.भत्ता | C6: =SUM('Page 4'!H8) -> 0 | D6: =SUM('Page 4'!H25) -> 0 | E6: =SUM('Page 4'!H42) -> 0 | F6: =SUM('Page 4'!H58) -> 0 | G6: =SUM('Page 4'!H75) -> 0 | H6: =SUM('Page 4'!H92) -> 0 | I6: =SUM('Page 4'!H109) -> 0 | J6: =SUM('Page 4'!H126) -> 0 | K6: =SUM(C6:J6) -> 0
A7: 3 | B7: 06- दूरध्वनी वीज,पाणी व शुल्क | C7: =SUM('Page 4'!H9) -> 0 | D7: =SUM('Page 4'!H26) -> 0 | E7: =SUM('Page 4'!H43) -> 60 | F7: =SUM('Page 4'!H59) -> 0 | G7: =SUM('Page 4'!H76) -> 250 | H7: =SUM('Page 4'!H93) -> 0 | I7: =SUM('Page 4'!H110) -> 0 | J7: =SUM('Page 4'!H127) -> 0 | K7: =SUM(C7:J7) -> 310
A8: 4 | B8: 11- देशातंर्गत प्रवास खर्च | C8: =SUM('Page 4'!H10) -> 0 | D8: =SUM('Page 4'!H27) -> 0 | E8: =SUM('Page 4'!H44) -> 60 | F8: =SUM('Page 4'!H60) -> 5 | G8: =SUM('Page 4'!H77) -> 280 | H8: =SUM('Page 4'!H94) -> 10 | I8: =SUM('Page 4'!H111) -> 30 | J8: =SUM('Page 4'!H128) -> 0 | K8: =SUM(C8:J8) -> 385
A9: 5 | B9: 13- कार्यालयीन खर्च | C9: =SUM('Page 4'!H11) -> 0 | D9: =SUM('Page 4'!H28) -> 0 | E9: =SUM('Page 4'!H45) -> 61 | F9: =SUM('Page 4'!H61) -> 50 | G9: =SUM('Page 4'!H78) -> 400 | H9: =SUM('Page 4'!H95) -> 50 | I9: =SUM('Page 4'!H112) -> 40 | J9: =SUM('Page 4'!H129) -> 0 | K9: =SUM(C9:J9) -> 601
A10: 6 | B10: 14-भाडेपट्टी व कर | C10: =SUM('Page 4'!H12) -> 0 | D10: =SUM('Page 4'!H29) -> 0 | E10: =SUM('Page 4'!H46) -> 0 | F10: =SUM('Page 4'!H62) -> 0 | G10: =SUM('Page 4'!H79) -> 0 | H10: =SUM('Page 4'!H96) -> 0 | I10: =SUM('Page 4'!H113) -> 0 | J10: =SUM('Page 4'!H130) -> 0 | K10: =SUM(C10:J10) -> 0
A11: 8 | B11: 17- संगणक खर्च | C11: =SUM('Page 4'!H13) -> 0 | D11: =SUM('Page 4'!H30) -> 0 | E11: =SUM('Page 4'!H47) -> 70 | F11: =SUM('Page 4'!H63) -> 15 | G11: =SUM('Page 4'!H80) -> 150 | H11: =SUM('Page 4'!H97) -> 20 | I11: =SUM('Page 4'!H114) -> 0 | J11: =SUM('Page 4'!H131) -> 0 | K11: =SUM(C11:J11) -> 255
A12: 9 | B12: 26- जाहीरात व प्रसिध्दी खर्च | C12: =SUM('Page 4'!H14) -> 0 | D12: =SUM('Page 4'!H31) -> 0 | E12: =SUM('Page 4'!H48) -> 0 | F12: =SUM('Page 4'!H64) -> 0 | G12: =SUM('Page 4'!H81) -> 0 | H12: =SUM('Page 4'!H98) -> 0 | I12: =SUM('Page 4'!H115) -> 0 | J12: =SUM('Page 4'!H132) -> 0 | K12: =SUM(C12:J12) -> 0
A13: 10 | B13: 51-मोटार वाहने | C13: =SUM('Page 4'!H15) -> 0 | D13: =SUM('Page 4'!H32) -> 0 | E13: =SUM('Page 4'!H49) -> 0 | F13: =SUM('Page 4'!H65) -> 0 | G13: =SUM('Page 4'!H82) -> 0 | H13: =SUM('Page 4'!H99) -> 0 | I13: =SUM('Page 4'!H116) -> 0 | J13: =SUM('Page 4'!H133) -> 0 | K13: =SUM(C13:J13) -> 0
A14: एकूण | C14: =SUM(C5:C13) -> 0 | D14: =SUM(D5:D13) -> 0 | E14: =SUM(E5:E13) -> 1839 | F14: =SUM(F5:F13) -> 2500 | G14: =SUM(G5:G13) -> 10773 | H14: =SUM(H5:H13) -> 2840 | I14: =SUM(I5:I13) -> 602 | J14: =SUM(J5:J13) -> 0 | K14: =SUM(K5:K13) -> 18554
A16: प्रपत्र - अ - अर्थसंकल्पीय अंदाजपत्रक सन 2018-2019
A17: मागणी क्र.सी-1- लेखाशिर्ष : 20290262
A18: (आकडे हजारात)
A19: अ. क्र. | B19: उपलेखाशिर्ष | C19: मुंबई शहर | D19: मुंबई उपनगर | E19: ठाणे | F19: पालघर | G19: रायगड | H19: रत्नागिरी | I19: सिंधुदुर्ग | J19: मा.उप आयुक्त (सा.प्र.) | K19: एकूण
A20: 1 | B20: 01- वेतन | C20: =SUM((C5/K5)*100) -> 0 | D20: =SUM((D5/K5)*100) -> 0 | E20: =SUM((E5/K5)*100) -> 9.3395283 | F20: =SUM((F5/K5)*100) -> 14.291596 | G20: =SUM((G5/K5)*100) -> 57.007587 | H20: =SUM((H5/K5)*100) -> 16.23243 | I20: =SUM((I5/K5)*100) -> 3.1288596 | J20: =SUM((J5/K5)*100) -> 0 | K20: 11845 | L20: =SUM(C20:J20) -> 100
A21: 2 | B21: 03- अति.भत्ता | C21: =SUM((C6/K6)*100) -> #DIV/0! | D21: =SUM((D6/K6)*100) -> #DIV/0! | E21: =SUM((E6/K6)*100) -> #DIV/0! | F21: =SUM((F6/K6)*100) -> #DIV/0! | G21: =SUM((G6/K6)*100) -> #DIV/0! | H21: =SUM((H6/K6)*100) -> #DIV/0! | I21: =SUM((I6/K6)*100) -> #DIV/0! | J21: =SUM((J6/K6)*100) -> #DIV/0! | K21: 0 | L21: =SUM(C21:J21) -> #DIV/0!
A22: 3 | B22: 06- दूरध्वनी वीज,पाणी व शुल्क | C22: =SUM((C7/K7)*100) -> 0 | D22: =SUM((D7/K7)*100) -> 0 | E22: =SUM((E7/K7)*100) -> 19.354839 | F22: =SUM((F7/K7)*100) -> 0 | G22: =SUM((G7/K7)*100) -> 80.645161 | H22: =SUM((H7/K7)*100) -> 0 | I22: =SUM((I7/K7)*100) -> 0 | J22: =SUM((J7/K7)*100) -> 0 | K22: 330 | L22: =SUM(C22:J22) -> 100
A23: 4 | B23: 11- देशातंर्गत प्रवास खर्च | C23: =SUM((C8/K8)*100) -> 0 | D23: =SUM((D8/K8)*100) -> 0 | E23: =SUM((E8/K8)*100) -> 15.584416 | F23: =SUM((F8/K8)*100) -> 1.2987013 | G23: =SUM((G8/K8)*100) -> 72.727273 | H23: =SUM((H8/K8)*100) -> 2.5974026 | I23: =SUM((I8/K8)*100) -> 7.7922078 | J23: =SUM((J8/K8)*100) -> 0 | K23: 420 | L23: =SUM(C23:J23) -> 100
A24: 5 | B24: 13- कार्यालयीन खर्च | C24: =SUM((C9/K9)*100) -> 0 | D24: =SUM((D9/K9)*100) -> 0 | E24: =SUM((E9/K9)*100) -> 10.14975 | F24: =SUM((F9/K9)*100) -> 8.3194676 | G24: =SUM((G9/K9)*100) -> 66.55574 | H24: =SUM((H9/K9)*100) -> 8.3194676 | I24: =SUM((I9/K9)*100) -> 6.655574 | J24: =SUM((J9/K9)*100) -> 0 | K24: 650 | L24: =SUM(C24:J24) -> 100
A25: 6 | B25: 14-भाडेपट्टी व कर | C25: =SUM((C10/K10)*100) -> #DIV/0! | D25: =SUM((D10/K10)*100) -> #DIV/0! | E25: =SUM((E10/K10)*100) -> #DIV/0! | F25: =SUM((F10/K10)*100) -> #DIV/0! | G25: =SUM((G10/K10)*100) -> #DIV/0! | H25: =SUM((H10/K10)*100) -> #DIV/0! | I25: =SUM((I10/K10)*100) -> #DIV/0! | J25: =SUM((J10/K10)*100) -> #DIV/0! | K25: 0 | L25: =SUM(C25:J25) -> #DIV/0!
A26: 7 | B26: 17- संगणक खर्च | C26: =SUM((C11/K11)*100) -> 0 | D26: =SUM((D11/K11)*100) -> 0 | E26: =SUM((E11/K11)*100) -> 27.45098 | F26: =SUM((F11/K11)*100) -> 5.8823529 | G26: =SUM((G11/K11)*100) -> 58.823529 | H26: =SUM((H11/K11)*100) -> 7.8431373 | I26: =SUM((I11/K11)*100) -> 0 | J26: =SUM((J11/K11)*100) -> 0 | K26: 280 | L26: =SUM(C26:J26) -> 100
A27: 8 | B27: 26- जाहीरात व प्रसिध्दी खर्च | C27: =SUM((C12/K12)*100) -> #DIV/0! | D27: =SUM((D12/K12)*100) -> #DIV/0! | E27: =SUM((E12/K12)*100) -> #DIV/0! | F27: =SUM((F12/K12)*100) -> #DIV/0! | G27: =SUM((G12/K12)*100) -> #DIV/0! | H27: =SUM((H12/K12)*100) -> #DIV/0! | I27: =SUM((I12/K12)*100) -> #DIV/0! | J27: =SUM((J12/K12)*100) -> #DIV/0! | K27: 0 | L27: =SUM(C27:J27) -> #DIV/0!
A28: 9 | B28: 51-मोटार वाहने | C28: =SUM((C13/K13)*100) -> #DIV/0! | D28: =SUM((D13/K13)*100) -> #DIV/0! | E28: =SUM((E13/K13)*100) -> #DIV/0! | F28: =SUM((F13/K13)*100) -> #DIV/0! | G28: =SUM((G13/K13)*100) -> #DIV/0! | H28: =SUM((H13/K13)*100) -> #DIV/0! | I28: =SUM((I13/K13)*100) -> #DIV/0! | J28: =SUM((J13/K13)*100) -> #DIV/0! | K28: 0 | L28: =SUM(C28:J28) -> #DIV/0!
A29: एकूण | C29: =SUM((C14/K14)*100) -> 0 | D29: =SUM((D14/K14)*100) -> 0 | E29: =SUM((E14/K14)*100) -> 9.9116094 | F29: =SUM((F14/K14)*100) -> 13.474183 | G29: =SUM((G14/K14)*100) -> 58.062951 | H29: =SUM((H14/K14)*100) -> 15.306672 | I29: =SUM((I14/K14)*100) -> 3.2445834 | J29: =SUM((J14/K14)*100) -> 0 | K29: =SUM(K20:K28) -> 13525 | L29: =SUM(C29:J29) -> 100
