Workbook

Sheet Page 1
A1: अर्थसंकल्पीय अंदाजपत्रक सन 2026-2027 (प्रपत्र ड)
A2: मागणी क्र.सी- 1- लेखाशिर्ष 20530313
A3: जिल्हा मुंबई शहर | O3: (आकडे हजारात)
A4: अ. क्र. | B4: वर्ग | C4: पद | D4: मंजूर पदे | E4: मंजूर पदे | F4: विशेष वेतन | G4: मुळ वेतन | H4: ग्रेड वेतन | I4: एकूण | J4: महागाई भत्ता 70% | K4: स्थानिक पुरक भत्ता | L4: घर भाडे भत्ता | M4: वाहन भत्ता/ कायम प्रवास भत्ता | N4: धूलाई भत्ता | O4: रोख भत्ता | P4: चप्पल भत्ता/ इतर | Q4: एकूण
D5: 2025-26 | E5: 2026-27
C6: स्थायी
A7: 1 | B7: वर्ग-3 | C7: तलाठी | D7: 0 | E7: 0 | F7: 0 | G7: 0 | H7: 0 | I7: =SUM(G7:H7) -> 0 | J7: =ROUND(I7*1.6,0) -> 0 | K7: 0 | L7: 0 | M7: 0 | N7: 0 | O7: 0 | P7: 0 | Q7: =SUM(F7+I7+J7+K7+L7+M7+N7+O7+P7) -> 0
A8: 2 | B8: वर्ग-4 | C8: कोतवाल | D8: 0 | E8: 0 | F8: 0 | G8: 0 | H8: 0 | I8: =SUM(G8:H8) -> 0 | J8: 0 | K8: 0 | L8: 0 | M8: 0 | N8: 0 | O8: 0 | P8: 0 | Q8: =SUM(F8+I8+J8+K8+L8+M8+N8+O8+P8) -> 0
A9: -- | B9: -- | C9: एकूण | D9: =SUM(D7:D8) -> 0 | E9: =SUM(E7:E8) -> 0 | F9: =SUM(F7:F8) -> 0 | G9: =SUM(G7:G8) -> 0 | H9: =SUM(H7:H8) -> 0 | I9: =SUM(I7:I8) -> 0 | J9: =SUM(J7:J8) -> 0 | K9: =SUM(K7:K8) -> 0 | ... Q9: =SUM(Q7:Q8) -> 0
A11: अर्थसंकल्पीय अंदाजपत्रक सन 2026-2027 (प्रपत्र ड)
A12: मागणी क्र.सी- 1- लेखाशिर्ष 20530313
A13: जिल्हा मुंबई शहर | O13: (आकडे हजारात)
A14: अ. क्र. | B14: वर्ग | C14: पद | D14: मंजूर पदे | E14: मंजूर पदे | F14: विशेष वेतन | G14: मुळ वेतन | H14: ग्रेड वेतन | I14: एकूण | J14: महागाई भत्ता 70% | K14: स्थानिक पुरक भत्ता | L14: घर भाडे भत्ता | M14: वाहन भत्ता/ कायम प्रवास भत्ता | N14: धूलाई भत्ता | O14: रोख भत्ता | P14: चप्पल भत्ता/ इतर | Q14: एकूण
D15: 2025-26 | E15: 2026-27
C16: अस्थायी
A17: 1 | B17: वर्ग-3 | C17: तलाठी | D17: 19 | E17: 19 | F17: 0 | G17: 6402 | H17: 0 | I17: =SUM(G17:H17) -> 6402 | J17: 4482 | K17: 46 | L17: 1920 | M17: 616 | N17: 0 | O17: 0 | P17: 285 | Q17: =SUM(F17+I17+J17+K17+L17+M17+N17+O17+P17) -> 13751
A18: 2 | B18: वर्ग-4 | C18: कोतवाल | D18: 0 | E18: 0 | F18: 0 | G18: 0 | H18: 0 | I18: =SUM(G18:H18) -> 0 | J18: 0 | K18: 0 | L18: 0 | M18: 0 | N18: 0 | O18: 0 | P18: 0 | Q18: =SUM(F18+I18+J18+K18+L18+M18+N18+O18+P18) -> 0
A19: -- | B19: -- | C19: एकूण | D19: =SUM(D17:D18) -> 19 | E19: =SUM(E17:E18) -> 19 | F19: =SUM(F17:F18) -> 0 | G19: =SUM(G17:G18) -> 6402 | H19: =SUM(H17:H18) -> 0 | I19: =SUM(I17:I18) -> 6402 | J19: =SUM(J17:J18) -> 4482 | K19: =SUM(K17:K18) -> 46 | ... Q19: =SUM(Q17:Q18) -> 13751
A21: अर्थसंकल्पीय अंदाजपत्रक सन 2026-2027 (प्रपत्र ड)
A22: मागणी क्र.सी- 1- लेखाशिर्ष 20530313
A23: जिल्हा मुंबई उपनगर | O23: (आकडे हजारात)
A24: अ. क्र. | B24: वर्ग | C24: पद | D24: मंजूर पदे | E24: मंजूर पदे | F24: विशेष वेतन | G24: मुळ वेतन | H24: ग्रेड वेतन | I24: एकूण | J24: महागाई भत्ता 70% | K24: स्थानिक पुरक भत्ता | L24: घर भाडे भत्ता | M24: वाहन भत्ता/ कायम प्रवास भत्ता | N24: धूलाई भत्ता | O24: रोख भत्ता | P24: चप्पल भत्ता/ इतर | Q24: एकूण
D25: 2025-26 | E25: 2026-27
C26: स्थायी
A27: 1 | B27: वर्ग-3 | C27: तलाठी | D27: 18 | E27: 18 | F27: 0 | G27: 10815 | H27: 0 | I27: =SUM(G27:H27) -> 10815 | J27: =ROUND(I27*0.7,0) -> 7571 | K27: 62 | L27: 3245 | M27: 769 | N27: 0 | O27: 0 | P27: 141 | Q27: =SUM(F27+I27+J27+K27+L27+M27+N27+O27+P27) -> 22603
A28: 2 | B28: वर्ग-4 | C28: कोतवाल | D28: 41 | E28: 41 | F28: 0 | G28: 9401 | H28: 0 | I28: =SUM(G28:H28) -> 9401 | J28: 0 | K28: 0 | L28: 0 | M28: 0 | N28: 0 | O28: 0 | P28: 0 | Q28: =SUM(F28+I28+J28+K28+L28+M28+N28+O28+P28) -> 9401
A29: -- | B29: -- | C29: एकूण | D29: =SUM(D27:D28) -> 59 | E29: =SUM(E27:E28) -> 59 | F29: =SUM(F27:F28) -> 0 | G29: =SUM(G27:G28) -> 20216 | H29: =SUM(H27:H28) -> 0 | I29: =SUM(I27:I28) -> 20216 | J29: =SUM(J27:J28) -> 7571 | K29: =SUM(K27:K28) -> 62 | ... Q29: =SUM(Q27:Q28) -> 32004
A31: अर्थसंकल्पीय अंदाजपत्रक सन 2026-2027 (प्रपत्र ड)
A32: मागणी क्र.सी- 1- लेखाशिर्ष 20530313
A33: जिल्हा मुंबई उपनगर | O33: (आकडे हजारात)
A34: अ. क्र. | B34: वर्ग | C34: पद | D34: मंजूर पदे | E34: मंजूर पदे | F34: विशेष वेतन | G34: मुळ वेतन | H34: ग्रेड वेतन | I34: एकूण | J34: महागाई भत्ता 70% | K34: स्थानिक पुरक भत्ता | L34: घर भाडे भत्ता | M34: वाहन भत्ता/ कायम प्रवास भत्ता | N34: धूलाई भत्ता | O34: रोख भत्ता | P34: चप्पल भत्ता/ इतर | Q34: एकूण
D35: 2025-26 | E35: 2026-27
C36: अस्थायी
A37: 1 | B37: वर्ग-3 | C37: तलाठी | D37: 68 | E37: 68 | F37: 0 | G37: 42708 | H37: 0 | I37: =SUM(G37:H37) -> 42708 | J37: =ROUND(I37*0.7,0) -> 29896 | K37: 186 | L37: 12812 | M37: 3066 | P37: 333 | Q37: =SUM(F37+I37+J37+K37+L37+M37+N37+O37+P37) -> 89001
A38: 2 | B38: वर्ग-4 | C38: कोतवाल | D38: 0 | E38: 0 | F38: 0 | G38: 0 | H38: 0 | I38: =SUM(G38:H38) -> 0 | J38: 0 | K38: 0 | L38: 0 | M38: 0 | N38: 0 | O38: 0 | P38: 0 | Q38: =SUM(F38+I38+J38+K38+L38+M38+N38+O38+P38) -> 0
A39: -- | B39: -- | C39: एकूण | D39: =SUM(D37:D38) -> 68 | E39: =SUM(E37:E38) -> 68 | F39: =SUM(F37:F38) -> 0 | G39: =SUM(G37:G38) -> 42708 | H39: =SUM(H37:H38) -> 0 | I39: =SUM(I37:I38) -> 42708 | J39: =SUM(J37:J38) -> 29896 | K39: =SUM(K37:K38) -> 186 | ... Q39: =SUM(Q37:Q38) -> 89001
A41: अर्थसंकल्पीय अंदाजपत्रक सन 2026-2027 (प्रपत्र ड)
A42: मागणी क्र.सी- 1- लेखाशिर्ष 20530313
A43: जिल्हा ठाणे | O43: (आकडे हजारात)
A44: अ. क्र. | B44: वर्ग | C44: पद | D44: मंजूर पदे | E44: मंजूर पदे | F44: विशेष वेतन | G44: मुळ वेतन | H44: ग्रेड वेतन | I44: एकूण | J44: महागाई भत्ता 70% | K44: स्थानिक पुरक भत्ता | L44: घर भाडे भत्ता | M44: वाहन भत्ता/ कायम प्रवास भत्ता | N44: धूलाई भत्ता | O44: रोख भत्ता | P44: चप्पल भत्ता/ इतर | Q44: एकूण
D45: 2025-26 | E45: 2026-27
C46: स्थायी
A47: 1 | B47: वर्ग-3 | C47: तलाठी | D47: 137 | E47: 137 | F47: 0 | G47: 59260 | H47: 0 | I47: =SUM(G47:H47) -> 59260 | J47: =ROUND(I47*0.7,0) -> 41482 | K47: 493 | L47: 11986 | M47: 3062 | O47: 0 | P47: 2096 | Q47: =SUM(F47+I47+J47+K47+L47+M47+N47+O47+P47) -> 118379 | R47: dooone
A48: 2 | B48: वर्ग-4 | C48: कोतवाल | D48: 155 | E48: 155 | F48: 0 | G48: 27900 | H48: 0 | I48: =SUM(G48:H48) -> 27900 | J48: 0 | K48: 0 | L48: 0 | M48: 0 | N48: 0 | O48: 0 | P48: 223 | Q48: =SUM(F48+I48+J48+K48+L48+M48+N48+O48+P48) -> 28123
A49: -- | B49: -- | C49: एकूण | D49: =SUM(D47:D48) -> 292 | E49: =SUM(E47:E48) -> 292 | F49: =SUM(F47:F48) -> 0 | G49: =SUM(G47:G48) -> 87160 | H49: =SUM(H47:H48) -> 0 | I49: =SUM(I47:I48) -> 87160 | J49: =SUM(J47:J48) -> 41482 | K49: =SUM(K47:K48) -> 493 | ... Q49: =SUM(Q47:Q48) -> 146502
A51: अर्थसंकल्पीय अंदाजपत्रक सन 2026-2027 (प्रपत्र ड)
A52: मागणी क्र.सी- 1- लेखाशिर्ष 20530313
A53: जिल्हा ठाणे | O53: (आकडे हजारात)
A54: अ. क्र. | B54: वर्ग | C54: पद | D54: मंजूर पदे | E54: मंजूर पदे | F54: विशेष वेतन | G54: मुळ वेतन | H54: ग्रेड वेतन | I54: एकूण | J54: महागाई भत्ता 70% | K54: स्थानिक पुरक भत्ता | L54: घर भाडे भत्ता | M54: वाहन भत्ता/ कायम प्रवास भत्ता | N54: धूलाई भत्ता | O54: रोख भत्ता | P54: चप्पल भत्ता/ इतर | Q54: एकूण
D55: 2025-26 | E55: 2026-27
C56: अस्थायी
A57: 1 | B57: वर्ग-3 | C57: तलाठी | D57: 131 | E57: 131 | F57: 0 | G57: 58269 | H57: 0 | I57: =SUM(G57:H57) -> 58269 | J57: =ROUND(I57*0.7,0) -> 40788 | K57: 418 | L57: 10982 | M57: 3013 | N57: 0 | O57: 0 | P57: 2004 | Q57: =SUM(F57+I57+J57+K57+L57+M57+N57+O57+P57) -> 115474
A58: 2 | B58: वर्ग-4 | C58: कोतवाल | D58: 0 | E58: 0 | F58: 0 | G58: 0 | H58: 0 | I58: =SUM(G58:H58) -> 0 | J58: 0 | K58: 0 | L58: 0 | M58: 0 | N58: 0 | O58: 0 | P58: 0 | Q58: =SUM(F58+I58+J58+K58+L58+M58+N58+O58+P58) -> 0
A59: -- | B59: -- | C59: एकूण | D59: =SUM(D57:D58) -> 131 | E59: =SUM(E57:E58) -> 131 | F59: =SUM(F57:F58) -> 0 | G59: =SUM(G57:G58) -> 58269 | H59: =SUM(H57:H58) -> 0 | I59: =SUM(I57:I58) -> 58269 | J59: =SUM(J57:J58) -> 40788 | K59: =SUM(K57:K58) -> 418 | ... Q59: =SUM(Q57:Q58) -> 115474
A61: अर्थसंकल्पीय अंदाजपत्रक सन 2026-2027 (प्रपत्र ड)
A62: मागणी क्र.सी- 1- लेखाशिर्ष 20530313
A63: जिल्हा पालघर | O63: (आकडे हजारात)
A64: अ. क्र. | B64: वर्ग | C64: पद | D64: मंजूर पदे | E64: मंजूर पदे | F64: विशेष वेतन | G64: मुळ वेतन | H64: ग्रेड वेतन | I64: एकूण | J64: महागाई भत्ता 70% | K64: स्थानिक पुरक भत्ता | L64: घर भाडे भत्ता | M64: वाहन भत्ता/ कायम प्रवास भत्ता | N64: धूलाई भत्ता | O64: रोख भत्ता | P64: चप्पल भत्ता/ इतर | Q64: एकूण
D65: 2025-26 | E65: 2026-27
C66: स्थायी
A67: 1 | B67: वर्ग-3 | C67: तलाठी | D67: 127 | E67: 127 | F67: 0 | G67: 76410 | H67: 0 | I67: =SUM(G67:H67) -> 76410 | J67: =ROUND(I67*0.7,0) -> 53487 | K67: 1341 | L67: 7641 | M67: 2057 | N67: 1943 | O67: 1029 | P67: 153 | Q67: =SUM(F67+I67+J67+K67+L67+M67+N67+O67+P67) -> 144061
A68: 2 | B68: वर्ग-4 | C68: कोतवाल | D68: 178 | E68: 178 | F68: 0 | G68: 32040 | H68: 0 | I68: =SUM(G68:H68) -> 32040 | J68: 0 | K68: 0 | L68: 0 | M68: 0 | N68: 0 | O68: 0 | Q68: =SUM(F68+I68+J68+K68+L68+M68+N68+O68+P68) -> 32040
A69: -- | B69: -- | C69: एकूण | D69: =SUM(D67:D68) -> 305 | E69: =SUM(E67:E68) -> 305 | F69: =SUM(F67:F68) -> 0 | G69: =SUM(G67:G68) -> 108450 | H69: =SUM(H67:H68) -> 0 | I69: =SUM(I67:I68) -> 108450 | J69: =SUM(J67:J68) -> 53487 | K69: =SUM(K67:K68) -> 1341 | ... Q69: =SUM(Q67:Q68) -> 176101
A71: अर्थसंकल्पीय अंदाजपत्रक सन 2026-2027 (प्रपत्र ड)
A72: मागणी क्र.सी- 1- लेखाशिर्ष 20530313
A73: जिल्हा पालघर | O73: (आकडे हजारात)
A74: अ. क्र. | B74: वर्ग | C74: पद | D74: मंजूर पदे | E74: मंजूर पदे | F74: विशेष वेतन | G74: मुळ वेतन | H74: ग्रेड वेतन | I74: एकूण | J74: महागाई भत्ता 70% | K74: स्थानिक पुरक भत्ता | L74: घर भाडे भत्ता | M74: वाहन भत्ता/ कायम प्रवास भत्ता | N74: धूलाई भत्ता | O74: रोख भत्ता | P74: चप्पल भत्ता/ इतर | Q74: एकूण
D75: 2025-26 | E75: 2026-27
C76: अस्थायी
A77: 1 | B77: वर्ग-3 | C77: तलाठी | D77: 141 | E77: 141 | F77: 0 | G77: 92831 | H77: 0 | I77: =SUM(G77:H77) -> 92831 | J77: =ROUND(I77*0.7,0) -> 64982 | K77: 1489 | L77: 9283 | M77: 2284 | N77: 2157 | O77: 1058 | P77: 169 | Q77: =SUM(F77+I77+J77+K77+L77+M77+N77+O77+P77) -> 174253
A78: 2 | B78: वर्ग-4 | C78: कोतवाल | D78: 0 | E78: 0 | F78: 0 | G78: 0 | H78: 0 | I78: =SUM(G78:H78) -> 0 | J78: 0 | K78: 0 | L78: 0 | M78: 0 | N78: 0 | O78: 0 | P78: 0 | Q78: =SUM(F78+I78+J78+K78+L78+M78+N78+O78+P78) -> 0
A79: -- | B79: -- | C79: एकूण | D79: =SUM(D77:D78) -> 141 | E79: =SUM(E77:E78) -> 141 | F79: =SUM(F77:F78) -> 0 | G79: =SUM(G77:G78) -> 92831 | H79: =SUM(H77:H78) -> 0 | I79: =SUM(I77:I78) -> 92831 | J79: =SUM(J77:J78) -> 64982 | K79: =SUM(K77:K78) -> 1489 | ... Q79: =SUM(Q77:Q78) -> 174253
A81: अर्थसंकल्पीय अंदाजपत्रक सन 2026-2027 (प्रपत्र ड)
A82: मागणी क्र.सी- 1- लेखाशिर्ष 20530313
A83: जिल्हा रायगड | O83: (आकडे हजारात)
A84: अ. क्र. | B84: वर्ग | C84: पद | D84: मंजूर पदे | E84: मंजूर पदे | F84: विशेष वेतन | G84: मुळ वेतन | H84: ग्रेड वेतन | I84: एकूण | J84: महागाई भत्ता 70% | K84: स्थानिक पुरक भत्ता | L84: घर भाडे भत्ता | M84: वाहन भत्ता/ कायम प्रवास भत्ता | N84: धूलाई भत्ता | O84: रोख भत्ता | P84: चप्पल भत्ता/ इतर | Q84: एकूण
D85: 2025-26 | E85: 2026-27
C86: स्थायी
A87: 1 | B87: वर्ग-3 | C87: तलाठी | D87: 259 | E87: 259 | F87: 0 | G87: 102286 | H87: 0 | I87: =SUM(G87:H87) -> 102286 | J87: =ROUND(I87*0.7,0) -> 71600 | K87: 289 | L87: 13500 | M87: 3963 | N87: 0 | O87: 0 | P87: 4779 | Q87: =SUM(F87+I87+J87+K87+L87+M87+N87+O87+P87) -> 196417 | R87: dooone
A88: 2 | B88: वर्ग-4 | C88: कोतवाल | D88: 351 | E88: 351 | F88: 0 | G88: 63180 | H88: 0 | I88: =SUM(G88:H88) -> 63180 | J88: 0 | K88: 0 | L88: 0 | M88: 0 | N88: 0 | O88: 0 | P88: 43 | Q88: =SUM(F88+I88+J88+K88+L88+M88+N88+O88+P88) -> 63223
A89: -- | B89: -- | C89: एकूण | D89: =SUM(D87:D88) -> 610 | E89: =SUM(E87:E88) -> 610 | F89: =SUM(F87:F88) -> 0 | G89: =SUM(G87:G88) -> 165466 | H89: =SUM(H87:H88) -> 0 | I89: =SUM(I87:I88) -> 165466 | J89: =SUM(J87:J88) -> 71600 | K89: =SUM(K87:K88) -> 289 | ... Q89: =SUM(Q87:Q88) -> 259640
A91: अर्थसंकल्पीय अंदाजपत्रक सन 2026-2027 (प्रपत्र ड)
A92: मागणी क्र.सी- 1- लेखाशिर्ष 20530313
A93: जिल्हा रायगड | O93: (आकडे हजारात)
A94: अ. क्र. | B94: वर्ग | C94: पद | D94: मंजूर पदे | E94: मंजूर पदे | F94: विशेष वेतन | G94: मुळ वेतन | H94: ग्रेड वेतन | I94: एकूण | J94: महागाई भत्ता 70% | K94: स्थानिक पुरक भत्ता | L94: घर भाडे भत्ता | M94: वाहन भत्ता/ कायम प्रवास भत्ता | N94: धूलाई भत्ता | O94: रोख भत्ता | P94: चप्पल भत्ता/ इतर | Q94: एकूण
D95: 2025-26 | E95: 2026-27
C96: अस्थायी
A97: 1 | B97: वर्ग-3 | C97: तलाठी | D97: 249 | E97: 249 | F97: 0 | G97: 91776 | H97: 0 | I97: =SUM(G97:H97) -> 91776 | J97: =ROUND(I97*0.7,0) -> 64243 | K97: 275 | L97: 12384 | M97: 3657 | N97: 0 | O97: 0 | P97: 4244 | Q97: =SUM(F97+I97+J97+K97+L97+M97+N97+O97+P97) -> 176579
A98: 2 | B98: वर्ग-4 | C98: कोतवाल | D98: 0 | E98: 0 | F98: 0 | G98: 0 | H98: 0 | I98: =SUM(G98:H98) -> 0 | J98: 0 | K98: 0 | L98: 0 | M98: 0 | N98: 0 | O98: 0 | P98: 0 | Q98: =SUM(F98+I98+J98+K98+L98+M98+N98+O98+P98) -> 0
A99: -- | B99: -- | C99: एकूण | D99: =SUM(D97:D98) -> 249 | E99: =SUM(E97:E98) -> 249 | F99: =SUM(F97:F98) -> 0 | G99: =SUM(G97:G98) -> 91776 | H99: =SUM(H97:H98) -> 0 | I99: =SUM(I97:I98) -> 91776 | J99: =SUM(J97:J98) -> 64243 | K99: =SUM(K97:K98) -> 275 | ... Q99: =SUM(Q97:Q98) -> 176579
A101: अर्थसंकल्पीय अंदाजपत्रक सन 2026-2027 (प्रपत्र ड)
A102: मागणी क्र.सी- 1- लेखाशिर्ष 20530313
A103: जिल्हा रत्नागिरी | O103: (आकडे हजारात)
A104: अ. क्र. | B104: वर्ग | C104: पद | D104: मंजूर पदे | E104: मंजूर पदे | F104: विशेष वेतन | G104: मुळ वेतन | H104: ग्रेड वेतन | I104: एकूण | J104: महागाई भत्ता 70% | K104: स्थानिक पुरक भत्ता | L104: घर भाडे भत्ता | M104: वाहन भत्ता/ कायम प्रवास भत्ता | N104: धूलाई भत्ता | O104: रोख भत्ता | P104: चप्पल भत्ता/ इतर | Q104: एकूण
D105: 2025-26 | E105: 2026-27
C106: स्थायी
A107: 1 | B107: वर्ग-3 | C107: तलाठी | D107: 307 | E107: 307 | F107: 0 | G107: 144955 | H107: 0 | I107: =SUM(G107:H107) -> 144955 | J107: =ROUND(I107*0.7,0) -> 101469 | K107: 5066 | L107: 14496 | M107: 4973 | N107: 0 | O107: 0 | P107: 0 | Q107: =SUM(F107+I107+J107+K107+L107+M107+N107+O107+P107) -> 270959
A108: 2 | B108: वर्ग-4 | C108: कोतवाल | D108: 394 | E108: 394 | F108: 0 | G108: 70920 | H108: 0 | I108: =SUM(G108:H108) -> 70920 | J108: 0 | K108: 0 | L108: 0 | M108: 0 | N108: 0 | O108: 0 | P108: 2443 | Q108: =SUM(F108+I108+J108+K108+L108+M108+N108+O108+P108) -> 73363
A109: -- | B109: -- | C109: एकूण | D109: =SUM(D107:D108) -> 701 | E109: =SUM(E107:E108) -> 701 | F109: =SUM(F107:F108) -> 0 | G109: =SUM(G107:G108) -> 215875 | H109: =SUM(H107:H108) -> 0 | I109: =SUM(I107:I108) -> 215875 | J109: =SUM(J107:J108) -> 101469 | K109: =SUM(K107:K108) -> 5066 | ... Q109: =SUM(Q107:Q108) -> 344322
A111: अर्थसंकल्पीय अंदाजपत्रक सन 2026-2027 (प्रपत्र ड)
...

Sheet Page 2
A1: अर्थसंकल्पीय अंदाजपत्रक सन 2026-2027 (प्रपत्र क)
A2: मागणी क्र.सी- 1- लेखाशिर्ष 20530313
A3: (आकडे हजारात)
A4: जिल्हा | B4: स्थायी पदे
C5: भरलेली पदे | G5: रिक्त पदे | K5: एकूण
A6: मुंबई शहर | B6: वर्ग | C6: वर्ग-1 व 2 | D6: वर्ग-3 | E6: वर्ग-4 | F6: एकूण | G6: वर्ग-1 व 2 | H6: वर्ग-3 | I6: वर्ग-4 | J6: एकूण | K6: एकूण
B7: पदे | C7: 0 | D7: 0 | E7: 0 | F7: =SUM(C7:E7) -> 0 | G7: 0 | H7: 0 | I7: 0 | J7: =SUM(G7:I7) -> 0 | K7: =SUM(J7,F7) -> 0
B8: वेतन | C8: 0 | D8: 0 | E8: 0 | F8: =SUM(C8:E8) -> 0 | G8: 0 | H8: 0 | I8: 0 | J8: =SUM(G8:I8) -> 0 | K8: =SUM(J8,F8) -> 0
B9: ग्रेड पे | C9: 0 | D9: 0 | E9: 0 | F9: =SUM(C9:E9) -> 0 | G9: 0 | H9: 0 | I9: 0 | J9: =SUM(G9:I9) -> 0 | K9: =SUM(J9,F9) -> 0
B10: एकूण | C10: =SUM(C8:C9) -> 0 | D10: =SUM(D8:D9) -> 0 | E10: =SUM(E8:E9) -> 0 | F10: =SUM(C10:E10) -> 0 | G10: =SUM(G8:G9) -> 0 | H10: =SUM(H8:H9) -> 0 | I10: =SUM(I8:I9) -> 0 | J10: =SUM(J8:J9) -> 0 | K10: =SUM(K8:K9) -> 0
B11: विशेष वेतन | C11: 0 | D11: 0 | E11: 0 | F11: =SUM(C11:E11) -> 0 | G11: 0 | H11: 0 | I11: 0 | J11: =SUM(G11:I11) -> 0 | K11: =SUM(J11,F11) -> 0
B12: महा.भत्ता | C12: 0 | D12: 0 | E12: 0 | F12: =SUM(C12:E12) -> 0 | G12: 0 | H12: 0 | I12: 0 | J12: =SUM(G12:I12) -> 0 | K12: =SUM(J12,F12) -> 0
B13: स्था.पु.भ. | C13: 0 | D13: 0 | E13: 0 | F13: =SUM(C13:E13) -> 0 | G13: 0 | H13: 0 | I13: 0 | J13: =SUM(G13:I13) -> 0 | K13: =SUM(J13,F13) -> 0
B14: घरभाडे | C14: 0 | D14: 0 | E14: 0 | F14: =SUM(C14:E14) -> 0 | G14: 0 | H14: 0 | I14: 0 | J14: =SUM(G14:I14) -> 0 | K14: =SUM(J14,F14) -> 0
B15: प्रवास भत्ता/कायम प्रवास भत्ता | C15: 0 | D15: 0 | E15: 0 | F15: =SUM(C15:E15) -> 0 | G15: 0 | H15: 0 | I15: 0 | J15: =SUM(G15:I15) -> 0 | K15: =SUM(J15,F15) -> 0
B16: इतर | C16: 0 | D16: 0 | E16: 0 | F16: =SUM(C16:E16) -> 0 | G16: 0 | H16: 0 | I16: 0 | J16: =SUM(G16:I16) -> 0 | K16: =SUM(J16,F16) -> 0
B17: एकूण | C17: =SUM(C10:C16) -> 0 | D17: =SUM(D10:D16) -> 0 | E17: =SUM(E10:E16) -> 0 | F17: =SUM(F10:F16) -> 0 | G17: =SUM(G10:G16) -> 0 | H17: =SUM(H10:H16) -> 0 | I17: =SUM(I10:I16) -> 0 | J17: =SUM(J10:J16) -> 0 | K17: =SUM(K10:K16) -> 0
A19: जिल्हा | B19: अस्थायी पदे | M19: सर्व वर्ग पदे
C20: भरलेली पदे | G20: रिक्त पदे | K20: एकूण | M20: वर्ग | N20: स्थायी पदे | O20: अस्थायी पदे | P20: एकूण
A21: मुंबई शहर | B21: वर्ग | C21: वर्ग-1 व 2 | D21: वर्ग-3 | E21: वर्ग-4 | F21: एकूण | G21: वर्ग-1 व 2 | H21: वर्ग-3 | I21: वर्ग-4 | J21: एकूण | K21: एकूण | M21: पदे | N21: =K7 -> 0 | O21: =K22 -> 19 | P21: =SUM(N21:O21) -> 19
B22: पदे | C22: 0 | D22: 17 | E22: 0 | F22: =SUM(C22:E22) -> 17 | G22: 0 | H22: 2 | I22: 0 | J22: =SUM(G22:I22) -> 2 | K22: =SUM(J22,F22) -> 19 | M22: वेतन | N22: =K8 -> 0 | O22: =K23 -> 6402 | P22: =SUM(N22:O22) -> 6402
B23: वेतन | C23: 0 | D23: 5771 | E23: 0 | F23: =SUM(C23:E23) -> 5771 | G23: 0 | H23: 631 | I23: 0 | J23: =SUM(G23:I23) -> 631 | K23: =SUM(J23,F23) -> 6402 | M23: ग्रेड पे | N23: =K9 -> 0 | O23: =K24 -> 0 | P23: =SUM(N23:O23) -> 0
B24: ग्रेड पे | C24: 0 | D24: 0 | E24: 0 | F24: =SUM(C24:E24) -> 0 | G24: 0 | H24: 0 | I24: 0 | J24: =SUM(G24:I24) -> 0 | K24: =SUM(J24,F24) -> 0 | M24: एकूण | N24: =K10 -> 0 | O24: =K25 -> 6402 | P24: =SUM(N24:O24) -> 6402
B25: एकूण | C25: =SUM(C23:C24) -> 0 | D25: =SUM(D23:D24) -> 5771 | E25: =SUM(E23:E24) -> 0 | F25: =SUM(C25:E25) -> 5771 | G25: =SUM(G23:G24) -> 0 | H25: =SUM(H23:H24) -> 631 | I25: =SUM(I23:I24) -> 0 | J25: =SUM(J23:J24) -> 631 | K25: =SUM(K23:K24) -> 6402 | M25: महा.भत्ता | N25: =K12 -> 0 | O25: =K27 -> 4482 | P25: =SUM(N25:O25) -> 4482
B26: विशेष वेतन | C26: 0 | D26: 0 | E26: 0 | F26: =SUM(C26:E26) -> 0 | G26: 0 | H26: 0 | I26: 0 | J26: =SUM(G26:I26) -> 0 | K26: =SUM(J26,F26) -> 0 | M26: विशेष वेतन | N26: =$K$11 -> 0 | O26: =SUM(K26) -> 0 | P26: =SUM(N26:O26) -> 0
B27: महा.भत्ता | C27: 0 | D27: 4040 | E27: 0 | F27: =SUM(C27:E27) -> 4040 | G27: 0 | H27: 442 | I27: 0 | J27: =SUM(G27:I27) -> 442 | K27: =SUM(J27,F27) -> 4482 | M27: स्था.पु.भ. | N27: =K13 -> 0 | O27: =K28 -> 46 | P27: =SUM(N27:O27) -> 46
B28: स्था.पु.भ. | C28: 0 | D28: 41 | E28: 0 | F28: =SUM(C28:E28) -> 41 | G28: 0 | H28: 5 | I28: 0 | J28: =SUM(G28:I28) -> 5 | K28: =SUM(J28,F28) -> 46 | M28: घरभाडे | N28: =K14 -> 0 | O28: =K29 -> 1920 | P28: =SUM(N28:O28) -> 1920
B29: घरभाडे | C29: 0 | D29: 1731 | E29: 0 | F29: =SUM(C29:E29) -> 1731 | G29: 0 | H29: 189 | I29: 0 | J29: =SUM(G29:I29) -> 189 | K29: =SUM(J29,F29) -> 1920 | M29: प्रवास भत्ता/कायम प्रवास भत्ता | N29: =K15 -> 0 | O29: =K30 -> 616 | P29: =SUM(N29:O29) -> 616
B30: प्रवास भत्ता/कायम प्रवास भत्ता | C30: 0 | D30: 551 | E30: 0 | F30: =SUM(C30:E30) -> 551 | G30: 0 | H30: 65 | I30: 0 | J30: =SUM(G30:I30) -> 65 | K30: =SUM(J30,F30) -> 616 | M30: इतर | N30: =K16 -> 0 | O30: =K31 -> 285 | P30: =SUM(N30:O30) -> 285
B31: इतर | C31: 0 | D31: 255 | E31: 0 | F31: =SUM(C31:E31) -> 255 | G31: 0 | H31: 30 | I31: 0 | J31: =SUM(G31:I31) -> 30 | K31: =SUM(J31,F31) -> 285 | M31: एकूण | N31: =SUM(N24:N30) -> 0 | O31: =SUM(O24:O30) -> 13751 | P31: =SUM(P24:P30) -> 13751
B32: एकूण | C32: =SUM(C25:C31) -> 0 | D32: =SUM(D25:D31) -> 12389 | E32: =SUM(E25:E31) -> 0 | F32: =SUM(F25:F31) -> 12389 | G32: =SUM(G25:G31) -> 0 | H32: =SUM(H25:H31) -> 1362 | I32: =SUM(I25:I31) -> 0 | J32: =SUM(J25:J31) -> 1362 | K32: =SUM(K25:K31) -> 13751
A34: अर्थसंकल्पीय अंदाजपत्रक सन 2026-2027 (प्रपत्र क)
A35: मागणी क्र.सी- 1- लेखाशिर्ष 20530313
A36: (आकडे हजारात)
A37: जिल्हा | B37: स्थायी पदे
C38: भरलेली पदे | G38: रिक्त पदे | K38: एकूण
A39: मुंबई उपनगर | B39: वर्ग | C39: वर्ग-1 व 2 | D39: वर्ग-3 | E39: वर्ग-4 | F39: एकूण | G39: वर्ग-1 व 2 | H39: वर्ग-3 | I39: वर्ग-4 | J39: एकूण | K39: एकूण
B40: पदे | C40: 0 | D40: 18 | E40: 31 | F40: =SUM(C40:E40) -> 49 | G40: 0 | H40: 0 | I40: 10 | J40: =SUM(G40:I40) -> 10 | K40: =SUM(J40,F40) -> 59
B41: वेतन | C41: 0 | D41: 10815 | E41: 7601 | F41: =SUM(C41:E41) -> 18416 | G41: 0 | H41: 0 | I41: 1800 | J41: =SUM(G41:I41) -> 1800 | K41: =SUM(J41,F41) -> 20216
B42: ग्रेड पे | C42: 0 | D42: 0 | E42: 0 | F42: =SUM(C42:E42) -> 0 | G42: 0 | H42: 0 | I42: 0 | J42: =SUM(G42:I42) -> 0 | K42: =SUM(J42,F42) -> 0
B43: एकूण | C43: =SUM(C41:C42) -> 0 | D43: =SUM(D41:D42) -> 10815 | E43: =SUM(E41:E42) -> 7601 | F43: =SUM(C43:E43) -> 18416 | G43: =SUM(G41:G42) -> 0 | H43: =SUM(H41:H42) -> 0 | I43: =SUM(I41:I42) -> 1800 | J43: =SUM(J41:J42) -> 1800 | K43: =SUM(K41:K42) -> 20216
B44: विशेष वेतन | C44: 0 | D44: 0 | E44: 0 | F44: =SUM(C44:E44) -> 0 | G44: 0 | H44: 0 | I44: 0 | J44: =SUM(G44:I44) -> 0 | K44: =SUM(J44,F44) -> 0
B45: महा.भत्ता | C45: 0 | D45: 7571 | E45: 0 | F45: =SUM(C45:E45) -> 7571 | G45: 0 | H45: 0 | I45: 0 | J45: =SUM(G45:I45) -> 0 | K45: =SUM(J45,F45) -> 7571
B46: स्था.पु.भ. | C46: 0 | D46: 62 | E46: 0 | F46: =SUM(C46:E46) -> 62 | G46: 0 | H46: 0 | I46: 0 | J46: =SUM(G46:I46) -> 0 | K46: =SUM(J46,F46) -> 62
B47: घरभाडे | C47: 0 | D47: 3245 | E47: 0 | F47: =SUM(C47:E47) -> 3245 | G47: 0 | H47: 0 | I47: 0 | J47: =SUM(G47:I47) -> 0 | K47: =SUM(J47,F47) -> 3245
B48: प्रवास भत्ता/कायम प्रवास भत्ता | C48: 0 | D48: 769 | E48: 0 | F48: =SUM(C48:E48) -> 769 | G48: 0 | H48: 0 | I48: 0 | J48: =SUM(G48:I48) -> 0 | K48: =SUM(J48,F48) -> 769
B49: इतर | C49: 0 | D49: 141 | E49: 0 | F49: =SUM(C49:E49) -> 141 | G49: 0 | H49: 0 | I49: 0 | J49: =SUM(G49:I49) -> 0 | K49: =SUM(J49,F49) -> 141
B50: एकूण | C50: =SUM(C43:C49) -> 0 | D50: =SUM(D43:D49) -> 22603 | E50: =SUM(E43:E49) -> 7601 | F50: =SUM(F43:F49) -> 30204 | G50: =SUM(G43:G49) -> 0 | H50: =SUM(H43:H49) -> 0 | I50: =SUM(I43:I49) -> 1800 | J50: =SUM(J43:J49) -> 1800 | K50: =SUM(K43:K49) -> 32004
A52: जिल्हा | B52: अस्थायी पदे | M52: सर्व वर्ग पदे
C53: भरलेली पदे | G53: रिक्त पदे | K53: एकूण | M53: वर्ग | N53: स्थायी पदे | O53: अस्थायी पदे | P53: एकूण
A54: मुंबई उपनगर | B54: वर्ग | C54: वर्ग-1 व 2 | D54: वर्ग-3 | E54: वर्ग-4 | F54: एकूण | G54: वर्ग-1 व 2 | H54: वर्ग-3 | I54: वर्ग-4 | J54: एकूण | K54: एकूण | M54: पदे | N54: =K40 -> 59 | O54: =K55 -> 68 | P54: =SUM(N54:O54) -> 127
B55: पदे | C55: 0 | D55: 57 | E55: 0 | F55: =SUM(C55:E55) -> 57 | G55: 0 | H55: 11 | I55: 0 | J55: =SUM(G55:I55) -> 11 | K55: =SUM(J55,F55) -> 68 | M55: वेतन | N55: =K41 -> 20216 | O55: =K56 -> 42708 | P55: =SUM(N55:O55) -> 62924
B56: वेतन | C56: 0 | D56: 38691 | E56: 0 | F56: =SUM(C56:E56) -> 38691 | G56: 0 | H56: 4017 | I56: 0 | J56: =SUM(G56:I56) -> 4017 | K56: =SUM(J56,F56) -> 42708 | M56: ग्रेड पे | N56: =K42 -> 0 | O56: =K57 -> 0 | P56: =SUM(N56:O56) -> 0
B57: ग्रेड पे | C57: 0 | D57: 0 | E57: 0 | F57: =SUM(C57:E57) -> 0 | G57: 0 | H57: 0 | I57: 0 | J57: =SUM(G57:I57) -> 0 | K57: =SUM(J57,F57) -> 0 | M57: एकूण | N57: =K43 -> 20216 | O57: =K58 -> 42708 | P57: =SUM(N57:O57) -> 62924
B58: एकूण | C58: =SUM(C56:C57) -> 0 | D58: =SUM(D56:D57) -> 38691 | E58: =SUM(E56:E57) -> 0 | F58: =SUM(C58:E58) -> 38691 | G58: =SUM(G56:G57) -> 0 | H58: =SUM(H56:H57) -> 4017 | I58: =SUM(I56:I57) -> 0 | J58: =SUM(J56:J57) -> 4017 | K58: =SUM(K56:K57) -> 42708 | M58: महा.भत्ता | N58: =K45 -> 7571 | O58: =K60 -> 29896 | P58: =SUM(N58:O58) -> 37467
B59: विशेष वेतन | C59: 0 | D59: 0 | E59: 0 | F59: =SUM(C59:E59) -> 0 | G59: 0 | H59: 0 | I59: 0 | J59: =SUM(G59:I59) -> 0 | K59: =SUM(J59,F59) -> 0 | M59: विशेष वेतन | N59: =$K$11 -> 0 | O59: =SUM(K59) -> 0 | P59: =SUM(N59:O59) -> 0
B60: महा.भत्ता | C60: 0 | D60: 27084 | E60: 0 | F60: =SUM(C60:E60) -> 27084 | G60: 0 | H60: 2812 | I60: 0 | J60: =SUM(G60:I60) -> 2812 | K60: =SUM(J60,F60) -> 29896 | M60: स्था.पु.भ. | N60: =K46 -> 62 | O60: =K61 -> 186 | P60: =SUM(N60:O60) -> 248
B61: स्था.पु.भ. | C61: 0 | D61: 156 | E61: 0 | F61: =SUM(C61:E61) -> 156 | G61: 0 | H61: 30 | I61: 0 | J61: =SUM(G61:I61) -> 30 | K61: =SUM(J61,F61) -> 186 | M61: घरभाडे | N61: =K47 -> 3245 | O61: =K62 -> 12812 | P61: =SUM(N61:O61) -> 16057
B62: घरभाडे | C62: 0 | D62: 11607 | E62: 0 | F62: =SUM(C62:E62) -> 11607 | G62: 0 | H62: 1205 | I62: 0 | J62: =SUM(G62:I62) -> 1205 | K62: =SUM(J62,F62) -> 12812 | M62: प्रवास भत्ता/कायम प्रवास भत्ता | N62: =K48 -> 769 | O62: =K63 -> 3066 | P62: =SUM(N62:O62) -> 3835
B63: प्रवास भत्ता/कायम प्रवास भत्ता | C63: 0 | D63: 2618 | E63: 0 | F63: =SUM(C63:E63) -> 2618 | G63: 0 | H63: 448 | I63: 0 | J63: =SUM(G63:I63) -> 448 | K63: =SUM(J63,F63) -> 3066 | M63: इतर | N63: =K49 -> 141 | O63: =K64 -> 333 | P63: =SUM(N63:O63) -> 474
B64: इतर | C64: 0 | D64: 261 | E64: 0 | F64: =SUM(C64:E64) -> 261 | G64: 0 | H64: 72 | I64: 0 | J64: =SUM(G64:I64) -> 72 | K64: =SUM(J64,F64) -> 333 | M64: एकूण | N64: =SUM(N57:N63) -> 32004 | O64: =SUM(O57:O63) -> 89001 | P64: =SUM(P57:P63) -> 121005
B65: एकूण | C65: =SUM(C58:C64) -> 0 | D65: =SUM(D58:D64) -> 80417 | E65: =SUM(E58:E64) -> 0 | F65: =SUM(F58:F64) -> 80417 | G65: =SUM(G58:G64) -> 0 | H65: =SUM(H58:H64) -> 8584 | I65: =SUM(I58:I64) -> 0 | J65: =SUM(J58:J64) -> 8584 | K65: =SUM(K58:K64) -> 89001
A67: अर्थसंकल्पीय अंदाजपत्रक सन 2026-2027 (प्रपत्र क)
A68: मागणी क्र.सी- 1- लेखाशिर्ष 20530313
A69: (आकडे हजारात)
A70: जिल्हा | B70: स्थायी पदे
C71: भरलेली पदे | G71: रिक्त पदे | K71: एकूण
A72: ठाणे | B72: वर्ग | C72: वर्ग-1 व 2 | D72: वर्ग-3 | E72: वर्ग-4 | F72: एकूण | G72: वर्ग-1 व 2 | H72: वर्ग-3 | I72: वर्ग-4 | J72: एकूण | K72: एकूण
B73: पदे | C73: 0 | D73: 114 | E73: 155 | F73: =SUM(C73:E73) -> 269 | G73: 0 | H73: 23 | I73: 0 | J73: =SUM(G73:I73) -> 23 | K73: =SUM(J73,F73) -> 292
B74: वेतन | C74: 0 | D74: 49262 | E74: 27900 | F74: =SUM(C74:E74) -> 77162 | G74: 0 | H74: 9998 | I74: 0 | J74: =SUM(G74:I74) -> 9998 | K74: =SUM(J74,F74) -> 87160
B75: ग्रेड पे | C75: 0 | D75: 0 | E75: 0 | F75: =SUM(C75:E75) -> 0 | G75: 0 | H75: 0 | I75: 0 | J75: =SUM(G75:I75) -> 0 | K75: =SUM(J75,F75) -> 0
B76: एकूण | C76: =SUM(C74:C75) -> 0 | D76: =SUM(D74:D75) -> 49262 | E76: =SUM(E74:E75) -> 27900 | F76: =SUM(C76:E76) -> 77162 | G76: =SUM(G74:G75) -> 0 | H76: =SUM(H74:H75) -> 9998 | I76: =SUM(I74:I75) -> 0 | J76: =SUM(J74:J75) -> 9998 | K76: =SUM(K74:K75) -> 87160
B77: विशेष वेतन | C77: 0 | D77: 0 | E77: 0 | F77: =SUM(C77:E77) -> 0 | G77: 0 | H77: 0 | I77: 0 | J77: =SUM(G77:I77) -> 0 | K77: =SUM(J77,F77) -> 0
B78: महा.भत्ता | C78: 0 | D78: 34483 | E78: 0 | F78: =SUM(C78:E78) -> 34483 | G78: 0 | H78: 6999 | I78: 0 | J78: =SUM(G78:I78) -> 6999 | K78: =SUM(J78,F78) -> 41482
B79: स्था.पु.भ. | C79: 0 | D79: 410 | E79: 0 | F79: =SUM(C79:E79) -> 410 | G79: 0 | H79: 83 | I79: 0 | J79: =SUM(G79:I79) -> 83 | K79: =SUM(J79,F79) -> 493
B80: घरभाडे | C80: 0 | D80: 9617 | E80: 0 | F80: =SUM(C80:E80) -> 9617 | G80: 0 | H80: 2369 | I80: 0 | J80: =SUM(G80:I80) -> 2369 | K80: =SUM(J80,F80) -> 11986
B81: प्रवास भत्ता/कायम प्रवास भत्ता | C81: 0 | D81: 2446 | E81: 0 | F81: =SUM(C81:E81) -> 2446 | G81: 0 | H81: 616 | I81: 0 | J81: =SUM(G81:I81) -> 616 | K81: =SUM(J81,F81) -> 3062
B82: इतर | C82: 0 | D82: 1744 | E82: 223 | F82: =SUM(C82:E82) -> 1967 | G82: 0 | H82: 352 | I82: 0 | J82: =SUM(G82:I82) -> 352 | K82: =SUM(J82,F82) -> 2319
B83: एकूण | C83: =SUM(C76:C82) -> 0 | D83: =SUM(D76:D82) -> 97962 | E83: =SUM(E76:E82) -> 28123 | F83: =SUM(F76:F82) -> 126085 | G83: =SUM(G76:G82) -> 0 | H83: =SUM(H76:H82) -> 20417 | I83: =SUM(I76:I82) -> 0 | J83: =SUM(J76:J82) -> 20417 | K83: =SUM(K76:K82) -> 146502
A85: जिल्हा | B85: अस्थायी पदे | M85: सर्व वर्ग पदे
C86: भरलेली पदे | G86: रिक्त पदे | K86: एकूण | M86: वर्ग | N86: स्थायी पदे | O86: अस्थायी पदे | P86: एकूण
A87: ठाणे | B87: वर्ग | C87: वर्ग-1 व 2 | D87: वर्ग-3 | E87: वर्ग-4 | F87: एकूण | G87: वर्ग-1 व 2 | H87: वर्ग-3 | I87: वर्ग-4 | J87: एकूण | K87: एकूण | M87: पदे | N87: =K73 -> 292 | O87: =K88 -> 131 | P87: =SUM(N87:O87) -> 423
B88: पदे | C88: 0 | D88: 127 | E88: 0 | F88: =SUM(C88:E88) -> 127 | G88: 0 | H88: 4 | I88: 0 | J88: =SUM(G88:I88) -> 4 | K88: =SUM(J88,F88) -> 131 | M88: वेतन | N88: =K74 -> 87160 | O88: =K89 -> 58269 | P88: =SUM(N88:O88) -> 145429
B89: वेतन | C89: 0 | D89: 56686 | E89: 0 | F89: =SUM(C89:E89) -> 56686 | G89: 0 | H89: 1583 | I89: 0 | J89: =SUM(G89:I89) -> 1583 | K89: =SUM(J89,F89) -> 58269 | M89: ग्रेड पे | N89: =K75 -> 0 | O89: =K90 -> 0 | P89: =SUM(N89:O89) -> 0
B90: ग्रेड पे | C90: 0 | D90: 0 | E90: 0 | F90: =SUM(C90:E90) -> 0 | G90: 0 | H90: 0 | I90: 0 | J90: =SUM(G90:I90) -> 0 | K90: =SUM(J90,F90) -> 0 | M90: एकूण | N90: =K76 -> 87160 | O90: =K91 -> 58269 | P90: =SUM(N90:O90) -> 145429
B91: एकूण | C91: =SUM(C89:C90) -> 0 | D91: =SUM(D89:D90) -> 56686 | E91: =SUM(E89:E90) -> 0 | F91: =SUM(C91:E91) -> 56686 | G91: =SUM(G89:G90) -> 0 | H91: =SUM(H89:H90) -> 1583 | I91: =SUM(I89:I90) -> 0 | J91: =SUM(J89:J90) -> 1583 | K91: =SUM(K89:K90) -> 58269 | M91: महा.भत्ता | N91: =K78 -> 41482 | O91: =K93 -> 40788 | P91: =SUM(N91:O91) -> 82270
B92: विशेष वेतन | C92: 0 | D92: 0 | E92: 0 | F92: =SUM(C92:E92) -> 0 | G92: 0 | H92: 0 | I92: 0 | J92: =SUM(G92:I92) -> 0 | K92: =SUM(J92,F92) -> 0 | M92: विशेष वेतन | N92: =$K$11 -> 0 | O92: =SUM(K92) -> 0 | P92: =SUM(N92:O92) -> 0
B93: महा.भत्ता | C93: 0 | D93: 39680 | E93: 0 | F93: =SUM(C93:E93) -> 39680 | G93: 0 | H93: 1108 | I93: 0 | J93: =SUM(G93:I93) -> 1108 | K93: =SUM(J93,F93) -> 40788 | M93: स्था.पु.भ. | N93: =K79 -> 493 | O93: =K94 -> 418 | P93: =SUM(N93:O93) -> 911
B94: स्था.पु.भ. | C94: 0 | D94: 403 | E94: 0 | F94: =SUM(C94:E94) -> 403 | G94: 0 | H94: 15 | I94: 0 | J94: =SUM(G94:I94) -> 15 | K94: =SUM(J94,F94) -> 418 | M94: घरभाडे | N94: =K80 -> 11986 | O94: =K95 -> 10982 | P94: =SUM(N94:O94) -> 22968
B95: घरभाडे | C95: 0 | D95: 10633 | E95: 0 | F95: =SUM(C95:E95) -> 10633 | G95: 0 | H95: 349 | I95: 0 | J95: =SUM(G95:I95) -> 349 | K95: =SUM(J95,F95) -> 10982 | M95: प्रवास भत्ता/कायम प्रवास भत्ता | N95: =K81 -> 3062 | O95: =K96 -> 3013 | P95: =SUM(N95:O95) -> 6075
B96: प्रवास भत्ता/कायम प्रवास भत्ता | C96: 0 | D96: 2932 | E96: 0 | F96: =SUM(C96:E96) -> 2932 | G96: 0 | H96: 81 | I96: 0 | J96: =SUM(G96:I96) -> 81 | K96: =SUM(J96,F96) -> 3013 | M96: इतर | N96: =K82 -> 2319 | O96: =K97 -> 2004 | P96: =SUM(N96:O96) -> 4323
B97: इतर | C97: 0 | D97: 1943 | E97: 0 | F97: =SUM(C97:E97) -> 1943 | G97: 0 | H97: 61 | I97: 0 | J97: =SUM(G97:I97) -> 61 | K97: =SUM(J97,F97) -> 2004 | M97: एकूण | N97: =SUM(N90:N96) -> 146502 | O97: =SUM(O90:O96) -> 115474 | P97: =SUM(P90:P96) -> 261976
B98: एकूण | C98: =SUM(C91:C97) -> 0 | D98: =SUM(D91:D97) -> 112277 | E98: =SUM(E91:E97) -> 0 | F98: =SUM(F91:F97) -> 112277 | G98: =SUM(G91:G97) -> 0 | H98: =SUM(H91:H97) -> 3197 | I98: =SUM(I91:I97) -> 0 | J98: =SUM(J91:J97) -> 3197 | K98: =SUM(K91:K97) -> 115474
A100: अर्थसंकल्पीय अंदाजपत्रक सन 2026-2027 (प्रपत्र क)
A101: मागणी क्र.सी- 1- लेखाशिर्ष 20530313
A102: (आकडे हजारात)
A103: जिल्हा | B103: स्थायी पदे
C104: भरलेली पदे | G104: रिक्त पदे | K104: एकूण
A105: पालघर | B105: वर्ग | C105: वर्ग-1 व 2 | D105: वर्ग-3 | E105: वर्ग-4 | F105: एकूण | G105: वर्ग-1 व 2 | H105: वर्ग-3 | I105: वर्ग-4 | J105: एकूण | K105: एकूण
B106: पदे | C106: 0 | D106: 127 | E106: 100 | F106: =SUM(C106:E106) -> 227 | G106: 0 | H106: 0 | I106: 78 | J106: =SUM(G106:I106) -> 78 | K106: =SUM(J106,F106) -> 305
...

Sheet Page 3
A1: अर्थसंकल्पीय अंदाजपत्रक सन 2026-2027 (प्रपत्र ब)
A2: मागणी क्र.सी- 1- लेखाशिर्ष 20530313
A3: मंजूर पदे
A4: अ.क्र. | B4: वर्ग | C4: स्थायी | E4: अस्थायी | G4: एकूण
C5: भरलेली पदे | D5: रिक्त पदे | E5: भरलेली पदे | F5: रिक्त पदे
A6: 1 | B6: 1 | C6: 0 | D6: 0 | E6: 0 | F6: 0 | G6: =SUM(C6:F6) -> 0
A7: 2 | B7: 2 | C7: 0 | D7: 0 | E7: 0 | F7: 0 | G7: =SUM(C7:F7) -> 0
A8: 3 | B8: 3 | C8: 0 | D8: 0 | E8: 17 | F8: 2 | G8: =SUM(C8:F8) -> 19
A9: 4 | B9: 4 | C9: 0 | D9: 0 | E9: 0 | F9: 0 | G9: =SUM(C9:F9) -> 0
A10: -- | B10: एकूण | C10: =SUM(C6:C9) -> 0 | D10: =SUM(D6:D9) -> 0 | E10: =SUM(E6:E9) -> 17 | F10: =SUM(F6:F9) -> 2 | G10: =SUM(G6:G9) -> 19
F13: (आकडे हजारात)
A14: अ.क्र. | B14: जिल्हा / विभाग | C14: वैद्यकिय खर्च | D14: उत्सव/सण अग्रिम | E14: स्वग्राम/महाराष्ट्र दर्शन | F14: NPS | G14: इतर | H14: एकूण
A15: 1 | B15: मुंबई शहर | C15: 400 | D15: 238 | E15: 120 | F15: 2200 | G15: 0 | H15: =SUM(C15:G15) -> 2958
A17: अर्थसंकल्पीय अंदाजपत्रक सन 2026-2027 (प्रपत्र ब)
A18: मागणी क्र.सी- 1- लेखाशिर्ष 20530313
A19: मंजूर पदे
A20: अ.क्र. | B20: वर्ग | C20: स्थायी | E20: अस्थायी | G20: एकूण
C21: भरलेली पदे | D21: रिक्त पदे | E21: भरलेली पदे | F21: रिक्त पदे
A22: 1 | B22: 1 | C22: 0 | D22: 0 | E22: 0 | F22: 0 | G22: =SUM(C22:F22) -> 0
A23: 2 | B23: 2 | C23: 0 | D23: 0 | E23: 0 | F23: 0 | G23: =SUM(C23:F23) -> 0
A24: 3 | B24: 3 | C24: 18 | D24: 0 | E24: 57 | F24: 11 | G24: =SUM(C24:F24) -> 86
A25: 4 | B25: 4 | C25: 31 | D25: 10 | E25: 0 | F25: 0 | G25: =SUM(C25:F25) -> 41
A26: -- | B26: एकूण | C26: =SUM(C22:C25) -> 49 | D26: =SUM(D22:D25) -> 10 | E26: =SUM(E22:E25) -> 57 | F26: =SUM(F22:F25) -> 11 | G26: =SUM(G22:G25) -> 127
F29: (आकडे हजारात)
A30: अ.क्र. | B30: जिल्हा / विभाग | C30: वैद्यकिय खर्च | D30: उत्सव/सण अग्रिम | E30: स्वग्राम/महाराष्ट्र दर्शन | F30: NPS | G30: इतर | H30: एकूण
A31: 1 | B31: मुंबई उपनगर | C31: 4800 | D31: 878 | E31: 600 | F31: 4494 | G31: 1000 | H31: =SUM(C31:G31) -> 11772
A33: अर्थसंकल्पीय अंदाजपत्रक सन 2026-2027 (प्रपत्र ब)
A34: मागणी क्र.सी- 1- लेखाशिर्ष 20530313
A35: मंजूर पदे
A36: अ.क्र. | B36: वर्ग | C36: स्थायी | E36: अस्थायी | G36: एकूण
C37: भरलेली पदे | D37: रिक्त पदे | E37: भरलेली पदे | F37: रिक्त पदे
A38: 1 | B38: 1 | C38: 0 | D38: 0 | E38: 0 | F38: 0 | G38: =SUM(C38:F38) -> 0
A39: 2 | B39: 2 | C39: 0 | D39: 0 | E39: 0 | F39: 0 | G39: =SUM(C39:F39) -> 0
A40: 3 | B40: 3 | C40: 114 | D40: 23 | E40: 127 | F40: 4 | G40: =SUM(C40:F40) -> 268
A41: 4 | B41: 4 | C41: 155 | D41: 0 | E41: 0 | F41: 0 | G41: =SUM(C41:F41) -> 155
A42: -- | B42: एकूण | C42: =SUM(C38:C41) -> 269 | D42: =SUM(D38:D41) -> 23 | E42: =SUM(E38:E41) -> 127 | F42: =SUM(F38:F41) -> 4 | G42: =SUM(G38:G41) -> 423
F45: (आकडे हजारात)
A46: अ.क्र. | B46: जिल्हा / विभाग | C46: वैद्यकिय खर्च | D46: उत्सव/सण अग्रिम | E46: स्वग्राम/महाराष्ट्र दर्शन | F46: NPS | G46: इतर | H46: एकूण
A47: 1 | B47: ठाणे | C47: 1000 | D47: 2000 | E47: 100 | F47: 0 | G47: 2000 | H47: =SUM(C47:G47) -> 5100
A49: अर्थसंकल्पीय अंदाजपत्रक सन 2026-2027 (प्रपत्र ब)
A50: मागणी क्र.सी- 1- लेखाशिर्ष 20530313
A51: मंजूर पदे
A52: अ.क्र. | B52: वर्ग | C52: स्थायी | E52: अस्थायी | G52: एकूण
C53: भरलेली पदे | D53: रिक्त पदे | E53: भरलेली पदे | F53: रिक्त पदे
A54: 1 | B54: 1 | C54: 0 | D54: 0 | E54: 0 | F54: 0 | G54: =SUM(C54:F54) -> 0
A55: 2 | B55: 2 | C55: 0 | D55: 0 | E55: 0 | F55: 0 | G55: =SUM(C55:F55) -> 0
A56: 3 | B56: 3 | C56: 127 | D56: 0 | E56: 30 | F56: 111 | G56: =SUM(C56:F56) -> 268
A57: 4 | B57: 4 | C57: 100 | D57: 78 | E57: 0 | F57: 0 | G57: =SUM(C57:F57) -> 178
A58: -- | B58: एकूण | C58: =SUM(C54:C57) -> 227 | D58: =SUM(D54:D57) -> 78 | E58: =SUM(E54:E57) -> 30 | F58: =SUM(F54:F57) -> 111 | G58: =SUM(G54:G57) -> 446
F61: (आकडे हजारात)
A62: अ.क्र. | B62: जिल्हा / विभाग | C62: वैद्यकिय खर्च | D62: उत्सव/सण अग्रिम | E62: स्वग्राम/महाराष्ट्र दर्शन | F62: NPS | G62: इतर | H62: एकूण
A63: 1 | B63: पालघर | C63: 12500 | D63: 335 | E63: 1000 | F63: 76740 | G63: 35000 | H63: =SUM(C63:G63) -> 125575
A65: अर्थसंकल्पीय अंदाजपत्रक सन 2026-2027 (प्रपत्र ब)
A66: मागणी क्र.सी- 1- लेखाशिर्ष 20530313
A67: मंजूर पदे
A68: अ.क्र. | B68: वर्ग | C68: स्थायी | E68: अस्थायी | G68: एकूण
C69: भरलेली पदे | D69: रिक्त पदे | E69: भरलेली पदे | F69: रिक्त पदे
A70: 1 | B70: 1 | C70: 0 | D70: 0 | E70: 0 | F70: 0 | G70: =SUM(C70:F70) -> 0
A71: 2 | B71: 2 | C71: 0 | D71: 0 | E71: 0 | F71: 0 | G71: =SUM(C71:F71) -> 0
A72: 3 | B72: 3 | C72: 219 | D72: 40 | E72: 177 | F72: 72 | G72: =SUM(C72:F72) -> 508
A73: 4 | B73: 4 | C73: 235 | D73: 116 | E73: 0 | F73: 0 | G73: =SUM(C73:F73) -> 351
A74: -- | B74: एकूण | C74: =SUM(C70:C73) -> 454 | D74: =SUM(D70:D73) -> 156 | E74: =SUM(E70:E73) -> 177 | F74: =SUM(F70:F73) -> 72 | G74: =SUM(G70:G73) -> 859
F77: (आकडे हजारात)
A78: अ.क्र. | B78: जिल्हा / विभाग | C78: वैद्यकिय खर्च | D78: उत्सव/सण अग्रिम | E78: स्वग्राम/महाराष्ट्र दर्शन | F78: NPS | G78: इतर | H78: एकूण
A79: 1 | B79: रायगड | C79: 10000 | D79: 6350 | E79: 10000 | F79: 44750 | G79: 8271 | H79: =SUM(C79:G79) -> 79371
A81: अर्थसंकल्पीय अंदाजपत्रक सन 2026-2027 (प्रपत्र ब)
A82: मागणी क्र.सी- 1- लेखाशिर्ष 20530313
A83: मंजूर पदे
A84: अ.क्र. | B84: वर्ग | C84: स्थायी | E84: अस्थायी | G84: एकूण
C85: भरलेली पदे | D85: रिक्त पदे | E85: भरलेली पदे | F85: रिक्त पदे
A86: 1 | B86: 1 | C86: 0 | D86: 0 | E86: 0 | F86: 0 | G86: =SUM(C86:F86) -> 0
A87: 2 | B87: 2 | C87: 0 | D87: 0 | E87: 0 | F87: 0 | G87: =SUM(C87:F87) -> 0
A88: 3 | B88: 3 | C88: 249 | D88: 58 | E88: 153 | F88: 41 | G88: =SUM(C88:F88) -> 501
A89: 4 | B89: 4 | C89: 335 | D89: 59 | E89: 0 | F89: 0 | G89: =SUM(C89:F89) -> 394
A90: -- | B90: एकूण | C90: =SUM(C86:C89) -> 584 | D90: =SUM(D86:D89) -> 117 | E90: =SUM(E86:E89) -> 153 | F90: =SUM(F86:F89) -> 41 | G90: =SUM(G86:G89) -> 895
F93: (आकडे हजारात)
A94: अ.क्र. | B94: जिल्हा / विभाग | C94: वैद्यकिय खर्च | D94: उत्सव/सण अग्रिम | E94: स्वग्राम/महाराष्ट्र दर्शन | F94: NPS | G94: इतर | H94: एकूण
A95: 1 | B95: रत्नागिरी | C95: 12525 | D95: 11455 | E95: 5010 | F95: 72145 | G95: 77119 | H95: =SUM(C95:G95) -> 178254
A97: अर्थसंकल्पीय अंदाजपत्रक सन 2026-2027 (प्रपत्र ब)
A98: मागणी क्र.सी- 1- लेखाशिर्ष 20530313
A99: मंजूर पदे
A100: अ.क्र. | B100: वर्ग | C100: स्थायी | E100: अस्थायी | G100: एकूण
C101: भरलेली पदे | D101: रिक्त पदे | E101: भरलेली पदे | F101: रिक्त पदे
A102: 1 | B102: 1 | C102: 0 | D102: 0 | E102: 0 | F102: 0 | G102: =SUM(C102:F102) -> 0
A103: 2 | B103: 2 | C103: 0 | D103: 0 | E103: 0 | F103: 0 | G103: =SUM(C103:F103) -> 0
A104: 3 | B104: 3 | C104: 128 | D104: 38 | E104: 126 | F104: 52 | G104: =SUM(C104:F104) -> 344
A105: 4 | B105: 4 | C105: 212 | D105: 24 | E105: 0 | F105: 0 | G105: =SUM(C105:F105) -> 236
A106: -- | B106: एकूण | C106: =SUM(C102:C105) -> 340 | D106: =SUM(D102:D105) -> 62 | E106: =SUM(E102:E105) -> 126 | F106: =SUM(F102:F105) -> 52 | G106: =SUM(G102:G105) -> 580
F109: (आकडे हजारात)
A110: अ.क्र. | B110: जिल्हा / विभाग | C110: वैद्यकिय खर्च | D110: उत्सव/सण अग्रिम | E110: स्वग्राम/महाराष्ट्र दर्शन | F110: NPS | G110: इतर | H110: एकूण
A111: 1 | B111: सिंधुदुर्ग | C111: 29000 | D111: 4933 | E111: 5145 | F111: 35989 | G111: 0 | H111: =SUM(C111:G111) -> 75067
A113: अर्थसंकल्पीय अंदाजपत्रक सन 2020-2021
A114: मागणी क्र.सी- 1- लेखाशिर्ष 20530313
A115: मंजूर पदे
A116: अ.क्र. | B116: वर्ग | C116: स्थायी | E116: अस्थायी | G116: एकूण
C117: भरलेली पदे | D117: रिक्त पदे | E117: भरलेली पदे | F117: रिक्त पदे
A118: 1 | B118: 1 | C118: 0 | D118: 0 | E118: 0 | F118: 0 | G118: =SUM(C118:F118) -> 0
A119: 2 | B119: 2 | C119: 0 | D119: 0 | E119: 0 | F119: 0 | G119: =SUM(C119:F119) -> 0
A120: 3 | B120: 3 | C120: 0 | D120: 0 | E120: 0 | F120: 0 | G120: =SUM(C120:F120) -> 0
A121: 4 | B121: 4 | C121: 0 | D121: 0 | E121: 0 | F121: 0 | G121: =SUM(C121:F121) -> 0
...

Sheet Page 4
A1: अर्थसंकल्पीय अंदाजपत्रक सन 2026-2027 (प्रपत्र अ)
A2: मागणी क्र.सी- 1- लेखाशिर्ष 20530313
A3: जिल्हा मुंबई शहर | L3: (आकडे हजारात)
A4: अ. क्र. | B4: लेख्याची प्राथमिक आणि दुय्यम युनिट | C4: प्रत्यक्ष रक्कमा (खर्च) | F4: अर्थसंकल्पीय अंदाज | G4: सुधारीत अंदाज | H4: अर्थसंकल्पीय अंदाज 2026-2027 | L4: मागील वर्षाच्या प्रत्यक्ष रक्कमा आणि चालु वर्षाच्या अर्थसंकल्पीय अंदाजाची तुलना करता आगामी वर्षासाठीच्या अंदाजातील वाढ किंवा घट यांच्या संबंधातील स्पष्टीकरणे.
C5: 2022-2023 | D5: 2023-2024 | E5: 2024-2025 | F5: 2025-2026 | G5: 2025-2026 | H5: प्राकक्लन (एस्टिमेटिंग) अधिका-याचा | I5: नियंत्रक अधिका-यांचा | J5: प्रशासकीय विभागाचा | K5: वित्त विभागाचा
A6: 1 | B6: 2 | C6: 3 | D6: 4 | E6: 5 | F6: 6 | G6: 7 | H6: 8 | I6: 9 | J6: 10 | K6: 11 | L6: 12
A7: 1 | B7: 01- वेतन | C7: 0 | D7: 0 | E7: 5802 | F7: 12010 | G7: 12010 | H7: 16709 | I7: 0 | J7: 0 | K7: 0
A8: 2 | B8: 03 अति.भत्ता | C8: 0 | D8: 0 | E8: 0 | F8: 0 | G8: 0 | H8: 0 | I8: 0 | J8: 0 | K8: 0
A9: 3 | B9: 06- दूरध्वनी, वीज,पाणी व शुल्क | C9: 0 | D9: 0 | E9: 9 | F9: 95 | G9: 95 | H9: 600 | I9: 0 | J9: 0 | K9: 0
A10: 4 | B10: 10- कंत्राटी सेवा | C10: 0 | D10: 0 | E10: 0 | F10: 0 | G10: 0 | H10: 0 | I10: 0 | J10: 0 | K10: 0
A11: 5 | B11: 11- देशांतर्गत प्रवास खर्च | C11: 0 | D11: 0 | E11: 0 | F11: 80 | G11: 80 | H11: 100 | I11: 0 | J11: 0 | K11: 0
A12: 6 | B12: 13- कार्यालयीन खर्च | C12: 0 | D12: 0 | E12: 28 | F12: 41 | G12: 41 | H12: 300 | I12: 0 | J12: 0 | K12: 0
A13: 7 | B13: 14- भाडेपट्टी व कर | C13: 0 | D13: 0 | E13: 0 | F13: 0 | G13: 0 | H13: 0 | I13: 0 | J13: 0 | K13: 0
A14: 8 | B14: 16- प्रकाशने | C14: 0 | D14: 0 | E14: 0 | F14: 0 | G14: 0 | H14: 0 | I14: 0 | J14: 0 | K14: 0
A15: 9 | B15: 17- संगणक खर्च | C15: 0 | D15: 0 | E15: 0 | F15: 0 | G15: 0 | H15: 200 | I15: 0 | J15: 0 | K15: 0
A16: 10 | B16: 20- इतर प्रशासकीय खर्च | C16: 0 | D16: 0 | E16: 0 | F16: 0 | G16: 0 | H16: 0 | I16: 0 | J16: 0 | K16: 0
A17: 11 | B17: 26- जाहीरात व प्रसिध्दी खर्च | C17: 0 | D17: 0 | E17: 0 | F17: 0 | G17: 0 | H17: 0 | I17: 0 | J17: 0 | K17: 0
A18: 12 | B18: 50- इतर खर्च | C18: 0 | D18: 0 | E18: 0 | F18: 0 | G18: 0 | H18: 0 | I18: 0 | J18: 0 | K18: 0
A19: 13 | B19: 51- मोटार वाहने | C19: 0 | D19: 0 | E19: 0 | F19: 0 | G19: 0 | H19: 0 | I19: 0 | J19: 0 | K19: 0
A20: -- | B20: एकूण | C20: =SUM(C7:C19) -> 0 | D20: =SUM(D7:D19) -> 0 | E20: =SUM(E7:E19) -> 5839 | F20: =SUM(F7:F19) -> 12226 | G20: =SUM(G7:G19) -> 12226 | H20: =SUM(H7:H19) -> 17909 | I20: =SUM(I7:I19) -> 0 | J20: =SUM(J7:J19) -> 0 | K20: =SUM(K7:K19) -> 0
A22: अर्थसंकल्पीय अंदाजपत्रक सन 2026-2027 (प्रपत्र अ)
A23: मागणी क्र.सी- 1- लेखाशिर्ष 20530313
A24: जिल्हा मुंबई उपनगर | L24: (आकडे हजारात)
A25: अ. क्र. | B25: लेख्याची प्राथमिक आणि दुय्यम युनिट | C25: प्रत्यक्ष रक्कमा (खर्च) | F25: अर्थसंकल्पीय अंदाज | G25: सुधारीत अंदाज | H25: अर्थसंकल्पीय अंदाज 2026-2027 | L25: मागील वर्षाच्या प्रत्यक्ष रक्कमा आणि चालु वर्षाच्या अर्थसंकल्पीय अंदाजाची तुलना करता आगामी वर्षासाठीच्या अंदाजातील वाढ किंवा घट यांच्या संबंधातील स्पष्टीकरणे.
C26: 2022-2023 | D26: 2023-2024 | E26: 2024-2025 | F26: 2025-2026 | G26: 2025-2026 | H26: प्राकक्लन (एस्टिमेटिंग) अधिका-याचा | I26: नियंत्रक अधिका-यांचा | J26: प्रशासकीय विभागाचा | K26: वित्त विभागाचा
A27: 1 | B27: 2 | C27: 3 | D27: 4 | E27: 5 | F27: 6 | G27: 7 | H27: 8 | I27: 9 | J27: 10 | K27: 11 | L27: 12
A28: 1 | B28: 01- वेतन | C28: 38040 | D28: 36819 | E28: 57985 | F28: 81135 | G28: 81135 | H28: 132777 | I28: 0 | J28: 0 | K28: 0
A29: 2 | B29: 03 अति.भत्ता | C29: 0 | D29: 0 | E29: 0 | F29: 0 | G29: 0 | H29: 0 | I29: 0 | J29: 0 | K29: 0
A30: 3 | B30: 06- दूरध्वनी, वीज,पाणी व शुल्क | C30: 9 | D30: 0 | E30: 16 | F30: 40 | G30: 40 | H30: 40 | I30: 0 | J30: 0 | K30: 0
A31: 4 | B31: 10- कंत्राटी सेवा | C31: 0 | D31: 0 | E31: 0 | F31: 0 | G31: 0 | H31: 0 | I31: 0 | J31: 0 | K31: 0
A32: 5 | B32: 11- देशांतर्गत प्रवास खर्च | C32: 0 | D32: 0 | E32: 0 | F32: 60 | G32: 60 | H32: 60 | I32: 0 | J32: 0 | K32: 0
A33: 6 | B33: 13- कार्यालयीन खर्च | C33: 118 | D33: 99 | E33: 0 | F33: 374 | G33: 374 | H33: 375 | I33: 0 | J33: 0 | K33: 0
A34: 7 | B34: 14- भाडेपट्टी व कर | C34: 0 | D34: 0 | E34: 0 | F34: 48 | G34: 0 | H34: 0 | I34: 0 | J34: 0 | K34: 0
A35: 8 | B35: 16- प्रकाशने | C35: 0 | D35: 0 | E35: 0 | F35: 1 | G35: 1 | H35: 0 | I35: 0 | J35: 0 | K35: 0
A36: 9 | B36: 17- संगणक खर्च | C36: 16 | D36: 18 | E36: 22 | F36: 70 | G36: 70 | H36: 70 | I36: 0 | J36: 0 | K36: 0
A37: 10 | B37: 20- इतर प्रशासकीय खर्च | C37: 0 | D37: 0 | E37: 0 | F37: 0 | G37: 0 | H37: 0 | I37: 0 | J37: 0 | K37: 0
A38: 11 | B38: 26- जाहीरात व प्रसिध्दी खर्च | C38: 0 | D38: 0 | E38: 0 | F38: 0 | G38: 0 | H38: 0 | I38: 0 | J38: 0 | K38: 0
A39: 12 | B39: 50- इतर खर्च | C39: 0 | D39: 0 | E39: 0 | F39: 0 | G39: 0 | H39: 0 | I39: 0 | J39: 0 | K39: 0
A40: 13 | B40: 51- मोटार वाहने | C40: 0 | D40: 0 | E40: 0 | F40: 0 | G40: 0 | H40: 0 | I40: 0 | J40: 0 | K40: 0
A41: -- | B41: एकूण | C41: =SUM(C28:C40) -> 38183 | D41: =SUM(D28:D40) -> 36936 | E41: =SUM(E28:E40) -> 58023 | F41: =SUM(F28:F40) -> 81728 | G41: =SUM(G28:G40) -> 81680 | H41: =SUM(H28:H40) -> 133322 | I41: =SUM(I28:I40) -> 0 | J41: =SUM(J28:J40) -> 0 | K41: =SUM(K28:K40) -> 0
A43: अर्थसंकल्पीय अंदाजपत्रक सन 2026-2027 (प्रपत्र अ)
A44: मागणी क्र.सी- 1- लेखाशिर्ष 20530313
A45: जिल्हा ठाणे | L45: (आकडे हजारात)
A46: अ. क्र. | B46: लेख्याची प्राथमिक आणि दुय्यम युनिट | C46: प्रत्यक्ष रक्कमा (खर्च) | F46: अर्थसंकल्पीय अंदाज | G46: सुधारीत अंदाज | H46: अर्थसंकल्पीय अंदाज 2026-2027 | L46: मागील वर्षाच्या प्रत्यक्ष रक्कमा आणि चालु वर्षाच्या अर्थसंकल्पीय अंदाजाची तुलना करता आगामी वर्षासाठीच्या अंदाजातील वाढ किंवा घट यांच्या संबंधातील स्पष्टीकरणे.
C47: 2022-2023 | D47: 2023-2024 | E47: 2024-2025 | F47: 2025-2026 | G47: 2025-2026 | H47: प्राकक्लन (एस्टिमेटिंग) अधिका-याचा | I47: नियंत्रक अधिका-यांचा | J47: प्रशासकीय विभागाचा | K47: वित्त विभागाचा
A48: 1 | B48: 2 | C48: 3 | D48: 4 | E48: 5 | F48: 6 | G48: 7 | H48: 8 | I48: 9 | J48: 10 | K48: 11 | L48: 12
A49: 1 | B49: 01- वेतन | C49: 175278 | D49: 169768 | E49: 192215 | F49: 201805 | G49: 265470 | H49: 267076 | I49: 0 | J49: 0 | K49: 0
A50: 2 | B50: 03 अति.भत्ता | C50: 0 | D50: 0 | E50: 0 | F50: 0 | G50: 0 | H50: 0 | I50: 0 | J50: 0 | K50: 0
A51: 3 | B51: 06- दूरध्वनी, वीज,पाणी व शुल्क | C51: 2 | D51: 4 | E51: 0 | F51: 60 | G51: 420 | H51: 420 | I51: 0 | J51: 0 | K51: 0
A52: 4 | B52: 10- कंत्राटी सेवा | C52: 0 | D52: 0 | E52: 3221 | F52: 0 | G52: 0 | H52: 11563 | I52: 0 | J52: 0 | K52: 0
A53: 5 | B53: 11- देशांतर्गत प्रवास खर्च | C53: 0 | D53: 0 | E53: 0 | F53: 170 | G53: 220 | H53: 220 | I53: 0 | J53: 0 | K53: 0
A54: 6 | B54: 13- कार्यालयीन खर्च | C54: 285 | D54: 293 | E54: 286 | F54: 440 | G54: 750 | H54: 750 | I54: 0 | J54: 0 | K54: 0
A55: 7 | B55: 14- भाडेपट्टी व कर | C55: 32 | D55: 56 | E55: 100 | F55: 524 | G55: 2650 | H55: 2650 | I55: 0 | J55: 0 | K55: 0
A56: 8 | B56: 16- प्रकाशने | C56: 0 | D56: 0 | E56: 0 | F56: 0 | G56: 0 | H56: 0 | I56: 0 | J56: 0 | K56: 0
A57: 9 | B57: 17- संगणक खर्च | C57: 29 | D57: 330 | E57: 164 | F57: 588 | G57: 5000 | H57: 5000 | I57: 0 | J57: 0 | K57: 0
A58: 10 | B58: 20- इतर प्रशासकीय खर्च | C58: 0 | D58: 0 | E58: 0 | F58: 0 | G58: 0 | H58: 0 | I58: 0 | J58: 0 | K58: 0
A59: 11 | B59: 26- जाहीरात व प्रसिध्दी खर्च | C59: 0 | D59: 0 | E59: 0 | F59: 0 | G59: 0 | H59: 0 | I59: 0 | J59: 0 | K59: 0
A60: 12 | B60: 50- इतर खर्च | C60: 0 | D60: 0 | E60: 0 | F60: 0 | G60: 0 | H60: 0 | I60: 0 | J60: 0 | K60: 0
A61: 13 | B61: 51- मोटार वाहने | C61: 0 | D61: 0 | E61: 0 | F61: 0 | G61: 0 | H61: 0 | I61: 0 | J61: 0 | K61: 0
A62: -- | B62: एकूण | C62: =SUM(C49:C61) -> 175626 | D62: =SUM(D49:D61) -> 170451 | E62: =SUM(E49:E61) -> 195986 | F62: =SUM(F49:F61) -> 203587 | G62: =SUM(G49:G61) -> 274510 | H62: =SUM(H49:H61) -> 287679 | I62: =SUM(I49:I61) -> 0 | J62: =SUM(J49:J61) -> 0 | K62: =SUM(K49:K61) -> 0
A64: अर्थसंकल्पीय अंदाजपत्रक सन 2026-2027 (प्रपत्र अ)
A65: मागणी क्र.सी- 1- लेखाशिर्ष 20530313
A66: जिल्हा पालघर | L66: (आकडे हजारात)
A67: अ. क्र. | B67: लेख्याची प्राथमिक आणि दुय्यम युनिट | C67: प्रत्यक्ष रक्कमा (खर्च) | F67: अर्थसंकल्पीय अंदाज | G67: सुधारीत अंदाज | H67: अर्थसंकल्पीय अंदाज 2026-2027 | L67: मागील वर्षाच्या प्रत्यक्ष रक्कमा आणि चालु वर्षाच्या अर्थसंकल्पीय अंदाजाची तुलना करता आगामी वर्षासाठीच्या अंदाजातील वाढ किंवा घट यांच्या संबंधातील स्पष्टीकरणे.
C68: 2022-2023 | D68: 2023-2024 | E68: 2024-2025 | F68: 2025-2026 | G68: 2025-2026 | H68: प्राकक्लन (एस्टिमेटिंग) अधिका-याचा | I68: नियंत्रक अधिका-यांचा | J68: प्रशासकीय विभागाचा | K68: वित्त विभागाचा
A69: 1 | B69: 2 | C69: 3 | D69: 4 | E69: 5 | F69: 6 | G69: 7 | H69: 8 | I69: 9 | J69: 10 | K69: 11 | L69: 12
A70: 1 | B70: 01- वेतन | C70: 99477 | D70: 96193 | E70: 94130 | F70: 327880 | G70: 327880 | H70: 475929 | I70: 0 | J70: 0 | K70: 0
A71: 2 | B71: 03 अति.भत्ता | C71: 0 | D71: 0 | E71: 0 | F71: 0 | G71: 0 | H71: 0 | I71: 0 | J71: 0 | K71: 0
A72: 3 | B72: 06- दूरध्वनी, वीज,पाणी व शुल्क | C72: 122 | D72: 98 | E72: 117 | F72: 160 | G72: 300 | H72: 1000 | I72: 0 | J72: 0 | K72: 0
A73: 4 | B73: 10- कंत्राटी सेवा | C73: 0 | D73: 0 | E73: 13141 | F73: 0 | G73: 0 | H73: 51039 | I73: 0 | J73: 0 | K73: 0
A74: 5 | B74: 11- देशांतर्गत प्रवास खर्च | C74: 0 | D74: 154 | E74: 248 | F74: 780 | G74: 1250 | H74: 1500 | I74: 0 | J74: 0 | K74: 0
A75: 6 | B75: 13- कार्यालयीन खर्च | C75: 638 | D75: 626 | E75: 569 | F75: 679 | G75: 1000 | H75: 1500 | I75: 0 | J75: 0 | K75: 0
A76: 7 | B76: 14- भाडेपट्टी व कर | C76: 654 | D76: 211 | E76: 254 | F76: 560 | G76: 1500 | H76: 3500 | I76: 0 | J76: 0 | K76: 0
A77: 8 | B77: 16- प्रकाशने | C77: 0 | D77: 0 | E77: 0 | F77: 0 | G77: 0 | H77: 0 | I77: 0 | J77: 0 | K77: 0
A78: 9 | B78: 17- संगणक खर्च | C78: 177 | D78: 44 | E78: 37 | F78: 118 | G78: 500 | H78: 1000 | I78: 0 | J78: 0 | K78: 0
A79: 10 | B79: 20- इतर प्रशासकीय खर्च | C79: 0 | D79: 0 | E79: 0 | F79: 0 | G79: 0 | H79: 0 | I79: 0 | J79: 0 | K79: 0
A80: 11 | B80: 26- जाहीरात व प्रसिध्दी खर्च | C80: 0 | D80: 0 | E80: 0 | F80: 0 | G80: 0 | H80: 0 | I80: 0 | J80: 0 | K80: 0
A81: 12 | B81: 50- इतर खर्च | C81: 0 | D81: 0 | E81: 0 | F81: 1 | G81: 0 | H81: 0 | I81: 0 | J81: 0 | K81: 0
A82: 13 | B82: 51- मोटार वाहने | C82: 0 | D82: 0 | E82: 0 | F82: 0 | G82: 0 | H82: 0 | I82: 0 | J82: 0 | K82: 0
A83: -- | B83: एकूण | C83: =SUM(C70:C82) -> 101068 | D83: =SUM(D70:D82) -> 97326 | E83: =SUM(E70:E82) -> 108496 | F83: =SUM(F70:F82) -> 330178 | G83: =SUM(G70:G82) -> 332430 | H83: =SUM(H70:H82) -> 535468 | I83: =SUM(I70:I82) -> 0 | J83: =SUM(J70:J82) -> 0 | K83: =SUM(K70:K82) -> 0
A85: अर्थसंकल्पीय अंदाजपत्रक सन 2026-2027 (प्रपत्र अ)
A86: मागणी क्र.सी- 1- लेखाशिर्ष 20530313
A87: जिल्हा रायगड | L87: (आकडे हजारात)
A88: अ. क्र. | B88: लेख्याची प्राथमिक आणि दुय्यम युनिट | C88: प्रत्यक्ष रक्कमा (खर्च) | F88: अर्थसंकल्पीय अंदाज | G88: सुधारीत अंदाज | H88: अर्थसंकल्पीय अंदाज 2026-2027 | L88: मागील वर्षाच्या प्रत्यक्ष रक्कमा आणि चालु वर्षाच्या अर्थसंकल्पीय अंदाजाची तुलना करता आगामी वर्षासाठीच्या अंदाजातील वाढ किंवा घट यांच्या संबंधातील स्पष्टीकरणे.
C89: 2022-2023 | D89: 2023-2024 | E89: 2024-2025 | F89: 2025-2026 | G89: 2025-2026 | H89: प्राकक्लन (एस्टिमेटिंग) अधिका-याचा | I89: नियंत्रक अधिका-यांचा | J89: प्रशासकीय विभागाचा | K89: वित्त विभागाचा
A90: 1 | B90: 2 | C90: 3 | D90: 4 | E90: 5 | F90: 6 | G90: 7 | H90: 8 | I90: 9 | J90: 10 | K90: 11 | L90: 12
A91: 1 | B91: 01- वेतन | C91: 258367 | D91: 242795 | E91: 348404 | F91: 361950 | G91: 361950 | H91: 515590 | I91: 0 | J91: 0 | K91: 0
A92: 2 | B92: 03 अति.भत्ता | C92: 0 | D92: 0 | E92: 0 | F92: 0 | G92: 0 | H92: 0 | I92: 0 | J92: 0 | K92: 0
A93: 3 | B93: 06- दूरध्वनी, वीज,पाणी व शुल्क | C93: 187 | D93: 75 | E93: 85 | F93: 270 | G93: 270 | H93: 1690 | I93: 0 | J93: 0 | K93: 0
A94: 4 | B94: 10- कंत्राटी सेवा | C94: 0 | D94: 0 | E94: 0 | F94: 0 | G94: 0 | H94: 0 | I94: 0 | J94: 0 | K94: 0
A95: 5 | B95: 11- देशांतर्गत प्रवास खर्च | C95: 310 | D95: 386 | E95: 492 | F95: 1770 | G95: 1770 | H95: 2275 | I95: 0 | J95: 0 | K95: 0
A96: 6 | B96: 13- कार्यालयीन खर्च | C96: 1299 | D96: 1273 | E96: 1142 | F96: 1360 | G96: 1360 | H96: 3003 | I96: 0 | J96: 0 | K96: 0
A97: 7 | B97: 14- भाडेपट्टी व कर | C97: 876 | D97: 955 | E97: 864 | F97: 1074 | G97: 1074 | H97: 6710 | I97: 0 | J97: 0 | K97: 0
A98: 8 | B98: 16- प्रकाशने | C98: 0 | D98: 0 | E98: 0 | F98: 0 | G98: 0 | H98: 0 | I98: 0 | J98: 0 | K98: 0
A99: 9 | B99: 17- संगणक खर्च | C99: 172 | D99: 128 | E99: 56 | F99: 220 | G99: 220 | H99: 1950 | I99: 0 | J99: 0 | K99: 0
A100: 10 | B100: 20- इतर प्रशासकीय खर्च | C100: 0 | D100: 0 | E100: 0 | F100: 0 | G100: 0 | H100: 0 | I100: 0 | J100: 0 | K100: 0
A101: 11 | B101: 26- जाहीरात व प्रसिध्दी खर्च | C101: 0 | D101: 0 | E101: 0 | F101: 0 | G101: 0 | H101: 195 | I101: 0 | J101: 0 | K101: 0
A102: 12 | B102: 50- इतर खर्च | C102: 0 | D102: 0 | E102: 0 | F102: 0 | G102: 0 | H102: 0 | I102: 0 | J102: 0 | K102: 0
A103: 13 | B103: 51- मोटार वाहने | C103: 0 | D103: 0 | E103: 0 | F103: 0 | G103: 0 | H103: 0 | I103: 0 | J103: 0 | K103: 0
A104: -- | B104: एकूण | C104: =SUM(C91:C103) -> 261211 | D104: =SUM(D91:D103) -> 245612 | E104: =SUM(E91:E103) -> 351043 | F104: =SUM(F91:F103) -> 366644 | G104: =SUM(G91:G103) -> 366644 | H104: =SUM(H91:H103) -> 531413 | I104: =SUM(I91:I103) -> 0 | J104: =SUM(J91:J103) -> 0 | K104: =SUM(K91:K103) -> 0
...

Sheet Page 5
A1: अर्थसंकल्पीय अंदाजपत्रक सन 2026-2027
A2: मागणी क्र.सी- 1- लेखाशिर्ष 20530313
A3: कोकण विभाग | L3: (आकडे हजारात)
A4: अ. क्र. | B4: लेख्याची प्राथमिक आणि दुय्यम युनिट | C4: प्रत्यक्ष रक्कमा (खर्च) | F4: अर्थसंकल्पीय अंदाज | G4: सुधारीत अंदाज | H4: अर्थसंकल्पीय अंदाज 2026-2027 | L4: मागील वर्षाच्या प्रत्यक्ष रक्कमा आणि चालु वर्षाच्या अर्थसंकल्पीय अंदाजाची तुलना करता आगामी वर्षासाठीच्या अंदाजातील वाढ किंवा घट यांच्या संबंधातील स्पष्टीकरणे
C5: 2022-2023 | D5: 2023-2024 | E5: 2024-2025 | F5: 2025-2026 | G5: 2025-2026 | H5: प्राकक्लन (एस्टिमेटिंग) अधिका-याचा | I5: नियंत्रक अधिका-यांचा | J5: प्रशासकीय विभागाचा | K5: वित्त विभागाचा
A6: 1 | B6: 2 | C6: 3 | D6: 4 | E6: 5 | F6: 6 | G6: 7 | H6: 8 | I6: 9 | J6: 10 | K6: 11 | L6: 12
A7: 1 | B7: 01- वेतन | C7: ='Page 4'!C175 -> 995380 | D7: ='Page 4'!D175 -> 975544 | E7: ='Page 4'!E175 -> 1192342 | F7: ='Page 4'!F175 -> 1753800 | G7: ='Page 4'!G175 -> 2012015 | H7: 0 | I7: ='Page 4'!H175 -> 2500240 | J7: 0 | K7: 0 | L7: 01- वेतन:- या बाबीखाली सातवा वेतन आयोग फरक, चालु महागाई भत्ता दर आकारणी 70% प्रमाणे विचारात घेवून केली आहे. वेळोवेळी होणारी वेतनवाढ व महागाई भत्ता दराप्रमाणे वाढीव अनुदान मिळणेस विनंती आहे.
A8: 2 | B8: 03- अति.भत्ता | C8: ='Page 4'!C176 -> 0 | D8: ='Page 4'!D176 -> 0 | E8: ='Page 4'!E176 -> 0 | F8: 0 | G8: 0 | H8: 0 | I8: ='Page 4'!H176 -> 0 | J8: 0 | K8: 0 | L8: --
A9: 3 | B9: 06- दूरध्वनी, वीज,पाणी व शुल्क | C9: ='Page 4'!C177 -> 504 | D9: ='Page 4'!D177 -> 392 | E9: ='Page 4'!E177 -> 475 | F9: ='Page 4'!F177 -> 900 | G9: ='Page 4'!G177 -> 2825 | H9: 0 | I9: ='Page 4'!H177 -> 5980 | J9: 0 | K9: 0 | L9: 06- दूरध्वनी, वीज पाणी व शुल्क:- या बाबीखाली विभागात शासनाने ठरवून दिलेल्या जमीन महसूल कर वसुलीच्या वाढीव उद्दिष्टपूर्तता बाबत जिल्हा कार्यालयाशी मोठया प्रमाणावर संपर्क साधण्यासाठी दूरध्वनीचा वापर, वीजेचे वाढलेले दर व पाणी पट्टीची वाढीव देयके यासाठी वाढीव अनुदानाची गरज आहे.
A10: 4 | B10: 10- कंत्राटी सेवा | C10: ='Page 4'!C178 -> 0 | D10: ='Page 4'!D178 -> 0 | E10: ='Page 4'!E178 -> 16362 | F10: ='Page 4'!F178 -> 0 | G10: ='Page 4'!G178 -> 0 | I10: ='Page 4'!H178 -> 62602 | L10: 10- कंत्राटी सेवा:- विभागीय आयुक्त कोकण विभाग यांचे अधिनस्त सर्व तलाठी कार्यालयांतील कंत्राटी पध्दतीने विविध सेवा देणा-या कर्मचा-यांची देयके अदा करण्याकरीता रक्कमेची आवश्यक आहे.
A11: 5 | B11: 11- देशांतर्गत प्रवास खर्च | C11: ='Page 4'!C179 -> 754 | D11: ='Page 4'!D179 -> 1057 | E11: ='Page 4'!E179 -> 1193 | F11: ='Page 4'!F179 -> 4500 | G11: ='Page 4'!G179 -> 4980 | H11: 0 | I11: ='Page 4'!H179 -> 6055 | J11: 0 | K11: 0 | L11: 11- देशांतर्गत प्रवास खर्च:- 1)सदर बाबीखाली शासनाने ठरवून दिलेल्या जमीन महसूल कर वसुलीच्या वाढीव उद्दिष्टपूर्तताबाबत वाढीव फिरती कराव्या लागत असल्याने प्रवास खर्च अनुदानाची मागणी केली आहे. 2)तसेच संभाव्य बदली प्रवास भत्ता अदा करणेकरीता अनुदानाची आवश्यकता आहे.
A12: 6 | B12: 13- कार्यालयीन खर्च | C12: ='Page 4'!C180 -> 3029 | D12: ='Page 4'!D180 -> 3627 | E12: ='Page 4'!E180 -> 3353 | F12: ='Page 4'!F180 -> 4500 | G12: ='Page 4'!G180 -> 6925 | H12: 0 | I12: ='Page 4'!H180 -> 9698 | J12: 0 | K12: 0 | L12: 13- कार्यालयीन खर्च:- सदर बाबीखाली कार्या.खर्चसाठी स्टेशनरी, जडसंग्रह वस्तु, झेरॉक्स यांच्या वाढीव दरामुळे कार्यालयीन खर्च मोठया प्रमाणावर वाढला आहे. त्यामुळे अनुदानाची मागणी केली आहे.
A13: 7 | B13: 14- भाडेपट्टी व कर | C13: ='Page 4'!C181 -> 3095 | D13: ='Page 4'!D181 -> 3822 | E13: ='Page 4'!E181 -> 3525 | F13: ='Page 4'!F181 -> 5200 | G13: ='Page 4'!G181 -> 18224 | H13: 0 | I13: ='Page 4'!H181 -> 27460 | J13: 0 | K13: 0 | L13: 14- भाडेपट्टी व कर:- (1)महसूल व वन विभाग शासन निर्णय क्र.भाडेवाढ/2011/प्र.क्र.282/ई-10, दि.05/06/2013 अन्वये ग्रामीण भागातील तलाठी सज्जावरील तलाठी कार्यालयासाठी खाजगी जागा भाडयाने घेतल्यास त्या जागेचे सुधारीत भाडे दरमहा रु.1,000/- व शहरी भागातील तलाठी सज्जावरील तलाठी कार्यालयासाठी खाजगी जागा भाडयाने घेतल्यास त्या जागेचे भाडे दरमहा रु.2,000/- इतके मंजूर करण्यात आले आहे.विभागीय आयुक्त, कोकण विभाग यांचे कार्यालयाकडून सन 2015-16 पासून सातत्याने अनुदान मागणी महसूल व वन विभागास सादर करण्यात येत आहे. अर्थसंकल्पीय अंदाजपत्रकाद्वारे सदर अनुदानाची मागणी करण्यात येत आहे.
A14: 8 | B14: 16- प्रकाशने | C14: ='Page 4'!C182 -> 0 | D14: ='Page 4'!D182 -> 0 | E14: ='Page 4'!E182 -> 0 | F14: ='Page 4'!F182 -> 1 | G14: ='Page 4'!G182 -> 51 | I14: ='Page 4'!H182 -> 50 | L14: 16- प्रकाशने:- विभागीय आयुक्त कोकण विभाग यांचे अधिनस्त सर्व तलाठी कार्यालयांतील विविध प्रकारच्या छपाईची देयके अदा करण्याकरीता रक्कमेची आवश्यक आहे.
A15: 9 | B15: 17- संगणक खर्च | C15: ='Page 4'!C183 -> 511 | D15: ='Page 4'!D183 -> 626 | E15: ='Page 4'!E183 -> 346 | F15: ='Page 4'!F183 -> 1247 | G15: ='Page 4'!G183 -> 7760 | H15: 0 | I15: ='Page 4'!H183 -> 10320 | J15: 0 | K15: 0 | L15: 17- संगणक खर्च :- सदर उपशिर्षाखाली जमीन महसूल कर वसुली उद्दिष्ठपूर्तता बाबत शासनास पाठवावयाचे नियतकालीके अहवाल तयार करणे इ. कार्यालयीन कामे संगणकावर करावी लागतात. यास्तव शासनाने लॅपटॉप पुरविले आहेत. मात्र देखभाल खर्चासाठी अनुदान प्राप्त होत नसल्याने अडचणी निर्माण होत आहेत. त्यामुळे संगणक खर्च अनुदान मंजूर होणेस विनंती आहे.
A16: 10 | B16: 20- इतर प्रशासकीय खर्च | C16: ='Page 4'!C184 -> 0 | D16: ='Page 4'!D184 -> 0 | E16: ='Page 4'!E184 -> 0 | F16: ='Page 4'!F184 -> 0 | G16: ='Page 4'!G184 -> 0 | I16: ='Page 4'!H184 -> 0
A17: 11 | B17: 26- जाहीरात व प्रसिध्दी खर्च | C17: ='Page 4'!C185 -> 0 | D17: ='Page 4'!D185 -> 0 | E17: ='Page 4'!E185 -> 0 | F17: ='Page 4'!F185 -> 1 | G17: ='Page 4'!G185 -> 50 | H17: 0 | I17: ='Page 4'!H185 -> 265 | J17: 0 | K17: 0 | L17: 26-जाहीरात व प्रसिध्दी खर्च:- जिल्हाधिकारी कार्यालयांचे आवश्यकतेप्रमाणे अनुदान मंजूर होणेंस विनंती आहे.
A18: 12 | B18: 50- इतर खर्च | C18: ='Page 4'!C186 -> 0 | D18: ='Page 4'!D186 -> 0 | E18: ='Page 4'!E186 -> 0 | F18: ='Page 4'!F186 -> 1 | G18: ='Page 4'!G186 -> 100 | H18: 0 | I18: ='Page 4'!H186 -> 200 | J18: 0 | K18: 0 | L18: 50- इतर खर्च:- विभागीय आयुक्त कार्यालयाचे सादर अंदाजपत्रकामध्ये नमूद बाबींव्यतिरिक्त विभागीय आयुक्त कार्यालयात करण्यात येणा-या खर्चाकरीता रक्कमेची आवश्यक आहे.
A19: 13 | B19: 51- मोटार वाहने | C19: ='Page 4'!C187 -> 0 | D19: ='Page 4'!D187 -> 0 | E19: ='Page 4'!E187 -> 0 | F19: 0 | G19: ='Page 4'!G187 -> 0 | H19: 0 | I19: ='Page 4'!H187 -> 0 | J19: 0 | K19: 0 | L19: --
A20: -- | B20: एकूण | C20: =SUM(C7:C19) -> 1003273 | D20: =SUM(D7:D19) -> 985068 | E20: =SUM(E7:E19) -> 1217596 | F20: =SUM(F7:F19) -> 1770150 | G20: =SUM(G7:G19) -> 2052930 | H20: =SUM(H7:H19) -> 0 | I20: =SUM(I7:I19) -> 2622870 | J20: =SUM(J7:J19) -> 0 | K20: =SUM(K7:K19) -> 0 | L20: --
J24: सहाय्यक संचालक(लेखा)कोकण विभाग

Sheet Distrs.wise Abstract
A1: अर्थसंकल्पीय अंदाजपत्रक सन 2026-2027 (जिल्हानिहाय)
A2: मागणी क्र.सी-1- लेखाशिर्ष : 20530313
A3: (आकडे हजारात)
A4: अ. क्र. | B4: उपलेखाशिर्ष | C4: मुंबई शहर | D4: मुंबई उपनगर | E4: ठाणे | F4: पालघर | G4: रायगड | H4: रत्नागिरी | I4: सिंधुदुर्ग | J4: एकूण
A5: 1 | B5: 01- वेतन | C5: ='Page 4'!H7 -> 16709 | D5: ='Page 4'!H28 -> 132777 | E5: ='Page 4'!H49 -> 267076 | F5: ='Page 4'!H70 -> 475929 | G5: ='Page 4'!H91 -> 515590 | H5: ='Page 4'!H112 -> 692381 | I5: ='Page 4'!H133 -> 399778 | J5: =C5+D5+E5+F5+G5+H5+I5 -> 2500240
A6: 2 | B6: 03 अति.भत्ता | C6: ='Page 4'!H8 -> 0 | D6: ='Page 4'!H29 -> 0 | E6: ='Page 4'!H50 -> 0 | F6: ='Page 4'!H71 -> 0 | G6: ='Page 4'!H92 -> 0 | H6: ='Page 4'!H113 -> 0 | I6: ='Page 4'!H134 -> 0 | J6: =C6+D6+E6+F6+G6+H6+I6 -> 0
A7: 3 | B7: 06- दूरध्वनी, वीज,पाणी व शुल्क | C7: ='Page 4'!H9 -> 600 | D7: ='Page 4'!H30 -> 40 | E7: ='Page 4'!H51 -> 420 | F7: ='Page 4'!H72 -> 1000 | G7: ='Page 4'!H93 -> 1690 | H7: ='Page 4'!H114 -> 2100 | I7: ='Page 4'!H135 -> 130 | J7: =C7+D7+E7+F7+G7+H7+I7 -> 5980
A8: 4 | B8: 10- कंत्राटी सेवा | C8: ='Page 4'!H10 -> 0 | D8: ='Page 4'!H31 -> 0 | E8: ='Page 4'!H52 -> 11563 | F8: ='Page 4'!H73 -> 51039 | G8: ='Page 4'!H94 -> 0 | H8: ='Page 4'!H115 -> 0 | I8: ='Page 4'!H136 -> 0 | J8: =C8+D8+E8+F8+G8+H8+I8 -> 62602
A9: 5 | B9: 11- देशांतर्गत प्रवास खर्च | C9: ='Page 4'!H11 -> 100 | D9: ='Page 4'!H32 -> 60 | E9: ='Page 4'!H53 -> 220 | F9: ='Page 4'!H74 -> 1500 | G9: ='Page 4'!H95 -> 2275 | H9: ='Page 4'!H116 -> 800 | I9: ='Page 4'!H137 -> 1100 | J9: =C9+D9+E9+F9+G9+H9+I9 -> 6055
A10: 6 | B10: 13- कार्यालयीन खर्च | C10: ='Page 4'!H12 -> 300 | D10: ='Page 4'!H33 -> 375 | E10: ='Page 4'!H54 -> 750 | F10: ='Page 4'!H75 -> 1500 | G10: ='Page 4'!H96 -> 3003 | H10: ='Page 4'!H117 -> 3000 | I10: ='Page 4'!H138 -> 770 | J10: =C10+D10+E10+F10+G10+H10+I10 -> 9698
A11: 7 | B11: 14- भाडेपट्टी व कर | C11: ='Page 4'!H13 -> 0 | D11: ='Page 4'!H34 -> 0 | E11: ='Page 4'!H55 -> 2650 | F11: ='Page 4'!H76 -> 3500 | G11: ='Page 4'!H97 -> 6710 | H11: ='Page 4'!H118 -> 12500 | I11: ='Page 4'!H139 -> 2100 | J11: =C11+D11+E11+F11+G11+H11+I11 -> 27460
A12: 8 | B12: 16- प्रकाशने | C12: ='Page 4'!H14 -> 0 | D12: ='Page 4'!H35 -> 0 | E12: ='Page 4'!H56 -> 0 | F12: ='Page 4'!H77 -> 0 | G12: ='Page 4'!H98 -> 0 | H12: ='Page 4'!H119 -> 50 | I12: ='Page 4'!H140 -> 0 | J12: =C12+D12+E12+F12+G12+H12+I12 -> 50
A13: 9 | B13: 17- संगणक खर्च | C13: ='Page 4'!H15 -> 200 | D13: ='Page 4'!H36 -> 70 | E13: ='Page 4'!H57 -> 5000 | F13: ='Page 4'!H78 -> 1000 | G13: ='Page 4'!H99 -> 1950 | H13: ='Page 4'!H120 -> 2000 | I13: ='Page 4'!H141 -> 100 | J13: =C13+D13+E13+F13+G13+H13+I13 -> 10320
A14: 10 | B14: 20- इतर प्रशासकीय खर्च | C14: ='Page 4'!H16 -> 0 | D14: ='Page 4'!H37 -> 0 | E14: ='Page 4'!H58 -> 0 | F14: ='Page 4'!H79 -> 0 | G14: ='Page 4'!H100 -> 0 | H14: ='Page 4'!H121 -> 0 | I14: ='Page 4'!H142 -> 0 | J14: =C14+D14+E14+F14+G14+H14+I14 -> 0
A15: 11 | B15: 26- जाहीरात व प्रसिध्दी खर्च | C15: ='Page 4'!H17 -> 0 | D15: ='Page 4'!H38 -> 0 | E15: ='Page 4'!H59 -> 0 | F15: ='Page 4'!H80 -> 0 | G15: ='Page 4'!H101 -> 195 | H15: ='Page 4'!H122 -> 70 | I15: ='Page 4'!H143 -> 0 | J15: =C15+D15+E15+F15+G15+H15+I15 -> 265
A16: 12 | B16: 50- इतर खर्च | C16: ='Page 4'!H18 -> 0 | D16: ='Page 4'!H39 -> 0 | E16: ='Page 4'!H60 -> 0 | F16: ='Page 4'!H81 -> 0 | G16: ='Page 4'!H102 -> 0 | H16: ='Page 4'!H123 -> 200 | I16: ='Page 4'!H144 -> 0 | J16: =C16+D16+E16+F16+G16+H16+I16 -> 200
A17: 13 | B17: 51- मोटार वाहने | C17: ='Page 4'!H19 -> 0 | D17: ='Page 4'!H40 -> 0 | E17: ='Page 4'!H61 -> 0 | F17: ='Page 4'!H82 -> 0 | G17: ='Page 4'!H103 -> 0 | H17: ='Page 4'!H124 -> 0 | I17: ='Page 4'!H145 -> 0 | J17: =C17+D17+E17+F17+G17+H17+I17 -> 0
A18: एकूण | C18: =C5+C6+C7+C9+C10+C11+C13+C15+C16+C17 -> 17909 | D18: =D5+D6+D7+D9+D10+D11+D13+D15+D16+D17 -> 133322 | E18: =E5+E6+E7+E9+E10+E11+E13+E15+E16+E17 -> 276116 | F18: =F5+F6+F7+F9+F10+F11+F13+F15+F16+F17 -> 484429 | G18: =G5+G6+G7+G9+G10+G11+G13+G15+G16+G17 -> 531413 | H18: =H5+H6+H7+H9+H10+H11+H13+H15+H16+H17 -> 713051 | I18: =I5+I6+I7+I9+I10+I11+I13+I15+I16+I17 -> 403978 | J18: =J5+J6+J7+J9+J10+J11+J12+J13+J15+J16+J17 -> 2560268

Sheet Table-D
A2: जोडपत्र "ड"
A5: अर्थसंकल्पीय अंदाजपत्रक सन 2026-2027
A6: मागणी क्र.सी- 1- लेखाशिर्ष 20530313
A8: संवर्गनिहाय माहिती
A10: अ.क्र. | B10: संवर्ग | C10: मंजूर पदे | E10: भरलेली पदे | G10: रिक्त पदे
C11: स्थायी | D11: अस्थायी | E11: स्थायी | F11: अस्थायी | G11: स्थायी | H11: अस्थायी
A12: 1 | B12: वर्ग-1 | C12: =E12+G12 -> 0 | D12: =F12+H12 -> 0 | E12: 0 | F12: 0 | G12: 0 | H12: 0
A13: 2 | B13: वर्ग-2 | C13: =E13+G13 -> 0 | D13: =F13+H13 -> 0 | E13: 0 | F13: 0 | G13: 0 | H13: 0
A14: 3 | B14: वर्ग-3 | C14: =E14+G14 -> 1014 | D14: =F14+H14 -> 980 | E14: 855 | F14: 687 | G14: 159 | H14: 293
A15: 4 | B15: वर्ग-4 | C15: =E15+G15 -> 1355 | D15: =F15+H15 -> 0 | E15: 1068 | F15: 0 | G15: 287 | H15: 0
A16: -- | B16: एकूण | C16: =C12+C13+C14+C15 -> 2369 | D16: =D12+D13+D14+D15 -> 980 | E16: =E12+E13+E14+E15 -> 1923 | F16: =F12+F13+F14+F15 -> 687 | G16: =G12+G13+G14+G15 -> 446 | H16: =H12+H13+H14+H15 -> 293
E20: सहाय्यक संचालक(लेखा)कोकण विभाग
