Workbook

Sheet Page 1
A1: अर्थसंकल्पीय अंदाजपत्रक सन 2020-2021
A2: मागणी क्र.सी- 1- लेखाशिर्ष 20530162
A3: जिल्हा मुंबई शहर | O3: (आकडे हजारात)
A4: अ. क्र. | B4: वर्ग | C4: पद | D4: मंजूर पदे | E4: मंजूर पदे | F4: विशेष वेतन | G4: मुळ वेतन | H4: ग्रेड वेतन | I4: एकूण | J4: महागाई भत्ता 70% | K4: स्थानिक पुरक भत्ता | L4: घर भाडे भत्ता | M4: वाहन भत्ता | N4: धूलाई भत्ता | O4: रोख भत्ता | P4: चप्पल भत्ता/ इतर | Q4: एकूण
D5: 2023-24 | E5: 2024-25
C6: स्थायी
A7: 1 | B7: वर्ग-1 व 2 | C7: उपविभागीय अधिकारी | D7: 0 | E7: 0 | F7: 0 | G7: 0 | H7: 0 | I7: =SUM(G7:H7) -> 0 | J7: =ROUND(I7*1.6,0) -> 0 | K7: 0 | L7: 0 | M7: 0 | N7: 0 | O7: 0 | P7: 0 | Q7: =SUM(F7+I7+J7+K7+L7+M7+N7+O7+P7) -> 0
C8: नायब तहसिलदार | D8: 0 | E8: 0 | F8: 0 | G8: 0 | H8: 0 | I8: =SUM(G8:H8) -> 0 | J8: =ROUND(I8*1.6,0) -> 0 | K8: 0 | L8: 0 | M8: 0 | N8: 0 | O8: 0 | P8: 0 | Q8: =SUM(F8+I8+J8+K8+L8+M8+N8+O8+P8) -> 0
A9: 2 | B9: वर्ग-3 | C9: लघुलेखक (नि.श्रे.) | D9: 0 | E9: 0 | F9: 0 | G9: 0 | H9: 0 | I9: =SUM(G9:H9) -> 0 | J9: =ROUND(I9*1.6,0) -> 0 | K9: 0 | L9: 0 | M9: 0 | N9: 0 | O9: 0 | P9: 0 | Q9: =SUM(F9+I9+J9+K9+L9+M9+N9+O9+P9) -> 0
C10: अव्वल कारकून | D10: 0 | E10: 0 | F10: 0 | G10: 0 | H10: 0 | I10: =SUM(G10:H10) -> 0 | J10: =ROUND(I10*1.6,0) -> 0 | K10: 0 | L10: 0 | M10: 0 | N10: 0 | O10: 0 | P10: 0 | Q10: =SUM(F10+I10+J10+K10+L10+M10+N10+O10+P10) -> 0
C11: लिपिक | D11: 0 | E11: 0 | F11: 0 | G11: 0 | H11: 0 | I11: =SUM(G11:H11) -> 0 | J11: =ROUND(I11*1.6,0) -> 0 | K11: 0 | L11: 0 | M11: 0 | N11: 0 | O11: 0 | P11: 0 | Q11: =SUM(F11+I11+J11+K11+L11+M11+N11+O11+P11) -> 0
C12: वाहन चालक | D12: 0 | E12: 0 | F12: 0 | G12: 0 | H12: 0 | I12: =SUM(G12:H12) -> 0 | J12: =ROUND(I12*1.6,0) -> 0 | K12: 0 | L12: 0 | M12: 0 | N12: 0 | O12: 0 | P12: 0 | Q12: =SUM(F12+I12+J12+K12+L12+M12+N12+O12+P12) -> 0
A13: 3 | B13: वर्ग-4 | C13: शिपाई | D13: 0 | E13: 0 | F13: 0 | G13: 0 | H13: 0 | I13: =SUM(G13:H13) -> 0 | J13: =ROUND(I13*1.6,0) -> 0 | K13: 0 | L13: 0 | M13: 0 | N13: 0 | O13: 0 | P13: 0 | Q13: =SUM(F13+I13+J13+K13+L13+M13+N13+O13+P13) -> 0
A14: -- | B14: -- | C14: एकूण | D14: =SUM(D7:D13) -> 0 | E14: =SUM(E7:E13) -> 0 | F14: =SUM(F7:F13) -> 0 | G14: =SUM(G7:G13) -> 0 | H14: =SUM(H7:H13) -> 0 | I14: =SUM(I7:I13) -> 0 | J14: =SUM(J7:J13) -> 0 | K14: =SUM(K7:K13) -> 0 | ... Q14: =SUM(Q7:Q13) -> 0
A16: अर्थसंकल्पीय अंदाजपत्रक सन 2020-2021
A17: मागणी क्र.सी- 1- लेखाशिर्ष 20530162
A18: जिल्हा मुंबई शहर | O18: (आकडे हजारात)
A19: अ. क्र. | B19: वर्ग | C19: पद | D19: मंजूर पदे | E19: मंजूर पदे | F19: विशेष वेतन | G19: मुळ वेतन | H19: ग्रेड वेतन | I19: एकूण | J19: महागाई भत्ता 70% | K19: स्थानिक पुरक भत्ता | L19: घर भाडे भत्ता | M19: वाहन भत्ता | N19: धूलाई भत्ता | O19: रोख भत्ता | P19: चप्पल भत्ता/ इतर | Q19: एकूण
D20: 2023-24 | E20: 2024-25
C21: अस्थायी
A22: 1 | B22: वर्ग-1 व 2 | C22: उपविभागीय अधिकारी | D22: 0 | E22: 0 | F22: 0 | G22: 0 | H22: 0 | I22: =SUM(G22:H22) -> 0 | J22: =ROUND(I22*1.6,0) -> 0 | K22: 0 | L22: 0 | M22: 0 | N22: 0 | O22: 0 | P22: 0 | Q22: =SUM(F22+I22+J22+K22+L22+M22+N22+O22+P22) -> 0
C23: नायब तहसिलदार | D23: 0 | E23: 0 | F23: 0 | G23: 0 | H23: 0 | I23: =SUM(G23:H23) -> 0 | J23: =ROUND(I23*1.6,0) -> 0 | K23: 0 | L23: 0 | M23: 0 | N23: 0 | O23: 0 | P23: 0 | Q23: =SUM(F23+I23+J23+K23+L23+M23+N23+O23+P23) -> 0
A24: 2 | B24: वर्ग-3 | C24: लघुलेखक (नि.श्रे.) | D24: 0 | E24: 0 | F24: 0 | G24: 0 | H24: 0 | I24: =SUM(G24:H24) -> 0 | J24: =ROUND(I24*1.6,0) -> 0 | K24: 0 | L24: 0 | M24: 0 | N24: 0 | O24: 0 | P24: 0 | Q24: =SUM(F24+I24+J24+K24+L24+M24+N24+O24+P24) -> 0
C25: अव्वल कारकून | D25: 0 | E25: 0 | F25: 0 | G25: 0 | H25: 0 | I25: =SUM(G25:H25) -> 0 | J25: =ROUND(I25*1.6,0) -> 0 | K25: 0 | L25: 0 | M25: 0 | N25: 0 | O25: 0 | P25: 0 | Q25: =SUM(F25+I25+J25+K25+L25+M25+N25+O25+P25) -> 0
C26: लिपिक | D26: 0 | E26: 0 | F26: 0 | G26: 0 | H26: 0 | I26: =SUM(G26:H26) -> 0 | J26: =ROUND(I26*1.6,0) -> 0 | K26: 0 | L26: 0 | M26: 0 | N26: 0 | O26: 0 | P26: 0 | Q26: =SUM(F26+I26+J26+K26+L26+M26+N26+O26+P26) -> 0
C27: वाहन चालक | D27: 0 | E27: 0 | F27: 0 | G27: 0 | H27: 0 | I27: =SUM(G27:H27) -> 0 | J27: =ROUND(I27*1.6,0) -> 0 | K27: 0 | L27: 0 | M27: 0 | N27: 0 | O27: 0 | P27: 0 | Q27: =SUM(F27+I27+J27+K27+L27+M27+N27+O27+P27) -> 0
A28: 3 | B28: वर्ग-4 | C28: शिपाई | D28: 0 | E28: 0 | F28: 0 | G28: 0 | H28: 0 | I28: =SUM(G28:H28) -> 0 | J28: =ROUND(I28*1.6,0) -> 0 | K28: 0 | L28: 0 | M28: 0 | N28: 0 | O28: 0 | P28: 0 | Q28: =SUM(F28+I28+J28+K28+L28+M28+N28+O28+P28) -> 0
A29: -- | B29: -- | C29: एकूण | D29: =SUM(D22:D28) -> 0 | E29: =SUM(E22:E28) -> 0 | F29: =SUM(F22:F28) -> 0 | G29: =SUM(G22:G28) -> 0 | H29: =SUM(H22:H28) -> 0 | I29: =SUM(I22:I28) -> 0 | J29: =SUM(J22:J28) -> 0 | K29: =SUM(K22:K28) -> 0 | ... Q29: =SUM(Q22:Q28) -> 0
A31: अर्थसंकल्पीय अंदाजपत्रक सन 2026-2027 (प्रपत्र ड)
A32: मागणी क्र.सी- 1- लेखाशिर्ष 20530162
A33: जिल्हा मुंबई उपनगर | O33: (आकडे हजारात)
A34: अ. क्र. | B34: वर्ग | C34: पद | D34: मंजूर पदे | E34: मंजूर पदे | F34: विशेष वेतन | G34: मुळ वेतन | H34: ग्रेड वेतन | I34: एकूण | J34: महागाई भत्ता 70% | K34: स्थानिक पुरक भत्ता | L34: घर भाडे भत्ता | M34: वाहन भत्ता | N34: धूलाई भत्ता | O34: रोख भत्ता | P34: चप्पल भत्ता/ इतर | Q34: एकूण
D35: 2025-26 | E35: 2026-27
C36: स्थायी
A37: 1 | B37: वर्ग-1 व 2 | C37: उपविभागीय अधिकारी | D37: 1 | E37: 1 | F37: 0 | G37: 1304 | H37: 0 | I37: =SUM(G37:H37) -> 1304 | J37: =ROUND(I37*0.7,0) -> 913 | K37: 4 | L37: 391 | M37: 36 | N37: 0 | O37: 0 | P37: 0 | Q37: =SUM(F37+I37+J37+K37+L37+M37+N37+O37+P37) -> 2648
C38: नायब तहसिलदार | D38: 0 | E38: 0 | F38: 0 | G38: 0 | H38: 0 | I38: =SUM(G38:H38) -> 0 | J38: =ROUND(I38*0.7,0) -> 0 | K38: 0 | L38: =ROUND(I38*0.27,0) -> 0 | M38: 0 | N38: 0 | O38: 0 | P38: 0 | Q38: =SUM(F38+I38+J38+K38+L38+M38+N38+O38+P38) -> 0
A39: 2 | B39: वर्ग-3 | C39: लघुलेखक (नि.श्रे.) | D39: 0 | E39: 0 | F39: 0 | G39: 0 | H39: 0 | I39: =SUM(G39:H39) -> 0 | J39: =ROUND(I39*0.7,0) -> 0 | K39: 0 | L39: =ROUND(I39*0.27,0) -> 0 | M39: 0 | N39: 0 | O39: 0 | P39: 0 | Q39: =SUM(F39+I39+J39+K39+L39+M39+N39+O39+P39) -> 0
C40: सहायक महसूल अधिकारी | D40: 0 | E40: 0 | F40: 0 | G40: 0 | H40: 0 | I40: =SUM(G40:H40) -> 0 | J40: =ROUND(I40*0.7,0) -> 0 | K40: 0 | L40: =ROUND(I40*0.27,0) -> 0 | M40: 0 | N40: 0 | O40: 0 | P40: 0 | Q40: =SUM(F40+I40+J40+K40+L40+M40+N40+O40+P40) -> 0
C41: महसूल सहायक | D41: 2 | E41: 2 | F41: 0 | G41: 568 | H41: 0 | I41: =SUM(G41:H41) -> 568 | J41: =ROUND(I41*0.7,0) -> 398 | K41: 4 | L41: 170 | M41: 24 | N41: 0 | O41: 0 | P41: 0 | Q41: =SUM(F41+I41+J41+K41+L41+M41+N41+O41+P41) -> 1164
C42: वाहन चालक | D42: 0 | E42: 0 | F42: 0 | G42: 0 | H42: 0 | I42: =SUM(G42:H42) -> 0 | J42: =ROUND(I42*0.7,0) -> 0 | K42: 0 | L42: =ROUND(I42*0.27,0) -> 0 | M42: 0 | N42: 0 | O42: 0 | P42: 0 | Q42: =SUM(F42+I42+J42+K42+L42+M42+N42+O42+P42) -> 0
A43: 3 | B43: वर्ग-4 | C43: शिपाई | D43: 2 | E43: 2 | F43: 0 | G43: 849 | H43: 0 | I43: =SUM(G43:H43) -> 849 | J43: =ROUND(I43*0.7,0) -> 594 | K43: 4 | L43: 255 | M43: 24 | N43: 2 | O43: 0 | P43: 0 | Q43: =SUM(F43+I43+J43+K43+L43+M43+N43+O43+P43) -> 1728
A44: -- | B44: -- | C44: एकूण | D44: =SUM(D37:D43) -> 5 | E44: =SUM(E37:E43) -> 5 | F44: =SUM(F37:F43) -> 0 | G44: =SUM(G37:G43) -> 2721 | H44: =SUM(H37:H43) -> 0 | I44: =SUM(I37:I43) -> 2721 | J44: =SUM(J37:J43) -> 1905 | K44: =SUM(K37:K43) -> 12 | ... Q44: =SUM(Q37:Q43) -> 5540
A46: अर्थसंकल्पीय अंदाजपत्रक सन 2026-2027 (प्रपत्र ड)
A47: मागणी क्र.सी- 1- लेखाशिर्ष 20530162
A48: जिल्हा मुंबई उपनगर | O48: (आकडे हजारात)
A49: अ. क्र. | B49: वर्ग | C49: पद | D49: मंजूर पदे | E49: मंजूर पदे | F49: विशेष वेतन | G49: मुळ वेतन | H49: ग्रेड वेतन | I49: एकूण | J49: महागाई भत्ता 70% | K49: स्थानिक पुरक भत्ता | L49: घर भाडे भत्ता | M49: वाहन भत्ता | N49: धूलाई भत्ता | O49: रोख भत्ता | P49: चप्पल भत्ता/ इतर | Q49: एकूण
D50: 2025-26 | E50: 2026-27
C51: अस्थायी
A52: 1 | B52: वर्ग-1 व 2 | C52: उपविभागीय अधिकारी | D52: 1 | E52: 1 | F52: 0 | G52: 2184 | H52: 0 | I52: =SUM(G52:H52) -> 2184 | J52: =ROUND(I52*0.7,0) -> 1529 | K52: 4 | L52: 655 | M52: 32 | N52: 0 | O52: 0 | P52: 0 | Q52: =SUM(F52+I52+J52+K52+L52+M52+N52+O52+P52) -> 4404
C53: नायब तहसिलदार | D53: 2 | E53: 2 | F53: 0 | G53: 2685 | H53: 0 | I53: =SUM(G53:H53) -> 2685 | J53: =ROUND(I53*0.7,0) -> 1880 | K53: 6 | L53: 806 | M53: 48 | N53: 0 | O53: 0 | P53: 0 | Q53: =SUM(F53+I53+J53+K53+L53+M53+N53+O53+P53) -> 5425
A54: 2 | B54: वर्ग-3 | C54: लघुलेखक (नि.श्रे.) | D54: 2 | E54: 2 | F54: 0 | G54: 480 | H54: 0 | I54: =SUM(G54:H54) -> 480 | J54: =ROUND(I54*0.7,0) -> 336 | K54: 6 | L54: 144 | M54: 24 | N54: 0 | O54: 0 | P54: 0 | Q54: =SUM(F54+I54+J54+K54+L54+M54+N54+O54+P54) -> 990
C55: सहायक महसूल अधिकारी | D55: 4 | E55: 4 | F55: 0 | G55: 2845 | H55: 0 | I55: =SUM(G55:H55) -> 2845 | J55: =ROUND(I55*0.7,0) -> 1992 | K55: 9 | L55: 854 | M55: 48 | N55: 0 | O55: 0 | P55: 0 | Q55: =SUM(F55+I55+J55+K55+L55+M55+N55+O55+P55) -> 5748
C56: महसूल सहायक | D56: 2 | E56: 2 | F56: 0 | G56: 882 | H56: 0 | I56: =SUM(G56:H56) -> 882 | J56: =ROUND(I56*0.7,0) -> 617 | K56: 8 | L56: 265 | M56: 36 | N56: 0 | O56: 0 | P56: 0 | Q56: =SUM(F56+I56+J56+K56+L56+M56+N56+O56+P56) -> 1808
C57: वाहन चालक | D57: 2 | E57: 2 | F57: 0 | G57: 488 | H57: 0 | I57: =SUM(G57:H57) -> 488 | J57: =ROUND(I57*0.7,0) -> 342 | K57: 2 | L57: 146 | M57: 24 | N57: 0 | O57: 0 | P57: 0 | Q57: =SUM(F57+I57+J57+K57+L57+M57+N57+O57+P57) -> 1002
A58: 3 | B58: वर्ग-4 | C58: शिपाई | D58: 2 | E58: 2 | F58: 0 | G58: 470 | H58: 0 | I58: =SUM(G58:H58) -> 470 | J58: 329 | K58: 6 | L58: 141 | M58: 12 | N58: 2 | O58: 0 | P58: 0 | Q58: =SUM(F58+I58+J58+K58+L58+M58+N58+O58+P58) -> 960
A59: -- | B59: -- | C59: एकूण | D59: =SUM(D52:D58) -> 15 | E59: =SUM(E52:E58) -> 15 | F59: =SUM(F52:F58) -> 0 | G59: =SUM(G52:G58) -> 10034 | H59: =SUM(H52:H58) -> 0 | I59: =SUM(I52:I58) -> 10034 | J59: =SUM(J52:J58) -> 7025 | K59: =SUM(K52:K58) -> 41 | ... Q59: =SUM(Q52:Q58) -> 20337
A61: अर्थसंकल्पीय अंदाजपत्रक सन 2026-2027 (प्रपत्र ड)
A62: मागणी क्र.सी- 1- लेखाशिर्ष 20530162
A63: जिल्हा ठाणे | O63: (आकडे हजारात)
A64: अ. क्र. | B64: वर्ग | C64: पद | D64: मंजूर पदे | E64: मंजूर पदे | F64: विशेष वेतन | G64: मुळ वेतन | H64: ग्रेड वेतन | I64: एकूण | J64: महागाई भत्ता 70% | K64: स्थानिक पुरक भत्ता | L64: घर भाडे भत्ता | M64: वाहन भत्ता | N64: धूलाई भत्ता | O64: रोख भत्ता | P64: चप्पल भत्ता/ इतर | Q64: एकूण
D65: 2025-26 | E65: 2026-27
C66: स्थायी
A67: 1 | B67: वर्ग-1 व 2 | C67: उपविभागीय अधिकारी | D67: 2 | E67: 2 | F67: 0 | G67: 2129 | H67: 0 | I67: =SUM(G67:H67) -> 2129 | J67: =ROUND(I67*0.7,0) -> 1490 | K67: 7 | L67: 534 | M67: 32 | N67: 0 | O67: 0 | P67: 0 | Q67: =SUM(F67+I67+J67+K67+L67+M67+N67+O67+P67) -> 4192
C68: नायब तहसिलदार | D68: 0 | E68: 0 | F68: 0 | G68: 0 | H68: 0 | I68: =SUM(G68:H68) -> 0 | J68: =ROUND(I68*0.7,0) -> 0 | K68: 0 | L68: 0 | M68: 0 | N68: 0 | O68: 0 | P68: 0 | Q68: =SUM(F68+I68+J68+K68+L68+M68+N68+O68+P68) -> 0
A69: 2 | B69: वर्ग-3 | C69: लघुलेखक (नि.श्रे.) | D69: 2 | E69: 2 | F69: 0 | G69: 1600 | H69: 0 | I69: =SUM(G69:H69) -> 1600 | J69: =ROUND(I69*0.7,0) -> 1120 | K69: 7 | L69: 394 | M69: 65 | N69: 0 | O69: 0 | P69: 0 | Q69: =SUM(F69+I69+J69+K69+L69+M69+N69+O69+P69) -> 3186
C70: सहायक महसूल अधिकारी | D70: 2 | E70: 2 | F70: 0 | G70: 966 | H70: 0 | I70: =SUM(G70:H70) -> 966 | J70: =ROUND(I70*0.7,0) -> 676 | K70: 5 | L70: 290 | M70: 49 | N70: 0 | O70: 0 | P70: 0 | Q70: =SUM(F70+I70+J70+K70+L70+M70+N70+O70+P70) -> 1986
C71: महसूल सहायक | D71: 4 | E71: 4 | F71: 0 | G71: 1466 | H71: 0 | I71: =SUM(G71:H71) -> 1466 | J71: =ROUND(I71*0.7,0) -> 1026 | K71: 10 | L71: 440 | M71: 97 | N71: 0 | O71: 0 | P71: 0 | Q71: =SUM(F71+I71+J71+K71+L71+M71+N71+O71+P71) -> 3039
C72: वाहन चालक | D72: 2 | E72: 2 | F72: 0 | G72: 985 | H72: 0 | I72: =SUM(G72:H72) -> 985 | J72: 690 | K72: 5 | L72: 251 | M72: 49 | N72: 0 | O72: 0 | P72: 0 | Q72: =SUM(F72+I72+J72+K72+L72+M72+N72+O72+P72) -> 1980
A73: 3 | B73: वर्ग-4 | C73: शिपाई | D73: 4 | E73: 4 | F73: 0 | G73: 1417 | H73: 0 | I73: =SUM(G73:H73) -> 1417 | J73: =ROUND(I73*0.7,0) -> 992 | K73: 9 | L73: 425 | M73: 81 | N73: 1 | O73: 0 | P73: 0 | Q73: =SUM(F73+I73+J73+K73+L73+M73+N73+O73+P73) -> 2925
A74: -- | B74: -- | C74: एकूण | D74: =SUM(D67:D73) -> 16 | E74: =SUM(E67:E73) -> 16 | F74: =SUM(F67:F73) -> 0 | G74: =SUM(G67:G73) -> 8563 | H74: =SUM(H67:H73) -> 0 | I74: =SUM(I67:I73) -> 8563 | J74: =SUM(J67:J73) -> 5994 | K74: =SUM(K67:K73) -> 43 | ... Q74: =SUM(Q67:Q73) -> 17308
A76: अर्थसंकल्पीय अंदाजपत्रक सन 2026-2027 (प्रपत्र ड)
A77: मागणी क्र.सी- 1- लेखाशिर्ष 20530162
A78: जिल्हा ठाणे | O78: (आकडे हजारात)
A79: अ. क्र. | B79: वर्ग | C79: पद | D79: मंजूर पदे | E79: मंजूर पदे | F79: विशेष वेतन | G79: मुळ वेतन | H79: ग्रेड वेतन | I79: एकूण | J79: महागाई भत्ता 70% | K79: स्थानिक पुरक भत्ता | L79: घर भाडे भत्ता | M79: वाहन भत्ता | N79: धूलाई भत्ता | O79: रोख भत्ता | P79: चप्पल भत्ता/ इतर | Q79: एकूण
D80: 2025-26 | E80: 2026-27
C81: अस्थायी
A82: 1 | B82: वर्ग-1 व 2 | C82: उपविभागीय अधिकारी | D82: 2 | E82: 2 | F82: 0 | G82: 2078 | H82: 0 | I82: =SUM(G82:H82) -> 2078 | J82: =ROUND(I82*0.7,0) -> 1455 | K82: 7 | L82: 623 | M82: 130 | N82: 0 | O82: 0 | P82: 0 | Q82: =SUM(F82+I82+J82+K82+L82+M82+N82+O82+P82) -> 4293
C83: नायब तहसिलदार | D83: 4 | E83: 4 | F83: 0 | G83: 2576 | H83: 0 | I83: =SUM(G83:H83) -> 2576 | J83: =ROUND(I83*0.7,0) -> 1803 | K83: 14 | L83: 692 | M83: 130 | N83: 0 | O83: 0 | P83: 0 | Q83: =SUM(F83+I83+J83+K83+L83+M83+N83+O83+P83) -> 5215
A84: 2 | B84: वर्ग-3 | C84: लघुलेखक (नि.श्रे.) | D84: 2 | E84: 2 | F84: 0 | G84: 1747 | H84: 0 | I84: =SUM(G84:H84) -> 1747 | J84: =ROUND(I84*0.7,0) -> 1223 | K84: 7 | L84: 524 | M84: 65 | N84: 0 | O84: 0 | P84: 0 | Q84: =SUM(F84+I84+J84+K84+L84+M84+N84+O84+P84) -> 3566
C85: सहायक महसूल अधिकारी | D85: 6 | E85: 6 | F85: 0 | G85: 3169 | H85: 0 | I85: =SUM(G85:H85) -> 3169 | J85: =ROUND(I85*0.7,0) -> 2218 | K85: 17 | L85: 898 | M85: 178 | N85: 0 | O85: 0 | P85: 0 | Q85: =SUM(F85+I85+J85+K85+L85+M85+N85+O85+P85) -> 6480
C86: महसूल सहायक | D86: 4 | E86: 4 | F86: 0 | G86: 1747 | H86: 0 | I86: =SUM(G86:H86) -> 1747 | J86: =ROUND(I86*0.7,0) -> 1223 | K86: 12 | L86: 524 | M86: 130 | N86: 0 | O86: 0 | P86: 0 | Q86: =SUM(F86+I86+J86+K86+L86+M86+N86+O86+P86) -> 3636
C87: वाहन चालक | D87: 2 | E87: 2 | F87: 0 | G87: 924 | H87: 0 | I87: =SUM(G87:H87) -> 924 | J87: =ROUND(I87*0.7,0) -> 647 | K87: 6 | L87: 277 | M87: 65 | N87: 0 | O87: 0 | P87: 0 | Q87: =SUM(F87+I87+J87+K87+L87+M87+N87+O87+P87) -> 1919
A88: 3 | B88: वर्ग-4 | C88: शिपाई | D88: 4 | E88: 4 | F88: 0 | G88: 1327 | H88: 0 | I88: =SUM(G88:H88) -> 1327 | J88: =ROUND(I88*0.7,0) -> 929 | K88: 10 | L88: 398 | M88: 89 | N88: 0 | O88: 0 | P88: 0 | Q88: =SUM(F88+I88+J88+K88+L88+M88+N88+O88+P88) -> 2753
A89: -- | B89: -- | C89: एकूण | D89: =SUM(D82:D88) -> 24 | E89: =SUM(E82:E88) -> 24 | F89: =SUM(F82:F88) -> 0 | G89: =SUM(G82:G88) -> 13568 | H89: =SUM(H82:H88) -> 0 | I89: =SUM(I82:I88) -> 13568 | J89: =SUM(J82:J88) -> 9498 | K89: =SUM(K82:K88) -> 73 | ... Q89: =SUM(Q82:Q88) -> 27862
A91: अर्थसंकल्पीय अंदाजपत्रक सन 2026-2027 (प्रपत्र ड)
A92: मागणी क्र.सी- 1- लेखाशिर्ष 20530162
A93: जिल्हा पालघर | O93: (आकडे हजारात)
A94: अ. क्र. | B94: वर्ग | C94: पद | D94: मंजूर पदे | E94: मंजूर पदे | F94: विशेष वेतन | G94: मुळ वेतन | H94: ग्रेड वेतन | I94: एकूण | J94: महागाई भत्ता 70% | K94: स्थानिक पुरक भत्ता | L94: घर भाडे भत्ता | M94: वाहन भत्ता | N94: धूलाई भत्ता | O94: रोख भत्ता | P94: चप्पल भत्ता/ इतर | Q94: एकूण
D95: 2025-26 | E95: 2026-27
C96: स्थायी
A97: 1 | B97: वर्ग-1 व 2 | C97: उपविभागीय अधिकारी | D97: 1 | E97: 1 | F97: 0 | G97: 878 | H97: 0 | I97: =SUM(G97:H97) -> 878 | J97: =ROUND(I97*0.7,0) -> 615 | K97: 0 | L97: 88 | M97: 0 | N97: 0 | O97: 0 | P97: 18 | Q97: =SUM(F97+I97+J97+K97+L97+M97+N97+O97+P97) -> 1599 | R97: doooone
C98: नायब तहसिलदार | D98: 0 | E98: 0 | F98: 0 | G98: 0 | H98: 0 | I98: =SUM(G98:H98) -> 0 | J98: =ROUND(I98*0.7,0) -> 0 | K98: 0 | L98: 0 | M98: 0 | N98: 0 | O98: 0 | P98: 0 | Q98: =SUM(F98+I98+J98+K98+L98+M98+N98+O98+P98) -> 0
A99: 2 | B99: वर्ग-3 | C99: लघुलेखक (नि.श्रे.) | D99: 1 | E99: 1 | F99: 0 | G99: 582 | H99: 0 | I99: =SUM(G99:H99) -> 582 | J99: =ROUND(I99*0.7,0) -> 407 | K99: 11 | L99: 58 | M99: 16 | N99: 0 | O99: 0 | P99: 18 | Q99: =SUM(F99+I99+J99+K99+L99+M99+N99+O99+P99) -> 1092
C100: सहायक महसूल अधिकारी | D100: 1 | E100: 1 | F100: 0 | G100: 538 | H100: 0 | I100: =SUM(G100:H100) -> 538 | J100: =ROUND(I100*0.7,0) -> 377 | K100: 11 | L100: 54 | M100: 16 | N100: 0 | O100: 0 | P100: 18 | Q100: =SUM(F100+I100+J100+K100+L100+M100+N100+O100+P100) -> 1014
C101: महसूल सहायक | D101: 2 | E101: 2 | F101: 0 | G101: 1057 | H101: 0 | I101: =SUM(G101:H101) -> 1057 | J101: =ROUND(I101*0.7,0) -> 740 | K101: 12 | L101: 106 | M101: 32 | N101: 0 | O101: 0 | P101: 36 | Q101: =SUM(F101+I101+J101+K101+L101+M101+N101+O101+P101) -> 1983
C102: वाहन चालक | D102: 1 | E102: 1 | F102: 0 | G102: 636 | H102: 0 | I102: =SUM(G102:H102) -> 636 | J102: =ROUND(I102*0.7,0) -> 445 | K102: 6 | L102: 64 | M102: 16 | N102: 0 | O102: 0 | P102: 24 | Q102: =SUM(F102+I102+J102+K102+L102+M102+N102+O102+P102) -> 1191
A103: 3 | B103: वर्ग-4 | C103: शिपाई | D103: 2 | E103: 2 | F103: 0 | G103: 568 | H103: 0 | I103: =SUM(G103:H103) -> 568 | J103: =ROUND(I103*0.7,0) -> 398 | K103: 4 | L103: 57 | M103: 16 | N103: 0 | O103: 0 | P103: 20 | Q103: =SUM(F103+I103+J103+K103+L103+M103+N103+O103+P103) -> 1063
A104: -- | B104: -- | C104: एकूण | D104: =SUM(D97:D103) -> 8 | E104: =SUM(E97:E103) -> 8 | F104: =SUM(F97:F103) -> 0 | G104: =SUM(G97:G103) -> 4259 | H104: =SUM(H97:H103) -> 0 | I104: =SUM(I97:I103) -> 4259 | J104: =SUM(J97:J103) -> 2982 | K104: =SUM(K97:K103) -> 44 | ... Q104: =SUM(Q97:Q103) -> 7942
A106: अर्थसंकल्पीय अंदाजपत्रक सन 2026-2027 (प्रपत्र ड)
A107: मागणी क्र.सी- 1- लेखाशिर्ष 20530162
...

Sheet Page 2
A1: अर्थसंकल्पीय अंदाजपत्रक सन 2026-2027 (प्रपत्र क)
A2: मागणी क्र.सी- 1- लेखाशिर्ष 20530162
A3: (आकडे हजारात)
A4: जिल्हा | B4: स्थायी पदे
C5: भरलेली पदे | G5: रिक्त पदे | K5: एकूण
A6: मुंबई शहर | B6: वर्ग | C6: वर्ग-1 व 2 | D6: वर्ग-3 | E6: वर्ग-4 | F6: एकूण | G6: वर्ग-1 व 2 | H6: वर्ग-3 | I6: वर्ग-4 | J6: एकूण | K6: एकूण
B7: पदे | C7: 0 | D7: 0 | E7: 0 | F7: =SUM(C7:E7) -> 0 | G7: 0 | H7: 0 | I7: 0 | J7: =SUM(G7:I7) -> 0 | K7: =SUM(J7,F7) -> 0
B8: वेतन | C8: 0 | D8: 0 | E8: 0 | F8: =SUM(C8:E8) -> 0 | G8: 0 | H8: 0 | I8: 0 | J8: =SUM(G8:I8) -> 0 | K8: =SUM(J8,F8) -> 0
B9: ग्रेड पे | C9: 0 | D9: 0 | E9: 0 | F9: =SUM(C9:E9) -> 0 | G9: 0 | H9: 0 | I9: 0 | J9: =SUM(G9:I9) -> 0 | K9: =SUM(J9,F9) -> 0
B10: एकूण | C10: =SUM(C8:C9) -> 0 | D10: =SUM(D8:D9) -> 0 | E10: =SUM(E8:E9) -> 0 | F10: =SUM(C10:E10) -> 0 | G10: =SUM(G8:G9) -> 0 | H10: =SUM(H8:H9) -> 0 | I10: =SUM(I8:I9) -> 0 | J10: =SUM(J8:J9) -> 0 | K10: =SUM(K8:K9) -> 0
B11: विशेष वेतन | C11: 0 | D11: 0 | E11: 0 | F11: =SUM(C11:E11) -> 0 | G11: 0 | H11: 0 | I11: 0 | J11: =SUM(G11:I11) -> 0 | K11: =SUM(J11,F11) -> 0
B12: महा.भत्ता | C12: 0 | D12: 0 | E12: 0 | F12: =SUM(C12:E12) -> 0 | G12: 0 | H12: 0 | I12: 0 | J12: =SUM(G12:I12) -> 0 | K12: =SUM(J12,F12) -> 0
B13: स्था.पु.भ. | C13: 0 | D13: 0 | E13: 0 | F13: =SUM(C13:E13) -> 0 | G13: 0 | H13: 0 | I13: 0 | J13: =SUM(G13:I13) -> 0 | K13: =SUM(J13,F13) -> 0
B14: घरभाडे | C14: 0 | D14: 0 | E14: 0 | F14: =SUM(C14:E14) -> 0 | G14: 0 | H14: 0 | I14: 0 | J14: =SUM(G14:I14) -> 0 | K14: =SUM(J14,F14) -> 0
B15: प्रवास भत्ता | C15: 0 | D15: 0 | E15: 0 | F15: =SUM(C15:E15) -> 0 | G15: 0 | H15: 0 | I15: 0 | J15: =SUM(G15:I15) -> 0 | K15: =SUM(J15,F15) -> 0
B16: इतर | C16: 0 | D16: 0 | E16: 0 | F16: =SUM(C16:E16) -> 0 | G16: 0 | H16: 0 | I16: 0 | J16: =SUM(G16:I16) -> 0 | K16: =SUM(J16,F16) -> 0
B17: एकूण | C17: =SUM(C10:C16) -> 0 | D17: =SUM(D10:D16) -> 0 | E17: =SUM(E10:E16) -> 0 | F17: =SUM(F10:F16) -> 0 | G17: =SUM(G10:G16) -> 0 | H17: =SUM(H10:H16) -> 0 | I17: =SUM(I10:I16) -> 0 | J17: =SUM(J10:J16) -> 0 | K17: =SUM(K10:K16) -> 0
A19: जिल्हा | B19: अस्थायी पदे | M19: सर्व वर्ग पदे
C20: भरलेली पदे | G20: रिक्त पदे | K20: एकूण | M20: वर्ग | N20: स्थायी पदे | O20: अस्थायी पदे | P20: एकूण
A21: मुंबई शहर | B21: वर्ग | C21: वर्ग-1 व 2 | D21: वर्ग-3 | E21: वर्ग-4 | F21: एकूण | G21: वर्ग-1 व 2 | H21: वर्ग-3 | I21: वर्ग-4 | J21: एकूण | K21: एकूण | M21: पदे | N21: =K7 -> 0 | O21: =K22 -> 0 | P21: =SUM(N21:O21) -> 0
B22: पदे | C22: 0 | D22: 0 | E22: 0 | F22: =SUM(C22:E22) -> 0 | G22: 0 | H22: 0 | I22: 0 | J22: =SUM(G22:I22) -> 0 | K22: =SUM(J22,F22) -> 0 | M22: वेतन | N22: =K8 -> 0 | O22: =K23 -> 0 | P22: =SUM(N22:O22) -> 0
B23: वेतन | C23: 0 | D23: 0 | E23: 0 | F23: =SUM(C23:E23) -> 0 | G23: 0 | H23: 0 | I23: 0 | J23: =SUM(G23:I23) -> 0 | K23: =SUM(J23,F23) -> 0 | M23: ग्रेड पे | N23: =K9 -> 0 | O23: =K24 -> 0 | P23: =SUM(N23:O23) -> 0
B24: ग्रेड पे | C24: 0 | D24: 0 | E24: 0 | F24: =SUM(C24:E24) -> 0 | G24: 0 | H24: 0 | I24: 0 | J24: =SUM(G24:I24) -> 0 | K24: =SUM(J24,F24) -> 0 | M24: एकूण | N24: =K10 -> 0 | O24: =K25 -> 0 | P24: =SUM(N24:O24) -> 0
B25: एकूण | C25: =SUM(C23:C24) -> 0 | D25: =SUM(D23:D24) -> 0 | E25: =SUM(E23:E24) -> 0 | F25: =SUM(C25:E25) -> 0 | G25: =SUM(G23:G24) -> 0 | H25: =SUM(H23:H24) -> 0 | I25: =SUM(I23:I24) -> 0 | J25: =SUM(J23:J24) -> 0 | K25: =SUM(K23:K24) -> 0 | M25: महा.भत्ता | N25: =K12 -> 0 | O25: =K27 -> 0 | P25: =SUM(N25:O25) -> 0
B26: विशेष वेतन | C26: 0 | D26: 0 | E26: 0 | F26: =SUM(C26:E26) -> 0 | G26: 0 | H26: 0 | I26: 0 | J26: =SUM(G26:I26) -> 0 | K26: =SUM(J26,F26) -> 0 | M26: विशेष वेतन | N26: =$K$11 -> 0 | O26: =SUM(K26) -> 0 | P26: =SUM(N26:O26) -> 0
B27: महा.भत्ता | C27: 0 | D27: 0 | E27: 0 | F27: =SUM(C27:E27) -> 0 | G27: 0 | H27: 0 | I27: 0 | J27: =SUM(G27:I27) -> 0 | K27: =SUM(J27,F27) -> 0 | M27: स्था.पु.भ. | N27: =K13 -> 0 | O27: =K28 -> 0 | P27: =SUM(N27:O27) -> 0
B28: स्था.पु.भ. | C28: 0 | D28: 0 | E28: 0 | F28: =SUM(C28:E28) -> 0 | G28: 0 | H28: 0 | I28: 0 | J28: =SUM(G28:I28) -> 0 | K28: =SUM(J28,F28) -> 0 | M28: घरभाडे | N28: =K14 -> 0 | O28: =K29 -> 0 | P28: =SUM(N28:O28) -> 0
B29: घरभाडे | C29: 0 | D29: 0 | E29: 0 | F29: =SUM(C29:E29) -> 0 | G29: 0 | H29: 0 | I29: 0 | J29: =SUM(G29:I29) -> 0 | K29: =SUM(J29,F29) -> 0 | M29: प्रवास भत्ता | N29: =K15 -> 0 | O29: =K30 -> 0 | P29: =SUM(N29:O29) -> 0
B30: प्रवास भत्ता | C30: 0 | D30: 0 | E30: 0 | F30: =SUM(C30:E30) -> 0 | G30: 0 | H30: 0 | I30: 0 | J30: =SUM(G30:I30) -> 0 | K30: =SUM(J30,F30) -> 0 | M30: इतर | N30: =K16 -> 0 | O30: =K31 -> 0 | P30: =SUM(N30:O30) -> 0
B31: इतर | C31: 0 | D31: 0 | E31: 0 | F31: =SUM(C31:E31) -> 0 | G31: 0 | H31: 0 | I31: 0 | J31: =SUM(G31:I31) -> 0 | K31: =SUM(J31,F31) -> 0 | M31: एकूण | N31: =SUM(N24:N30) -> 0 | O31: =SUM(O24:O30) -> 0 | P31: =SUM(P24:P30) -> 0
B32: एकूण | C32: =SUM(C25:C31) -> 0 | D32: =SUM(D25:D31) -> 0 | E32: =SUM(E25:E31) -> 0 | F32: =SUM(F25:F31) -> 0 | G32: =SUM(G25:G31) -> 0 | H32: =SUM(H25:H31) -> 0 | I32: =SUM(I25:I31) -> 0 | J32: =SUM(J25:J31) -> 0 | K32: =SUM(K25:K31) -> 0
A34: अर्थसंकल्पीय अंदाजपत्रक सन 2026-2027 (प्रपत्र क)
A35: मागणी क्र.सी- 1- लेखाशिर्ष 20530162
A36: (आकडे हजारात)
A37: जिल्हा | B37: स्थायी पदे
C38: भरलेली पदे | G38: रिक्त पदे | K38: एकूण
A39: मुंबई उपनगर | B39: वर्ग | C39: वर्ग-1 व 2 | D39: वर्ग-3 | E39: वर्ग-4 | F39: एकूण | G39: वर्ग-1 व 2 | H39: वर्ग-3 | I39: वर्ग-4 | J39: एकूण | K39: एकूण
B40: पदे | C40: 1 | D40: 2 | E40: 1 | F40: =SUM(C40:E40) -> 4 | G40: 0 | H40: 0 | I40: 1 | J40: =SUM(G40:I40) -> 1 | K40: =SUM(J40,F40) -> 5
B41: वेतन | C41: 1304 | D41: 568 | E41: 629 | F41: =SUM(C41:E41) -> 2501 | G41: 0 | H41: 0 | I41: 220 | J41: =SUM(G41:I41) -> 220 | K41: =SUM(J41,F41) -> 2721
B42: ग्रेड पे | C42: 0 | D42: 0 | E42: 0 | F42: =SUM(C42:E42) -> 0 | G42: 0 | H42: 0 | I42: 0 | J42: =SUM(G42:I42) -> 0 | K42: =SUM(J42,F42) -> 0
B43: एकूण | C43: =SUM(C41:C42) -> 1304 | D43: =SUM(D41:D42) -> 568 | E43: =SUM(E41:E42) -> 629 | F43: =SUM(C43:E43) -> 2501 | G43: =SUM(G41:G42) -> 0 | H43: =SUM(H41:H42) -> 0 | I43: =SUM(I41:I42) -> 220 | J43: =SUM(J41:J42) -> 220 | K43: =SUM(K41:K42) -> 2721
B44: विशेष वेतन | C44: 0 | D44: 0 | E44: 0 | F44: =SUM(C44:E44) -> 0 | G44: 0 | H44: 0 | I44: 0 | J44: =SUM(G44:I44) -> 0 | K44: =SUM(J44,F44) -> 0
B45: महा.भत्ता | C45: 913 | D45: 398 | E45: 440 | F45: =SUM(C45:E45) -> 1751 | G45: 0 | H45: 0 | I45: 154 | J45: =SUM(G45:I45) -> 154 | K45: =SUM(J45,F45) -> 1905
B46: स्था.पु.भ. | C46: 4 | D46: 4 | E46: 4 | F46: =SUM(C46:E46) -> 12 | G46: 0 | H46: 0 | I46: 0 | J46: =SUM(G46:I46) -> 0 | K46: =SUM(J46,F46) -> 12
B47: घरभाडे | C47: 391 | D47: 170 | E47: 189 | F47: =SUM(C47:E47) -> 750 | G47: 0 | H47: 0 | I47: 66 | J47: =SUM(G47:I47) -> 66 | K47: =SUM(J47,F47) -> 816
B48: प्रवास भत्ता | C48: 36 | D48: 24 | E48: 12 | F48: =SUM(C48:E48) -> 72 | G48: 0 | H48: 0 | I48: 12 | J48: =SUM(G48:I48) -> 12 | K48: =SUM(J48,F48) -> 84
B49: इतर | C49: 0 | D49: 0 | E49: 1 | F49: =SUM(C49:E49) -> 1 | G49: 0 | H49: 0 | I49: 1 | J49: =SUM(G49:I49) -> 1 | K49: =SUM(J49,F49) -> 2
B50: एकूण | C50: =SUM(C43:C49) -> 2648 | D50: =SUM(D43:D49) -> 1164 | E50: =SUM(E43:E49) -> 1275 | F50: =SUM(F43:F49) -> 5087 | G50: =SUM(G43:G49) -> 0 | H50: =SUM(H43:H49) -> 0 | I50: =SUM(I43:I49) -> 453 | J50: =SUM(J43:J49) -> 453 | K50: =SUM(K43:K49) -> 5540
A52: जिल्हा | B52: अस्थायी पदे | M52: सर्व वर्ग पदे
C53: भरलेली पदे | G53: रिक्त पदे | K53: एकूण | M53: वर्ग | N53: स्थायी पदे | O53: अस्थायी पदे | P53: एकूण
A54: मुंबई उपनगर | B54: वर्ग | C54: वर्ग-1 व 2 | D54: वर्ग-3 | E54: वर्ग-4 | F54: एकूण | G54: वर्ग-1 व 2 | H54: वर्ग-3 | I54: वर्ग-4 | J54: एकूण | K54: एकूण | M54: पदे | N54: =K40 -> 5 | O54: =K55 -> 15 | P54: =SUM(N54:O54) -> 20
B55: पदे | C55: 3 | D55: 6 | E55: 1 | F55: =SUM(C55:E55) -> 10 | G55: 0 | H55: 4 | I55: 1 | J55: =SUM(G55:I55) -> 5 | K55: =SUM(J55,F55) -> 15 | M55: वेतन | N55: =K41 -> 2721 | O55: =K56 -> 10034 | P55: =SUM(N55:O55) -> 12755
B56: वेतन | C56: 4869 | D56: 2966 | E56: 250 | F56: =SUM(C56:E56) -> 8085 | G56: 0 | H56: 1729 | I56: 220 | J56: =SUM(G56:I56) -> 1949 | K56: =SUM(J56,F56) -> 10034 | M56: ग्रेड पे | N56: =K42 -> 0 | O56: =K57 -> 0 | P56: =SUM(N56:O56) -> 0
B57: ग्रेड पे | C57: 0 | D57: 0 | E57: 0 | F57: =SUM(C57:E57) -> 0 | G57: 0 | H57: 0 | I57: 0 | J57: =SUM(G57:I57) -> 0 | K57: =SUM(J57,F57) -> 0 | M57: एकूण | N57: =K43 -> 2721 | O57: =K58 -> 10034 | P57: =SUM(N57:O57) -> 12755
B58: एकूण | C58: =SUM(C56:C57) -> 4869 | D58: =SUM(D56:D57) -> 2966 | E58: =SUM(E56:E57) -> 250 | F58: =SUM(C58:E58) -> 8085 | G58: =SUM(G56:G57) -> 0 | H58: =SUM(H56:H57) -> 1729 | I58: =SUM(I56:I57) -> 220 | J58: =SUM(J56:J57) -> 1949 | K58: =SUM(K56:K57) -> 10034 | M58: महा.भत्ता | N58: =K45 -> 1905 | O58: =K60 -> 7025 | P58: =SUM(N58:O58) -> 8930
B59: विशेष वेतन | C59: 0 | D59: 0 | E59: 0 | F59: =SUM(C59:E59) -> 0 | G59: 0 | H59: 0 | I59: 0 | J59: =SUM(G59:I59) -> 0 | K59: =SUM(J59,F59) -> 0 | M59: विशेष वेतन | N59: =$K$11 -> 0 | O59: =SUM(K59) -> 0 | P59: =SUM(N59:O59) -> 0
B60: महा.भत्ता | C60: 3409 | D60: 2076 | E60: 175 | F60: =SUM(C60:E60) -> 5660 | G60: 0 | H60: 1211 | I60: 154 | J60: =SUM(G60:I60) -> 1365 | K60: =SUM(J60,F60) -> 7025 | M60: स्था.पु.भ. | N60: =K46 -> 12 | O60: =K61 -> 41 | P60: =SUM(N60:O60) -> 53
B61: स्था.पु.भ. | C61: 10 | D61: 17 | E61: 3 | F61: =SUM(C61:E61) -> 30 | G61: 0 | H61: 8 | I61: 3 | J61: =SUM(G61:I61) -> 11 | K61: =SUM(J61,F61) -> 41 | M61: घरभाडे | N61: =K47 -> 816 | O61: =K62 -> 3011 | P61: =SUM(N61:O61) -> 3827
B62: घरभाडे | C62: 1461 | D62: 890 | E62: 75 | F62: =SUM(C62:E62) -> 2426 | G62: 0 | H62: 519 | I62: 66 | J62: =SUM(G62:I62) -> 585 | K62: =SUM(J62,F62) -> 3011 | M62: प्रवास भत्ता | N62: =K48 -> 84 | O62: =K63 -> 224 | P62: =SUM(N62:O62) -> 308
B63: प्रवास भत्ता | C63: 80 | D63: 72 | E63: 6 | F63: =SUM(C63:E63) -> 158 | G63: 0 | H63: 60 | I63: 6 | J63: =SUM(G63:I63) -> 66 | K63: =SUM(J63,F63) -> 224 | M63: इतर | N63: =K49 -> 2 | O63: =K64 -> 2 | P63: =SUM(N63:O63) -> 4
B64: इतर | C64: 0 | D64: 0 | E64: 0 | F64: =SUM(C64:E64) -> 0 | G64: 0 | H64: 0 | I64: 2 | J64: =SUM(G64:I64) -> 2 | K64: =SUM(J64,F64) -> 2 | M64: एकूण | N64: =SUM(N57:N63) -> 5540 | O64: =SUM(O57:O63) -> 20337 | P64: =SUM(P57:P63) -> 25877
B65: एकूण | C65: =SUM(C58:C64) -> 9829 | D65: =SUM(D58:D64) -> 6021 | E65: =SUM(E58:E64) -> 509 | F65: =SUM(F58:F64) -> 16359 | G65: =SUM(G58:G64) -> 0 | H65: =SUM(H58:H64) -> 3527 | I65: =SUM(I58:I64) -> 451 | J65: =SUM(J58:J64) -> 3978 | K65: =SUM(K58:K64) -> 20337
A67: अर्थसंकल्पीय अंदाजपत्रक सन 2026-2027 (प्रपत्र क)
A68: मागणी क्र.सी- 1- लेखाशिर्ष 20530162
A69: (आकडे हजारात)
A70: जिल्हा | B70: स्थायी पदे
C71: भरलेली पदे | G71: रिक्त पदे | K71: एकूण
A72: ठाणे | B72: वर्ग | C72: वर्ग-1 व 2 | D72: वर्ग-3 | E72: वर्ग-4 | F72: एकूण | G72: वर्ग-1 व 2 | H72: वर्ग-3 | I72: वर्ग-4 | J72: एकूण | K72: एकूण
B73: पदे | C73: 2 | D73: 7 | E73: 4 | F73: =SUM(C73:E73) -> 13 | G73: 0 | H73: 3 | I73: 0 | J73: =SUM(G73:I73) -> 3 | K73: =SUM(J73,F73) -> 16
B74: वेतन | C74: 2129 | D74: 2971 | E74: 1417 | F74: =SUM(C74:E74) -> 6517 | G74: 0 | H74: 2046 | I74: 0 | J74: =SUM(G74:I74) -> 2046 | K74: =SUM(J74,F74) -> 8563
B75: ग्रेड पे | C75: 0 | D75: 0 | E75: 0 | F75: =SUM(C75:E75) -> 0 | G75: 0 | H75: 0 | I75: 0 | J75: =SUM(G75:I75) -> 0 | K75: =SUM(J75,F75) -> 0
B76: एकूण | C76: =SUM(C74:C75) -> 2129 | D76: =SUM(D74:D75) -> 2971 | E76: =SUM(E74:E75) -> 1417 | F76: =SUM(C76:E76) -> 6517 | G76: =SUM(G74:G75) -> 0 | H76: =SUM(H74:H75) -> 2046 | I76: =SUM(I74:I75) -> 0 | J76: =SUM(J74:J75) -> 2046 | K76: =SUM(K74:K75) -> 8563
B77: विशेष वेतन | C77: 0 | D77: 0 | E77: 0 | F77: =SUM(C77:E77) -> 0 | G77: 0 | H77: 0 | I77: 0 | J77: =SUM(G77:I77) -> 0 | K77: =SUM(J77,F77) -> 0
B78: महा.भत्ता | C78: 1490 | D78: 2080 | E78: 992 | F78: =SUM(C78:E78) -> 4562 | G78: 0 | H78: 1432 | I78: 0 | J78: =SUM(G78:I78) -> 1432 | K78: =SUM(J78,F78) -> 5994
B79: स्था.पु.भ. | C79: 7 | D79: 18 | E79: 9 | F79: =SUM(C79:E79) -> 34 | G79: 0 | H79: 9 | I79: 0 | J79: =SUM(G79:I79) -> 9 | K79: =SUM(J79,F79) -> 43
B80: घरभाडे | C80: 534 | D80: 891 | E80: 425 | F80: =SUM(C80:E80) -> 1850 | G80: 0 | H80: 484 | I80: 0 | J80: =SUM(G80:I80) -> 484 | K80: =SUM(J80,F80) -> 2334
B81: प्रवास भत्ता | C81: 32 | D81: 179 | E81: 81 | F81: =SUM(C81:E81) -> 292 | G81: 0 | H81: 81 | I81: 0 | J81: =SUM(G81:I81) -> 81 | K81: =SUM(J81,F81) -> 373
B82: इतर | C82: 0 | D82: 0 | E82: 1 | F82: =SUM(C82:E82) -> 1 | G82: 0 | H82: 0 | I82: 0 | J82: =SUM(G82:I82) -> 0 | K82: =SUM(J82,F82) -> 1
B83: एकूण | C83: =SUM(C76:C82) -> 4192 | D83: =SUM(D76:D82) -> 6139 | E83: =SUM(E76:E82) -> 2925 | F83: =SUM(F76:F82) -> 13256 | G83: =SUM(G76:G82) -> 0 | H83: =SUM(H76:H82) -> 4052 | I83: =SUM(I76:I82) -> 0 | J83: =SUM(J76:J82) -> 4052 | K83: =SUM(K76:K82) -> 17308
A85: जिल्हा | B85: अस्थायी पदे | M85: सर्व वर्ग पदे
C86: भरलेली पदे | G86: रिक्त पदे | K86: एकूण | M86: वर्ग | N86: स्थायी पदे | O86: अस्थायी पदे | P86: एकूण
A87: ठाणे | B87: वर्ग | C87: वर्ग-1 व 2 | D87: वर्ग-3 | E87: वर्ग-4 | F87: एकूण | G87: वर्ग-1 व 2 | H87: वर्ग-3 | I87: वर्ग-4 | J87: एकूण | K87: एकूण | M87: पदे | N87: =K73 -> 16 | O87: =K88 -> 24 | P87: =SUM(N87:O87) -> 40
B88: पदे | C88: 6 | D88: 14 | E88: 4 | F88: =SUM(C88:E88) -> 24 | G88: 0 | H88: 0 | I88: 0 | J88: =SUM(G88:I88) -> 0 | K88: =SUM(J88,F88) -> 24 | M88: वेतन | N88: =K74 -> 8563 | O88: =K89 -> 13568 | P88: =SUM(N88:O88) -> 22131
B89: वेतन | C89: 4654 | D89: 7587 | E89: 1327 | F89: =SUM(C89:E89) -> 13568 | G89: 0 | H89: 0 | I89: 0 | J89: =SUM(G89:I89) -> 0 | K89: =SUM(J89,F89) -> 13568 | M89: ग्रेड पे | N89: =K75 -> 0 | O89: =K90 -> 0 | P89: =SUM(N89:O89) -> 0
B90: ग्रेड पे | C90: 0 | D90: 0 | E90: 0 | F90: =SUM(C90:E90) -> 0 | G90: 0 | H90: 0 | I90: 0 | J90: =SUM(G90:I90) -> 0 | K90: =SUM(J90,F90) -> 0 | M90: एकूण | N90: =K76 -> 8563 | O90: =K91 -> 13568 | P90: =SUM(N90:O90) -> 22131
B91: एकूण | C91: =SUM(C89:C90) -> 4654 | D91: =SUM(D89:D90) -> 7587 | E91: =SUM(E89:E90) -> 1327 | F91: =SUM(C91:E91) -> 13568 | G91: =SUM(G89:G90) -> 0 | H91: =SUM(H89:H90) -> 0 | I91: =SUM(I89:I90) -> 0 | J91: =SUM(J89:J90) -> 0 | K91: =SUM(K89:K90) -> 13568 | M91: महा.भत्ता | N91: =K78 -> 5994 | O91: =K93 -> 9498 | P91: =SUM(N91:O91) -> 15492
B92: विशेष वेतन | C92: 0 | D92: 0 | E92: 0 | F92: =SUM(C92:E92) -> 0 | G92: 0 | H92: 0 | I92: 0 | J92: =SUM(G92:I92) -> 0 | K92: =SUM(J92,F92) -> 0 | M92: विशेष वेतन | N92: =$K$11 -> 0 | O92: =SUM(K92) -> 0 | P92: =SUM(N92:O92) -> 0
B93: महा.भत्ता | C93: 3258 | D93: 5311 | E93: 929 | F93: =SUM(C93:E93) -> 9498 | G93: 0 | H93: 0 | I93: 0 | J93: =SUM(G93:I93) -> 0 | K93: =SUM(J93,F93) -> 9498 | M93: स्था.पु.भ. | N93: =K79 -> 43 | O93: =K94 -> 73 | P93: =SUM(N93:O93) -> 116
B94: स्था.पु.भ. | C94: 21 | D94: 42 | E94: 10 | F94: =SUM(C94:E94) -> 73 | G94: 0 | H94: 0 | I94: 0 | J94: =SUM(G94:I94) -> 0 | K94: =SUM(J94,F94) -> 73 | M94: घरभाडे | N94: =K80 -> 2334 | O94: =K95 -> 3936 | P94: =SUM(N94:O94) -> 6270
B95: घरभाडे | C95: 1315 | D95: 2223 | E95: 398 | F95: =SUM(C95:E95) -> 3936 | G95: 0 | H95: 0 | I95: 0 | J95: =SUM(G95:I95) -> 0 | K95: =SUM(J95,F95) -> 3936 | M95: प्रवास भत्ता | N95: =K81 -> 373 | O95: =K96 -> 787 | P95: =SUM(N95:O95) -> 1160
B96: प्रवास भत्ता | C96: 260 | D96: 438 | E96: 89 | F96: =SUM(C96:E96) -> 787 | G96: 0 | H96: 0 | I96: 0 | J96: =SUM(G96:I96) -> 0 | K96: =SUM(J96,F96) -> 787 | M96: इतर | N96: =K82 -> 1 | O96: =K97 -> 0 | P96: =SUM(N96:O96) -> 1
B97: इतर | C97: 0 | D97: 0 | E97: 0 | F97: =SUM(C97:E97) -> 0 | G97: 0 | H97: 0 | I97: 0 | J97: =SUM(G97:I97) -> 0 | K97: =SUM(J97,F97) -> 0 | M97: एकूण | N97: =SUM(N90:N96) -> 17308 | O97: =SUM(O90:O96) -> 27862 | P97: =SUM(P90:P96) -> 45170
B98: एकूण | C98: =SUM(C91:C97) -> 9508 | D98: =SUM(D91:D97) -> 15601 | E98: =SUM(E91:E97) -> 2753 | F98: =SUM(F91:F97) -> 27862 | G98: =SUM(G91:G97) -> 0 | H98: =SUM(H91:H97) -> 0 | I98: =SUM(I91:I97) -> 0 | J98: =SUM(J91:J97) -> 0 | K98: =SUM(K91:K97) -> 27862
A100: अर्थसंकल्पीय अंदाजपत्रक सन 2026-2027 (प्रपत्र क)
A101: मागणी क्र.सी- 1- लेखाशिर्ष 20530162
A102: (आकडे हजारात)
A103: जिल्हा | B103: स्थायी पदे
C104: भरलेली पदे | G104: रिक्त पदे | K104: एकूण
A105: पालघर | B105: वर्ग | C105: वर्ग-1 व 2 | D105: वर्ग-3 | E105: वर्ग-4 | F105: एकूण | G105: वर्ग-1 व 2 | H105: वर्ग-3 | I105: वर्ग-4 | J105: एकूण | K105: एकूण
B106: पदे | C106: 0 | D106: 2 | E106: 1 | F106: =SUM(C106:E106) -> 3 | G106: 1 | H106: 3 | I106: 1 | J106: =SUM(G106:I106) -> 5 | K106: =SUM(J106,F106) -> 8
...

Sheet Page 3
A1: अर्थसंकल्पीय अंदाजपत्रक सन 2020-2021
A2: मागणी क्र.सी- 1- लेखाशिर्ष 20530162
A3: मंजूर पदे
A4: अ.क्र. | B4: वर्ग | C4: स्थायी | E4: अस्थायी | G4: एकूण
C5: भरलेली पदे | D5: रिक्त पदे | E5: भरलेली पदे | F5: रिक्त पदे
A6: 1 | B6: 1 | C6: 0 | D6: 0 | E6: 0 | F6: 0 | G6: =SUM(C6:F6) -> 0
A7: 2 | B7: 2 | C7: 0 | D7: 0 | E7: 0 | F7: 0 | G7: =SUM(C7:F7) -> 0
A8: 3 | B8: 3 | C8: 0 | D8: 0 | E8: 0 | F8: 0 | G8: =SUM(C8:F8) -> 0
A9: 4 | B9: 4 | C9: 0 | D9: 0 | E9: 0 | F9: 0 | G9: =SUM(C9:F9) -> 0
A10: -- | B10: एकूण | C10: =SUM(C6:C9) -> 0 | D10: =SUM(D6:D9) -> 0 | E10: =SUM(E6:E9) -> 0 | F10: =SUM(F6:F9) -> 0 | G10: =SUM(G6:G9) -> 0
F13: (आकडे हजारात)
A14: अ.क्र. | B14: जिल्हा / विभाग | C14: वैद्यकिय खर्च | D14: उत्सव/सण अग्रिम | E14: स्वग्राम/महाराष्ट्र दर्शन | F14: 6 व्या वेतन आयोग फरक | G14: इतर | H14: एकूण
A15: 1 | B15: मुंबई शहर | C15: 0 | D15: 0 | E15: 0 | F15: 0 | G15: 0 | H15: =SUM(C15:G15) -> 0
A17: अर्थसंकल्पीय अंदाजपत्रक सन 2026-2027 (प्रपत्र ब)
A18: मागणी क्र.सी- 1- लेखाशिर्ष 20530162
A19: मंजूर पदे
A20: अ.क्र. | B20: वर्ग | C20: स्थायी | E20: अस्थायी | G20: एकूण
C21: भरलेली पदे | D21: रिक्त पदे | E21: भरलेली पदे | F21: रिक्त पदे
A22: 1 | B22: 1 | C22: 1 | D22: 0 | E22: 1 | F22: 0 | G22: =SUM(C22:F22) -> 2
A23: 2 | B23: 2 | C23: 0 | D23: 0 | E23: 2 | F23: 0 | G23: =SUM(C23:F23) -> 2
A24: 3 | B24: 3 | C24: 2 | D24: 0 | E24: 6 | F24: 4 | G24: =SUM(C24:F24) -> 12
A25: 4 | B25: 4 | C25: 1 | D25: 1 | E25: 1 | F25: 1 | G25: =SUM(C25:F25) -> 4
A26: -- | B26: एकूण | C26: =SUM(C22:C25) -> 4 | D26: =SUM(D22:D25) -> 1 | E26: =SUM(E22:E25) -> 10 | F26: =SUM(F22:F25) -> 5 | G26: =SUM(G22:G25) -> 20
F29: (आकडे हजारात)
A30: अ.क्र. | B30: जिल्हा / विभाग | C30: वैद्यकिय खर्च | D30: उत्सव/सण अग्रिम | E30: स्वग्राम/महाराष्ट्र दर्शन | F30: NPS | G30: इतर | H30: एकूण
A31: 1 | B31: मुंबई उपनगर | C31: 1600 | D31: 150 | E31: 150 | F31: 500 | G31: 500 | H31: =SUM(C31:G31) -> 2900
A33: अर्थसंकल्पीय अंदाजपत्रक सन 2026-2027 (प्रपत्र ब)
A34: मागणी क्र.सी- 1- लेखाशिर्ष 20530162
A35: मंजूर पदे
A36: अ.क्र. | B36: वर्ग | C36: स्थायी | E36: अस्थायी | G36: एकूण
C37: भरलेली पदे | D37: रिक्त पदे | E37: भरलेली पदे | F37: रिक्त पदे
A38: 1 | B38: 1 | C38: 2 | D38: 0 | E38: 2 | F38: 0 | G38: =SUM(C38:F38) -> 4
A39: 2 | B39: 2 | C39: 0 | D39: 0 | E39: 4 | F39: 0 | G39: =SUM(C39:F39) -> 4
A40: 3 | B40: 3 | C40: 7 | D40: 3 | E40: 14 | F40: 0 | G40: =SUM(C40:F40) -> 24
A41: 4 | B41: 4 | C41: 4 | D41: 0 | E41: 4 | F41: 0 | G41: =SUM(C41:F41) -> 8
A42: -- | B42: एकूण | C42: =SUM(C38:C41) -> 13 | D42: =SUM(D38:D41) -> 3 | E42: =SUM(E38:E41) -> 24 | F42: =SUM(F38:F41) -> 0 | G42: =SUM(G38:G41) -> 40
F45: (आकडे हजारात)
A46: अ.क्र. | B46: जिल्हा / विभाग | C46: वैद्यकिय खर्च | D46: उत्सव/सण अग्रिम | E46: स्वग्राम/महाराष्ट्र दर्शन | F46: NPS | G46: इतर | H46: एकूण
A47: 1 | B47: ठाणे | C47: 650 | D47: 155 | E47: 100 | F47: 0 | G47: 4172 | H47: =SUM(C47:G47) -> 5077
A49: अर्थसंकल्पीय अंदाजपत्रक सन 2026-2027 (प्रपत्र ब)
A50: मागणी क्र.सी- 1- लेखाशिर्ष 20530162
A51: मंजूर पदे
A52: अ.क्र. | B52: वर्ग | C52: स्थायी | E52: अस्थायी | G52: एकूण
C53: भरलेली पदे | D53: रिक्त पदे | E53: भरलेली पदे | F53: रिक्त पदे
A54: 1 | B54: 1 | C54: 0 | D54: 1 | E54: 3 | F54: 1 | G54: =SUM(C54:F54) -> 5
A55: 2 | B55: 2 | C55: 0 | D55: 0 | E55: 4 | F55: 1 | G55: =SUM(C55:F55) -> 5
A56: 3 | B56: 3 | C56: 2 | D56: 3 | E56: 13 | F56: 12 | G56: =SUM(C56:F56) -> 30
A57: 4 | B57: 4 | C57: 1 | D57: 1 | E57: 5 | F57: 3 | G57: =SUM(C57:F57) -> 10
A58: -- | B58: एकूण | C58: =SUM(C54:C57) -> 3 | D58: =SUM(D54:D57) -> 5 | E58: =SUM(E54:E57) -> 25 | F58: =SUM(F54:F57) -> 17 | G58: =SUM(G54:G57) -> 50
F61: (आकडे हजारात)
A62: अ.क्र. | B62: जिल्हा / विभाग | C62: वैद्यकिय खर्च | D62: उत्सव/सण अग्रिम | E62: स्वग्राम/महाराष्ट्र दर्शन | F62: NPS | G62: इतर | H62: एकूण
A63: 1 | B63: पालघर | C63: 5000 | D63: 500 | E63: 500 | F63: 5500 | G63: 5000 | H63: =SUM(C63:G63) -> 16500
A65: अर्थसंकल्पीय अंदाजपत्रक सन 2026-2027 (प्रपत्र ब)
A66: मागणी क्र.सी- 1- लेखाशिर्ष 20530162
A67: मंजूर पदे
A68: अ.क्र. | B68: वर्ग | C68: स्थायी | E68: अस्थायी | G68: एकूण
C69: भरलेली पदे | D69: रिक्त पदे | E69: भरलेली पदे | F69: रिक्त पदे
A70: 1 | B70: 1 | C70: 2 | D70: 0 | E70: 6 | F70: 0 | G70: =SUM(C70:F70) -> 8
A71: 2 | B71: 2 | C71: 0 | D71: 0 | E71: 8 | F71: 0 | G71: =SUM(C71:F71) -> 8
A72: 3 | B72: 3 | C72: 8 | D72: 9 | E72: 25 | F72: 6 | G72: =SUM(C72:F72) -> 48
A73: 4 | B73: 4 | C73: 4 | D73: 0 | E73: 10 | F73: 2 | G73: =SUM(C73:F73) -> 16
A74: -- | B74: एकूण | C74: =SUM(C70:C73) -> 14 | D74: =SUM(D70:D73) -> 9 | E74: =SUM(E70:E73) -> 49 | F74: =SUM(F70:F73) -> 8 | G74: =SUM(G70:G73) -> 80
F77: (आकडे हजारात)
A78: अ.क्र. | B78: जिल्हा / विभाग | C78: वैद्यकिय खर्च | D78: उत्सव/सण अग्रिम | E78: स्वग्राम/महाराष्ट्र दर्शन | F78: NPS | G78: इतर | H78: एकूण
A79: 1 | B79: रायगड | C79: 8000 | D79: 1200 | E79: 800 | F79: 3421 | G79: 9137 | H79: =SUM(C79:G79) -> 22558
A81: अर्थसंकल्पीय अंदाजपत्रक सन 2026-2027 (प्रपत्र ब)
A82: मागणी क्र.सी- 1- लेखाशिर्ष 20530162
A83: मंजूर पदे
A84: अ.क्र. | B84: वर्ग | C84: स्थायी | E84: अस्थायी | G84: एकूण
C85: भरलेली पदे | D85: रिक्त पदे | E85: भरलेली पदे | F85: रिक्त पदे
A86: 1 | B86: 1 | C86: 3 | D86: 0 | E86: 2 | F86: 0 | G86: =SUM(C86:F86) -> 5
A87: 2 | B87: 2 | C87: 0 | D87: 0 | E87: 5 | F87: 0 | G87: =SUM(C87:F87) -> 5
A88: 3 | B88: 3 | C88: 14 | D88: 4 | E88: 9 | F88: 3 | G88: =SUM(C88:F88) -> 30
A89: 4 | B89: 4 | C89: 5 | D89: 1 | E89: 3 | F89: 1 | G89: =SUM(C89:F89) -> 10
A90: -- | B90: एकूण | C90: =SUM(C86:C89) -> 22 | D90: =SUM(D86:D89) -> 5 | E90: =SUM(E86:E89) -> 19 | F90: =SUM(F86:F89) -> 4 | G90: =SUM(G86:G89) -> 50
F93: (आकडे हजारात)
A94: अ.क्र. | B94: जिल्हा / विभाग | C94: वैद्यकिय खर्च | D94: उत्सव/सण अग्रिम | E94: स्वग्राम/महाराष्ट्र दर्शन | F94: NPS ची रक्कम | G94: इतर | H94: एकूण
A95: 1 | B95: रत्नागिरी | C95: 2900 | D95: 600 | E95: 800 | F95: 8931 | G95: 14117 | H95: =SUM(C95:G95) -> 27348
A97: अर्थसंकल्पीय अंदाजपत्रक सन 2026-2027 (प्रपत्र ब)
A98: मागणी क्र.सी- 1- लेखाशिर्ष 20530162
A99: मंजूर पदे
A100: अ.क्र. | B100: वर्ग | C100: स्थायी | E100: अस्थायी | G100: एकूण
C101: भरलेली पदे | D101: रिक्त पदे | E101: भरलेली पदे | F101: रिक्त पदे
A102: 1 | B102: 1 | C102: 1 | D102: 0 | E102: 2 | F102: 0 | G102: =SUM(C102:F102) -> 3
A103: 2 | B103: 2 | C103: 0 | D103: 0 | E103: 2 | F103: 1 | G103: =SUM(C103:F103) -> 3
A104: 3 | B104: 3 | C104: 5 | D104: 3 | E104: 8 | F104: 2 | G104: =SUM(C104:F104) -> 18
A105: 4 | B105: 4 | C105: 3 | D105: 1 | E105: 2 | F105: 0 | G105: =SUM(C105:F105) -> 6
A106: -- | B106: एकूण | C106: =SUM(C102:C105) -> 9 | D106: =SUM(D102:D105) -> 4 | E106: =SUM(E102:E105) -> 14 | F106: =SUM(F102:F105) -> 3 | G106: =SUM(G102:G105) -> 30
F109: (आकडे हजारात)
A110: अ.क्र. | B110: जिल्हा / विभाग | C110: वैद्यकिय खर्च | D110: उत्सव/सण अग्रिम | E110: स्वग्राम/महाराष्ट्र दर्शन | F110: NPS | G110: इतर | H110: एकूण
A111: 1 | B111: सिंधुदुर्ग | C111: 2490 | D111: 299 | E111: 660 | F111: 2516 | G111: 0 | H111: =SUM(C111:G111) -> 5965
A113: अर्थसंकल्पीय अंदाजपत्रक सन 2026-2027 (प्रपत्र ब)
A114: मागणी क्र.सी- 1- लेखाशिर्ष 20530162
A115: मंजूर पदे
A116: अ.क्र. | B116: वर्ग | C116: स्थायी | E116: अस्थायी | G116: एकूण
C117: भरलेली पदे | D117: रिक्त पदे | E117: भरलेली पदे | F117: रिक्त पदे
A118: 1 | B118: 1 | C118: 0 | D118: 0 | E118: 0 | F118: 0 | G118: =SUM(C118:F118) -> 0
A119: 2 | B119: 2 | C119: 0 | D119: 0 | E119: 0 | F119: 0 | G119: =SUM(C119:F119) -> 0
A120: 3 | B120: 3 | C120: 0 | D120: 0 | E120: 0 | F120: 0 | G120: =SUM(C120:F120) -> 0
A121: 4 | B121: 4 | C121: 0 | D121: 0 | E121: 0 | F121: 0 | G121: =SUM(C121:F121) -> 0
...

Sheet Page 4
A1: अर्थसंकल्पीय अंदाजपत्रक सन 2020-2021
A2: मागणी क्र.सी- 1- लेखाशिर्ष 20530162
A3: जिल्हा मुंबई शहर | L3: (आकडे हजारात)
A4: अ. क्र. | B4: लेख्याची प्राथमिक आणि दुय्यम युनिट | C4: प्रत्यक्ष रक्कमा (खर्च) | F4: अर्थसंकल्पीय अंदाज | G4: सुधारीत अंदाज | H4: अर्थसंकल्पीय अंदाज 2020-2021 | L4: मागील वर्षाच्या प्रत्यक्ष रक्कमा आणि चालु वर्षाच्या अर्थसंकल्पीय अंदाजाची तुलना करता आगामी वर्षासाठीच्या अंदाजातील वाढ किंवा घट यांच्या संबंधातील स्पष्टीकरणे.
C5: 2020-2021 | D5: 2021-2022 | E5: 2022-2023 | F5: 2023-2024 | G5: 2023-2024 | H5: प्राकक्लन (एस्टिमेटिंग) अधिका-याचा | I5: नियंत्रक अधिका-यांचा | J5: प्रशासकीय विभागाचा | K5: वित्त विभागाचा
A6: 1 | B6: 2 | C6: 3 | D6: 4 | E6: 5 | F6: 6 | G6: 7 | H6: 8 | I6: 9 | J6: 10 | K6: 11 | L6: 12
A7: 1 | B7: 01- वेतन | C7: 0 | D7: 0 | E7: 0 | F7: 0 | G7: 0 | H7: 0 | I7: 0 | J7: 0 | K7: 0
A8: 2 | B8: 03- अति.भत्ता | C8: 0 | D8: 0 | E8: 0 | F8: 0 | G8: 0 | H8: 0 | I8: 0 | J8: 0 | K8: 0
A9: 3 | B9: 06- दूरध्वनी, वीज,पाणी व शुल्क | C9: 0 | D9: 0 | E9: 0 | F9: 0 | G9: 0 | H9: 0 | I9: 0 | J9: 0 | K9: 0
A10: 4 | B10: 10- कंत्राटी सेवा | C10: 0 | D10: 0 | E10: 0 | F10: 0 | G10: 0 | H10: 0 | I10: 0 | J10: 0 | K10: 0
A11: 5 | B11: 11- देशांतर्गत प्रवास खर्च | C11: 0 | D11: 0 | E11: 0 | F11: 0 | G11: 0 | H11: 0 | I11: 0 | J11: 0 | K11: 0
A12: 6 | B12: 13- कार्यालयीन खर्च | C12: 0 | D12: 0 | E12: 0 | F12: 0 | G12: 0 | H12: 0 | I12: 0 | J12: 0 | K12: 0
A13: 7 | B13: 14-भाडेपट्टी व कर | C13: 0 | D13: 0 | E13: 0 | F13: 0 | G13: 0 | H13: 0 | I13: 0 | J13: 0 | K13: 0
A14: 8 | B14: 16- प्रकाशने | C14: 0 | D14: 0 | E14: 0 | F14: 0 | G14: 0 | H14: 0 | I14: 0 | J14: 0 | K14: 0
A15: 9 | B15: 17- संगणक खर्च | C15: 0 | D15: 0 | E15: 0 | F15: 0 | G15: 0 | H15: 0 | I15: 0 | J15: 0 | K15: 0
A16: 10 | B16: 20- इतर प्रशासकीय खर्च | C16: 0 | D16: 0 | E16: 0 | F16: 0 | G16: 0 | H16: 0 | I16: 0 | J16: 0 | K16: 0
A17: 11 | B17: 24- इंधन | C17: 0 | D17: 0 | E17: 0 | F17: 0 | G17: 0 | H17: 0 | I17: 0 | J17: 0 | K17: 0
A18: 12 | B18: 26- जाहीरात व प्रसिध्दी खर्च | C18: 0 | D18: 0 | E18: 0 | F18: 0 | G18: 0 | H18: 0 | I18: 0 | J18: 0 | K18: 0
... A20: 14 | B20: 51- मोटार वाहने | C20: 0 | D20: 0 | E20: 0 | F20: 0 | G20: 0 | H20: 0 | I20: 0 | J20: 0 | K20: 0
A21: -- | B21: एकूण | C21: =SUM(C7:C20) -> 0 | D21: =SUM(D7:D20) -> 0 | E21: =SUM(E7:E20) -> 0 | F21: =SUM(F7:F20) -> 0 | G21: =SUM(G7:G20) -> 0 | H21: =SUM(H7:H20) -> 0 | I21: =SUM(I7:I20) -> 0 | J21: =SUM(J7:J20) -> 0 | K21: =SUM(K7:K20) -> 0
A23: अर्थसंकल्पीय अंदाजपत्रक सन 2026-2027 (प्रपत्र अ)
A24: मागणी क्र.सी- 1- लेखाशिर्ष 20530162
A25: जिल्हा मुंबई उपनगर | L25: (आकडे हजारात)
A26: अ. क्र. | B26: लेख्याची प्राथमिक आणि दुय्यम युनिट | C26: प्रत्यक्ष रक्कमा (खर्च) | F26: अर्थसंकल्पीय अंदाज | G26: सुधारीत अंदाज | H26: अर्थसंकल्पीय अंदाज 2026-2027 | L26: मागील वर्षाच्या प्रत्यक्ष रक्कमा आणि चालु वर्षाच्या अर्थसंकल्पीय अंदाजाची तुलना करता आगामी वर्षासाठीच्या अंदाजातील वाढ किंवा घट यांच्या संबंधातील स्पष्टीकरणे.
C27: 2022-2023 | D27: 2023-2024 | E27: 2024-2025 | F27: 2025-2026 | G27: 2025-2026 | H27: प्राकक्लन (एस्टिमेटिंग) अधिका-याचा | I27: नियंत्रक अधिका-यांचा | J27: प्रशासकीय विभागाचा | K27: वित्त विभागाचा
A28: 1 | B28: 2 | C28: 3 | D28: 4 | E28: 5 | F28: 6 | G28: 7 | H28: 8 | I28: 9 | J28: 10 | K28: 11 | L28: 12
A29: 1 | B29: 01- वेतन | C29: 12548 | D29: 12928 | E29: 15513 | F29: 28615 | G29: 28615 | H29: 28777 | I29: 0 | J29: 0 | K29: 0
A30: 2 | B30: 03- अति.भत्ता | C30: 30 | D30: 0 | E30: 38 | F30: 117 | G30: 117 | H30: 200 | I30: 0 | J30: 0 | K30: 0
A31: 3 | B31: 06- दूरध्वनी, वीज,पाणी व शुल्क | C31: 0 | D31: 59 | E31: 79 | F31: 150 | G31: 150 | H31: 200 | I31: 0 | J31: 0 | K31: 0
A32: 4 | B32: 10- कंत्राटी सेवा | C32: 0 | D32: 0 | E32: 0 | F32: 0 | G32: 0 | H32: 0 | I32: 0 | J32: 0 | K32: 0
A33: 5 | B33: 11- देशांतर्गत प्रवास खर्च | C33: 0 | D33: 0 | E33: 0 | F33: 96 | G33: 96 | H33: 96 | I33: 0 | J33: 0 | K33: 0
A34: 6 | B34: 13- कार्यालयीन खर्च | C34: 274 | D34: 759 | E34: 122 | F34: 1500 | G34: 1500 | H34: 1500 | I34: 0 | J34: 0 | K34: 0
A35: 7 | B35: 14-भाडेपट्टी व कर | C35: 0 | D35: 0 | E35: 0 | F35: 0 | G35: 0 | H35: 0 | I35: 0 | J35: 0 | K35: 0
A36: 8 | B36: 16- प्रकाशने | C36: 0 | D36: 0 | E36: 0 | F36: 1 | G36: 1 | H36: 0 | I36: 0 | J36: 0 | K36: 0
A37: 9 | B37: 17- संगणक खर्च | C37: 0 | D37: 0 | E37: 0 | F37: 50 | G37: 50 | H37: 100 | I37: 0 | J37: 0 | K37: 0
A38: 10 | B38: 20- इतर प्रशासकीय खर्च | C38: 0 | D38: 0 | E38: 0 | F38: 0 | G38: 0 | H38: 0 | I38: 0 | J38: 0 | K38: 0
A39: 11 | B39: 24- इंधन | C39: 58 | D39: 454 | E39: 316 | F39: 735 | G39: 735 | H39: 400 | I39: 0 | J39: 0 | K39: 0
A40: 12 | B40: 26- जाहीरात व प्रसिध्दी खर्च | C40: 0 | D40: 0 | E40: 0 | F40: 0 | G40: 0 | H40: 300 | I40: 0 | J40: 0 | K40: 0
... A42: 14 | B42: 51- मोटार वाहने | C42: 0 | D42: 0 | E42: 0 | F42: 0 | G42: 0 | H42: 0 | I42: 0 | J42: 0 | K42: 0
A43: -- | B43: एकूण | C43: =SUM(C29:C42) -> 12910 | D43: =SUM(D29:D42) -> 14200 | E43: =SUM(E29:E42) -> 16068 | F43: =SUM(F29:F42) -> 31264 | G43: =SUM(G29:G42) -> 31264 | H43: =SUM(H29:H42) -> 31573 | I43: =SUM(I29:I42) -> 0 | J43: =SUM(J29:J42) -> 0 | K43: =SUM(K29:K42) -> 0
A45: अर्थसंकल्पीय अंदाजपत्रक सन 2026-2027 (प्रपत्र अ)
A46: मागणी क्र.सी- 1- लेखाशिर्ष 20530162
A47: जिल्हा ठाणे | L47: (आकडे हजारात)
A48: अ. क्र. | B48: लेख्याची प्राथमिक आणि दुय्यम युनिट | C48: प्रत्यक्ष रक्कमा (खर्च) | F48: अर्थसंकल्पीय अंदाज | G48: सुधारीत अंदाज | H48: अर्थसंकल्पीय अंदाज 2026-2027 | L48: मागील वर्षाच्या प्रत्यक्ष रक्कमा आणि चालु वर्षाच्या अर्थसंकल्पीय अंदाजाची तुलना करता आगामी वर्षासाठीच्या अंदाजातील वाढ किंवा घट यांच्या संबंधातील स्पष्टीकरणे.
C49: 2022-2023 | D49: 2023-2024 | E49: 2024-2025 | F49: 2025-2026 | G49: 2025-2026 | H49: प्राकक्लन (एस्टिमेटिंग) अधिका-याचा | I49: नियंत्रक अधिका-यांचा | J49: प्रशासकीय विभागाचा | K49: वित्त विभागाचा
A50: 1 | B50: 2 | C50: 3 | D50: 4 | E50: 5 | F50: 6 | G50: 7 | H50: 8 | I50: 9 | J50: 10 | K50: 11 | L50: 12
A51: 1 | B51: 01- वेतन | C51: 34157 | D51: 35986 | E51: 38064 | F51: 40640 | G51: 46496 | H51: 50247 | I51: 0 | J51: 0 | K51: 0
A52: 2 | B52: 03- अति.भत्ता | C52: 0 | D52: 0 | E52: 0 | F52: 147 | G52: 250 | H52: 250 | I52: 0 | J52: 0 | K52: 0
A53: 3 | B53: 06- दूरध्वनी, वीज,पाणी व शुल्क | C53: 832 | D53: 1122 | E53: 1079 | F53: 1350 | G53: 2700 | H53: 2700 | I53: 0 | J53: 0 | K53: 0
A54: 4 | B54: 10- कंत्राटी सेवा | C54: 0 | D54: 0 | E54: 0 | F54: 0 | G54: 0 | H54: 0 | I54: 0 | J54: 0 | K54: 0
A55: 5 | B55: 11- देशांतर्गत प्रवास खर्च | C55: 0 | D55: 9 | E55: 0 | F55: 260 | G55: 270 | H55: 270 | I55: 0 | J55: 0 | K55: 0
A56: 6 | B56: 13- कार्यालयीन खर्च | C56: 1619 | D56: 1634 | E56: 1562 | F56: 2000 | G56: 2200 | H56: 2200 | I56: 0 | J56: 0 | K56: 0
A57: 7 | B57: 14-भाडेपट्टी व कर | C57: 52 | D57: 35 | E57: 35 | F57: 100 | G57: 200 | H57: 200 | I57: 0 | J57: 0 | K57: 0
A58: 8 | B58: 16- प्रकाशने | C58: 0 | D58: 0 | E58: 0 | F58: 0 | G58: 0 | H58: 0 | I58: 0 | J58: 0 | K58: 0
A59: 9 | B59: 17- संगणक खर्च | C59: 12 | D59: 47 | E59: 62 | F59: 185 | G59: 1000 | H59: 1000 | I59: 0 | J59: 0 | K59: 0
A60: 10 | B60: 20- इतर प्रशासकीय खर्च | C60: 0 | D60: 0 | E60: 0 | F60: 0 | G60: 0 | H60: 0 | I60: 0 | J60: 0 | K60: 0
A61: 11 | B61: 24- इंधन | C61: 136 | D61: 175 | E61: 181 | F61: 570 | G61: 620 | H61: 620 | I61: 0 | J61: 0 | K61: 0
A62: 12 | B62: 26- जाहीरात व प्रसिध्दी खर्च | C62: 0 | D62: 0 | E62: 0 | F62: 0 | G62: 320 | H62: 320 | I62: 0 | J62: 0 | K62: 0
... A64: 14 | B64: 51- मोटार वाहने | C64: 0 | D64: 0 | E64: 0 | F64: 0 | G64: 220 | H64: 220 | I64: 0 | J64: 0 | K64: 0
A65: -- | B65: एकूण | C65: =SUM(C51:C64) -> 36808 | D65: =SUM(D51:D64) -> 39008 | E65: =SUM(E51:E64) -> 40983 | F65: =SUM(F51:F64) -> 45252 | G65: =SUM(G51:G64) -> 54276 | H65: =SUM(H51:H64) -> 58027 | I65: =SUM(I51:I64) -> 0 | J65: =SUM(J51:J64) -> 0 | K65: =SUM(K51:K64) -> 0
A67: अर्थसंकल्पीय अंदाजपत्रक सन 2026-2027 (प्रपत्र अ)
A68: मागणी क्र.सी- 1- लेखाशिर्ष 20530162
A69: जिल्हा पालघर | L69: (आकडे हजारात)
A70: अ. क्र. | B70: लेख्याची प्राथमिक आणि दुय्यम युनिट | C70: प्रत्यक्ष रक्कमा (खर्च) | F70: अर्थसंकल्पीय अंदाज | G70: सुधारीत अंदाज | H70: अर्थसंकल्पीय अंदाज 2026-2027 | L70: मागील वर्षाच्या प्रत्यक्ष रक्कमा आणि चालु वर्षाच्या अर्थसंकल्पीय अंदाजाची तुलना करता आगामी वर्षासाठीच्या अंदाजातील वाढ किंवा घट यांच्या संबंधातील स्पष्टीकरणे.
C71: 2022-2023 | D71: 2023-2024 | E71: 2024-2025 | F71: 2025-2026 | G71: 2025-2026 | H71: प्राकक्लन (एस्टिमेटिंग) अधिका-याचा | I71: नियंत्रक अधिका-यांचा | J71: प्रशासकीय विभागाचा | K71: वित्त विभागाचा
A72: 1 | B72: 2 | C72: 3 | D72: 4 | E72: 5 | F72: 6 | G72: 7 | H72: 8 | I72: 9 | J72: 10 | K72: 11 | L72: 12
A73: 1 | B73: 01- वेतन | C73: 28534 | D73: 31479 | E73: 34638 | F73: 61095 | G73: 61095 | H73: 70827 | I73: 0 | J73: 0 | K73: 0
A74: 2 | B74: 03- अति.भत्ता | C74: 12 | D74: 0 | E74: 45 | F74: 147 | G74: 150 | H74: 250 | I74: 0 | J74: 0 | K74: 0
A75: 3 | B75: 06- दूरध्वनी, वीज,पाणी व शुल्क | C75: 728 | D75: 912 | E75: 790 | F75: 1000 | G75: 1500 | H75: 2500 | I75: 0 | J75: 0 | K75: 0
A76: 4 | B76: 10- कंत्राटी सेवा | C76: 0 | D76: 0 | E76: 0 | F76: 1 | G76: 0 | H76: 0 | I76: 0 | J76: 0 | K76: 0
A77: 5 | B77: 11- देशांतर्गत प्रवास खर्च | C77: 112 | D77: 62 | E77: 57 | F77: 482 | G77: 500 | H77: 500 | I77: 0 | J77: 0 | K77: 0
A78: 6 | B78: 13- कार्यालयीन खर्च | C78: 1161 | D78: 846 | E78: 741 | F78: 2500 | G78: 2500 | H78: 2500 | I78: 0 | J78: 0 | K78: 0
A79: 7 | B79: 14-भाडेपट्टी व कर | C79: 86 | D79: 0 | E79: 55 | F79: 460 | G79: 500 | H79: 1000 | I79: 0 | J79: 0 | K79: 0
A80: 8 | B80: 16- प्रकाशने | C80: 0 | D80: 0 | E80: 0 | F80: 0 | G80: 0 | H80: 0 | I80: 0 | J80: 0 | K80: 0
A81: 9 | B81: 17- संगणक खर्च | C81: 31 | D81: 54 | E81: 20 | F81: 150 | G81: 500 | H81: 800 | I81: 0 | J81: 0 | K81: 0
A82: 10 | B82: 20- इतर प्रशासकीय खर्च | C82: 0 | D82: 0 | E82: 0 | F82: 0 | G82: 0 | H82: 0 | I82: 0 | J82: 0 | K82: 0
A83: 11 | B83: 24- इंधन | C83: 105 | D83: 218 | E83: 58 | F83: 1378 | G83: 1400 | H83: 1500 | I83: 0 | J83: 0 | K83: 0
A84: 12 | B84: 26- जाहीरात व प्रसिध्दी खर्च | C84: 0 | D84: 0 | E84: 0 | F84: 1 | G84: 500 | H84: 600 | I84: 0 | J84: 0 | K84: 0
... A86: 14 | B86: 51- मोटार वाहने | C86: 0 | D86: 0 | E86: 0 | F86: 0 | G86: 500 | H86: 700 | I86: 0 | J86: 0 | K86: 0
A87: -- | B87: एकूण | C87: =SUM(C73:C86) -> 30769 | D87: =SUM(D73:D86) -> 33571 | E87: =SUM(E73:E86) -> 36404 | F87: =SUM(F73:F86) -> 67215 | G87: =SUM(G73:G86) -> 69645 | H87: =SUM(H73:H86) -> 81477 | I87: =SUM(I73:I86) -> 0 | J87: =SUM(J73:J86) -> 0 | K87: =SUM(K73:K86) -> 0
A89: अर्थसंकल्पीय अंदाजपत्रक सन 2026-2027 (प्रपत्र अ)
A90: मागणी क्र.सी- 1- लेखाशिर्ष 20530162
A91: जिल्हा रायगड | L91: (आकडे हजारात)
A92: अ. क्र. | B92: लेख्याची प्राथमिक आणि दुय्यम युनिट | C92: प्रत्यक्ष रक्कमा (खर्च) | F92: अर्थसंकल्पीय अंदाज | G92: सुधारीत अंदाज | H92: अर्थसंकल्पीय अंदाज 2026-2027 | L92: मागील वर्षाच्या प्रत्यक्ष रक्कमा आणि चालु वर्षाच्या अर्थसंकल्पीय अंदाजाची तुलना करता आगामी वर्षासाठीच्या अंदाजातील वाढ किंवा घट यांच्या संबंधातील स्पष्टीकरणे.
C93: 2022-2023 | D93: 2023-2024 | E93: 2024-2025 | F93: 2025-2026 | G93: 2025-2026 | H93: प्राकक्लन (एस्टिमेटिंग) अधिका-याचा | I93: नियंत्रक अधिका-यांचा | J93: प्रशासकीय विभागाचा | K93: वित्त विभागाचा
A94: 1 | B94: 2 | C94: 3 | D94: 4 | E94: 5 | F94: 6 | G94: 7 | H94: 8 | I94: 9 | J94: 10 | K94: 11 | L94: 12
A95: 1 | B95: 01- वेतन | C95: 55022 | D95: 59713 | E95: 63441 | F95: 83460 | G95: 83460 | H95: 94993 | I95: 0 | J95: 0 | K95: 0
A96: 2 | B96: 03- अति.भत्ता | C96: 71 | D96: 85 | E96: 196 | F96: 440 | G96: 440 | H96: 750 | I96: 0 | J96: 0 | K96: 0
A97: 3 | B97: 06- दूरध्वनी, वीज,पाणी व शुल्क | C97: 657 | D97: 770 | E97: 947 | F97: 3000 | G97: 3000 | H97: 6000 | I97: 0 | J97: 0 | K97: 0
A98: 4 | B98: 10- कंत्राटी सेवा | C98: 0 | D98: 0 | E98: 0 | F98: 0 | G98: 0 | H98: 0 | I98: 0 | J98: 0 | K98: 0
A99: 5 | B99: 11- देशांतर्गत प्रवास खर्च | C99: 292 | D99: 651 | E99: 633 | F99: 2891 | G99: 2891 | H99: 3000 | I99: 0 | J99: 0 | K99: 0
A100: 6 | B100: 13- कार्यालयीन खर्च | C100: 4759 | D100: 6210 | E100: 5193 | F100: 8000 | G100: 8000 | H100: 10000 | I100: 0 | J100: 0 | K100: 0
A101: 7 | B101: 14-भाडेपट्टी व कर | C101: 164 | D101: 77 | E101: 81 | F101: 460 | G101: 460 | H101: 1000 | I101: 0 | J101: 0 | K101: 0
A102: 8 | B102: 16- प्रकाशने | C102: 0 | D102: 0 | E102: 0 | F102: 0 | G102: 0 | H102: 0 | I102: 0 | J102: 0 | K102: 0
A103: 9 | B103: 17- संगणक खर्च | C103: 86 | D103: 81 | E103: 47 | F103: 185 | G103: 185 | H103: 1000 | I103: 0 | J103: 0 | K103: 0
A104: 10 | B104: 20- इतर प्रशासकीय खर्च | C104: 0 | D104: 0 | E104: 0 | F104: 0 | G104: 0 | H104: 0 | I104: 0 | J104: 0 | K104: 0
A105: 11 | B105: 24- इंधन | C105: 396 | D105: 700 | E105: 1188 | F105: 2756 | G105: 2756 | H105: 3000 | I105: 0 | J105: 0 | K105: 0
A106: 12 | B106: 26- जाहीरात व प्रसिध्दी खर्च | C106: 0 | D106: 0 | E106: 0 | F106: 0 | G106: 0 | H106: 250 | I106: 0 | J106: 0 | K106: 0
... A108: 14 | B108: 51- मोटार वाहने | C108: 0 | D108: 0 | E108: 0 | F108: 1 | G108: 1 | H108: 1000 | I108: 0 | J108: 0 | K108: 0
A109: -- | B109: एकूण | C109: =SUM(C95:C108) -> 61447 | D109: =SUM(D95:D108) -> 68287 | E109: =SUM(E95:E108) -> 71726 | F109: =SUM(F95:F108) -> 101193 | G109: =SUM(G95:G108) -> 101193 | H109: =SUM(H95:H108) -> 120993 | I109: =SUM(I95:I108) -> 0 | J109: =SUM(J95:J108) -> 0 | K109: =SUM(K95:K108) -> 0
...

Sheet Page 5
A1: अर्थसंकल्पीय अंदाजपत्रक सन 2026-2027
A2: मागणी क्र.सी- 1- लेखाशिर्ष 20530162
A3: कोकण विभाग | L3: (आकडे हजारात)
A4: अ. क्र. | B4: लेख्याची प्राथमिक आणि दुय्यम युनिट | C4: प्रत्यक्ष रक्कमा (खर्च) | F4: अर्थसंकल्पीय अंदाज | G4: सुधारीत अंदाज | H4: अर्थसंकल्पीय अंदाज 2026-2027 | L4: मागील वर्षाच्या प्रत्यक्ष रक्कमा आणि चालु वर्षाच्या अर्थसंकल्पीय अंदाजाची तुलना करता आगामी वर्षासाठीच्या अंदाजातील वाढ किंवा घट यांच्या संबंधातील स्पष्टीकरणे.
C5: 2022-2023 | D5: 2023-2024 | E5: 2024-2025 | F5: 2025-2026 | G5: 2025-2026 | H5: प्राकक्लन (एस्टिमेटिंग) अधिका-याचा | I5: नियंत्रक अधिका-यांचा | J5: प्रशासकीय विभागाचा | K5: वित्त विभागाचा
A6: 1 | B6: 2 | C6: 3 | D6: 4 | E6: 5 | F6: 6 | G6: 7 | H6: 8 | I6: 9 | J6: 10 | K6: 11 | L6: 12
A7: 1 | B7: 01- वेतन | C7: ='Page 4'!C183 -> 183854 | D7: ='Page 4'!D183 -> 197411 | E7: ='Page 4'!E183 -> 214250 | F7: ='Page 4'!F183 -> 320000 | G7: ='Page 4'!G183 -> 333639 | H7: 0 | I7: ='Page 4'!H183 -> 363203 | J7: ='Page 4'!J183 -> 0 | K7: ='Page 4'!K183 -> 0 | L7: 01- वेतन:- या बाबीखाली सातवा वेतन आयोग फरक, चालु महागाई भत्ता दर आकारणी 70% प्रमाणे विचारात घेवून केली आहे. वेळोवेळी होणारी वेतनवाढ व महागाई भत्ता दराप्रमाणे वाढीव अनुदान मिळणेस विनंती आहे.
A8: 2 | B8: 03 अति.भत्ता | C8: ='Page 4'!C184 -> 244 | D8: ='Page 4'!D184 -> 320 | E8: ='Page 4'!E184 -> 690 | F8: ='Page 4'!F184 -> 1700 | G8: ='Page 4'!G184 -> 2007 | H8: 0 | I8: ='Page 4'!H184 -> 2800 | J8: ='Page 4'!J184 -> 0 | K8: ='Page 4'!K184 -> 0 | L8: 03- अति. भत्ता:- विभागीय आयुक्त कोकण विभाग यांचे अधिनस्त सर्व जिल्हयांनी त्यांचेकडील मागील वर्षाच्या उपलेखाशिर्षनिहाय प्रत्यक्ष खर्चाचे अवलोकन सबब सन 2025-26 चे अंदाजपत्रकात वाढ (+) झाली आहे.
A9: 3 | B9: 06- दूरध्वनी वीज,पाणी व शुल्क | C9: ='Page 4'!C185 -> 2712 | D9: ='Page 4'!D185 -> 3369 | E9: ='Page 4'!E185 -> 3435 | F9: ='Page 4'!F185 -> 6000 | G9: ='Page 4'!G185 -> 8450 | H9: 0 | I9: ='Page 4'!H185 -> 12700 | J9: ='Page 4'!J185 -> 0 | K9: ='Page 4'!K185 -> 0 | L9: 06- दूरध्वनी, वीज पाणी व शुल्क:- या बाबीखाली विभागात शासनाने ठरवून दिलेल्या जमीन महसूल कर वसुलीच्या वाढीव उद्दिष्टपूर्तता बाबत जिल्हा कार्यालयाशी मोठया प्रमाणावर संपर्क साधण्यासाठी दूरध्वनीचा वापर, वीजेचे वाढलेले दर व पाणीपट्टीची वाढीव देयके यासाठी वाढीव अनुदानाची गरज आहे.
A10: 4 | B10: 10- कंत्राटी सेवा | C10: ='Page 4'!C186 -> 0 | D10: ='Page 4'!D186 -> 0 | E10: ='Page 4'!E186 -> 0 | F10: ='Page 4'!F186 -> 1 | G10: ='Page 4'!G186 -> 0 | H10: 0 | I10: ='Page 4'!H186 -> 0 | J10: ='Page 4'!J186 -> 0 | K10: ='Page 4'!K186 -> 0
A11: 5 | B11: 11- देशांतर्गत प्रवास खर्च | C11: ='Page 4'!C187 -> 551 | D11: ='Page 4'!D187 -> 980 | E11: ='Page 4'!E187 -> 1091 | F11: ='Page 4'!F187 -> 4500 | G11: ='Page 4'!G187 -> 4557 | H11: 0 | I11: ='Page 4'!H187 -> 4766 | J11: ='Page 4'!J187 -> 0 | K11: ='Page 4'!K187 -> 0 | L11: 11- देशांतर्गत प्रवास खर्च:- 1)सदर बाबीखाली शासनाने ठरवून दिलेल्या जमीन महसूल कर वसुलीच्या वाढीव उद्दिष्टपूर्तताबाबत वाढीव फिरती कराव्या लागत असल्याने प्रवास खर्च अनुदानाची मागणी केली आहे. 2)तसेच संभाव्य बदली प्रवास भत्ता अदा करणेकरीता अनुदानाची आवश्यकता आहे.
A12: 6 | B12: 13- कार्यालयीन खर्च | C12: ='Page 4'!C188 -> 10277 | D12: ='Page 4'!D188 -> 12934 | E12: ='Page 4'!E188 -> 10957 | F12: ='Page 4'!F188 -> 17500 | G12: ='Page 4'!G188 -> 18200 | H12: 0 | I12: ='Page 4'!H188 -> 21300 | J12: ='Page 4'!J188 -> 0 | K12: ='Page 4'!K188 -> 0 | L12: 13- कार्यालयीन खर्च:- सदर बाबीखाली कार्या.खर्चसाठी स्टेशनरी, जडसंग्रह वस्तु, झेरॉक्स यांच्या वाढीव दरामुळे कार्यालयीन खर्च मोठया प्रमाणावर वाढला आहे. त्यामुळे अनुदानाची मागणी केली आहे.
A13: 7 | B13: 14- भाडेपट्टी व कर | C13: ='Page 4'!C189 -> 646 | D13: ='Page 4'!D189 -> 574 | E13: ='Page 4'!E189 -> 606 | F13: ='Page 4'!F189 -> 1595 | G13: ='Page 4'!G189 -> 2490 | H13: 0 | I13: ='Page 4'!H189 -> 3630 | J13: ='Page 4'!J189 -> 0 | K13: ='Page 4'!K189 -> 0 | L13: 14-भाडेपट्टी व कर:- विभागीय आयुक्त कोकण विभाग यांचे अधिनस्त उपविभागीय अधिकारी कार्यालयाचे आवश्यकतेप्रमाणे जिल्हाधिकारी कार्यालयाकडील अंदाजपत्रकीय अनुदान मागणीनुसार अनुदान मंजूर होणेंस विनंती आहे.
A14: 8 | B14: 16- प्रकाशने | C14: ='Page 4'!C190 -> 0 | D14: ='Page 4'!D190 -> 0 | E14: ='Page 4'!E190 -> 0 | F14: ='Page 4'!F190 -> 1 | G14: ='Page 4'!G190 -> 101 | H14: 0 | I14: ='Page 4'!H190 -> 100 | J14: ='Page 4'!J190 -> 0 | K14: ='Page 4'!K190 -> 0 | L14: 16- प्रकाशने:- विभागीय आयुक्त कोकण विभाग यांचे अधिनस्त सर्व उपविभागीय अधिकारी कार्यालयांतील विविध प्रकारच्या छपाईची देयके अदा करण्याकरीता रक्कमेची आवश्यक आहे.
A15: 9 | B15: 17- संगणक खर्च | C15: ='Page 4'!C191 -> 219 | D15: ='Page 4'!D191 -> 200 | E15: ='Page 4'!E191 -> 156 | F15: ='Page 4'!F191 -> 700 | G15: ='Page 4'!G191 -> 2305 | H15: 0 | I15: ='Page 4'!H191 -> 3675 | J15: ='Page 4'!J191 -> 0 | K15: ='Page 4'!K191 -> 0 | L15: 17- संगणक खर्च :- सदर बाबीखाली दरवर्षी अंदाजपत्रकीय मागणीचे तुलनेत कमी अनुदान प्राप्त होत आहे. सदर उपशिर्षाखाली जमीन महसूल कर वसुली उद्दिष्टपूर्तता बाबत शासनास पाठवावयाचे नियतकालीके अहवाल तयार करणे इ. कार्यालयीन कामे संगणकावर करावी लागतात. त्यामुळे नवीन संगणक खरेदीकरीता संगणक खर्च अनुदान मिळणेस विनंती आहे.
A16: 10 | B16: 20- इतर प्रशासकीय खर्च | C16: ='Page 4'!C192 -> 0 | D16: ='Page 4'!D192 -> 0 | E16: ='Page 4'!E192 -> 0 | F16: ='Page 4'!F192 -> 0 | G16: ='Page 4'!G192 -> 0 | H16: 0 | I16: ='Page 4'!H192 -> 0 | J16: ='Page 4'!J192 -> 0 | K16: ='Page 4'!K192 -> 0
A17: 11 | B17: 24- इंधन खर्च | C17: ='Page 4'!C193 -> 1645 | D17: ='Page 4'!D193 -> 2717 | E17: ='Page 4'!E193 -> 2481 | F17: ='Page 4'!F193 -> 7000 | G17: ='Page 4'!G193 -> 7411 | H17: 0 | I17: ='Page 4'!H193 -> 7670 | J17: ='Page 4'!J193 -> 0 | K17: ='Page 4'!K193 -> 0 | L17: 24- इंधन खर्च :- शासनाने ठरवून दिलेल्या वाढीव महसूल उद्दिष्टपूर्तताबाबत विभागीय आयुक्त कोकण विभाग यांचे अधिनस्त एकूण 27 उपविभागीय अधिकारी यांचे विविध दौ-यासाठी त्यांचे वाहनांच्या पेट्रोल व डिझेल खर्चाकरिता अनुदान प्राप्त होणे आवश्यक आहे.
A18: 12 | B18: 26- जाहीरात व प्रसिध्दी खर्च | C18: ='Page 4'!C194 -> 0 | D18: ='Page 4'!D194 -> 0 | E18: ='Page 4'!E194 -> 0 | F18: ='Page 4'!F194 -> 1 | G18: ='Page 4'!G194 -> 920 | H18: 0 | I18: ='Page 4'!H194 -> 1570 | J18: ='Page 4'!J194 -> 0 | K18: ='Page 4'!K194 -> 0 | L18: 26-जाहीरात व प्रसिध्दी खर्च:- जिल्हाधिकारी कार्यालयांचे आवश्यकतेप्रमाणे अनुदान मंजूर होणेंस विनंती आहे.
A19: 13 | B19: 50- इतर खर्च | C19: ='Page 4'!C195 -> 0 | D19: ='Page 4'!D195 -> 0 | E19: ='Page 4'!E195 -> 0 | F19: ='Page 4'!F195 -> 1 | G19: ='Page 4'!G195 -> 600 | H19: 0 | I19: ='Page 4'!H195 -> 400 | J19: ='Page 4'!J195 -> 0 | K19: ='Page 4'!K195 -> 0 | L19: 50- इतर खर्च:- (1)जिल्हाधिकारी कार्यालयांचे आवश्यकतेप्रमाणे अनुदान मंजूर होणेंस विनंती आहे. (2)विभागीय आयुक्त कार्यालयाचे सादर अंदाजपत्रकामध्ये नमूद बाबींव्यतिरिक्त विभागीय आयुक्त कार्यालयात करण्यात येणा-या खर्चाकरीता नवीन बाब निर्माण करण्यासाठी टोकन रक्कमेची आवश्यक आहे.
A20: 14 | B20: 51- मोटार वाहने | C20: ='Page 4'!C196 -> 0 | D20: ='Page 4'!D196 -> 0 | E20: ='Page 4'!E196 -> 0 | F20: ='Page 4'!F196 -> 1 | G20: ='Page 4'!G196 -> 1071 | H20: 0 | I20: ='Page 4'!H196 -> 2320 | J20: ='Page 4'!J196 -> 0 | K20: ='Page 4'!K196 -> 0 | L20: 51-मोटार वाहने:- विभागीय आयुक्त कोकण विभाग यांचे अधिनस्त उपविभागीय अधिकारी कार्यालयांतील वाहन दुरुस्ती व देखभाल खर्चाकरीता अनुदानाची आवश्यकता आहे.
A21: -- | B21: एकूण | C21: =SUM(C7:C20) -> 200148 | D21: =SUM(D7:D20) -> 218505 | E21: =SUM(E7:E20) -> 233666 | F21: =SUM(F7:F20) -> 359000 | G21: =SUM(G7:G20) -> 381751 | H21: =SUM(H7:H20) -> 0 | I21: =SUM(I7:I20) -> 424134 | J21: =SUM(J7:J20) -> 0 | K21: =SUM(K7:K20) -> 0 | L21: --
J24: सहायक संचालक (लेखा) कोकण विभाग

Sheet Distrs.wise Abstract
A1: अर्थसंकल्पीय अंदाजपत्रक सन 2026-2027 (जिल्हानिहाय)
A2: मागणी क्र.सी-1- लेखाशिर्ष : 20530162
A3: (आकडे हजारात)
A4: अ. क्र. | B4: उपलेखाशिर्ष | C4: मुंबई उपनगर | D4: ठाणे | E4: पालघर | F4: रायगड | G4: रत्नागिरी | H4: सिंधुदुर्ग | I4: एकूण
A5: 1 | B5: 01- वेतन | C5: ='Page 4'!H29 -> 28777 | D5: ='Page 4'!H51 -> 50247 | E5: ='Page 4'!H73 -> 70827 | F5: ='Page 4'!H95 -> 94993 | G5: ='Page 4'!H117 -> 80615 | H5: ='Page 4'!H139 -> 37744 | I5: =C5+D5+E5+F5+G5+H5 -> 363203
A6: 2 | B6: 03- अति.भत्ता | C6: ='Page 4'!H30 -> 200 | D6: ='Page 4'!H52 -> 250 | E6: ='Page 4'!H74 -> 250 | F6: ='Page 4'!H96 -> 750 | G6: ='Page 4'!H118 -> 1050 | H6: ='Page 4'!H140 -> 300 | I6: =C6+D6+E6+F6+G6+H6 -> 2800
A7: 3 | B7: 06- दूरध्वनी, वीज,पाणी व शुल्क | C7: ='Page 4'!H31 -> 200 | D7: ='Page 4'!H53 -> 2700 | E7: ='Page 4'!H75 -> 2500 | F7: ='Page 4'!H97 -> 6000 | G7: ='Page 4'!H119 -> 1000 | H7: ='Page 4'!H141 -> 300 | I7: =C7+D7+E7+F7+G7+H7 -> 12700
A8: 4 | B8: 10- कंत्राटी सेवा | C8: ='[1]Page 4'!H32 -> 0 | D8: ='Page 4'!H54 -> 0 | E8: ='Page 4'!H76 -> 0 | F8: ='Page 4'!H98 -> 0 | G8: ='Page 4'!H120 -> 0 | H8: ='Page 4'!H142 -> 0 | I8: =C8+D8+E8+F8+G8+H8 -> 0
A9: 5 | B9: 11- देशांतर्गत प्रवास खर्च | C9: ='Page 4'!H33 -> 96 | D9: ='Page 4'!H55 -> 270 | E9: ='Page 4'!H77 -> 500 | F9: ='Page 4'!H99 -> 3000 | G9: ='Page 4'!H121 -> 600 | H9: ='Page 4'!H143 -> 300 | I9: =C9+D9+E9+F9+G9+H9 -> 4766
A10: 6 | B10: 13- कार्यालयीन खर्च | C10: ='Page 4'!H34 -> 1500 | D10: ='Page 4'!H56 -> 2200 | E10: ='Page 4'!H78 -> 2500 | F10: ='Page 4'!H100 -> 10000 | G10: ='Page 4'!H122 -> 3100 | H10: ='Page 4'!H144 -> 2000 | I10: =C10+D10+E10+F10+G10+H10 -> 21300
A11: 7 | B11: 14-भाडेपट्टी व कर | C11: ='Page 4'!H35 -> 0 | D11: ='Page 4'!H57 -> 200 | E11: ='Page 4'!H79 -> 1000 | F11: ='Page 4'!H101 -> 1000 | G11: ='Page 4'!H123 -> 1400 | H11: ='Page 4'!H145 -> 30 | I11: =C11+D11+E11+F11+G11+H11 -> 3630
A12: 8 | B12: 16- प्रकाशने | C12: ='[1]Page 4'!H36 -> 0 | D12: ='Page 4'!H58 -> 0 | E12: ='Page 4'!H80 -> 0 | F12: ='Page 4'!H102 -> 0 | G12: ='Page 4'!H124 -> 100 | H12: ='Page 4'!H146 -> 0 | I12: =C12+D12+E12+F12+G12+H12 -> 100
A13: 9 | B13: 17- संगणक खर्च | C13: ='Page 4'!H37 -> 100 | D13: ='Page 4'!H59 -> 1000 | E13: ='Page 4'!H81 -> 800 | F13: ='Page 4'!H103 -> 1000 | G13: ='Page 4'!H125 -> 700 | H13: ='Page 4'!H147 -> 75 | I13: =C13+D13+E13+F13+G13+H13 -> 3675
A14: 10 | B14: 20- इतर प्रशासकीय खर्च | C14: ='[1]Page 4'!H38 -> 0 | D14: ='Page 4'!H60 -> 0 | E14: ='Page 4'!H82 -> 0 | F14: ='Page 4'!H104 -> 0 | G14: ='Page 4'!H126 -> 0 | H14: ='Page 4'!H148 -> 0 | I14: =C14+D14+E14+F14+G14+H14 -> 0
A15: 11 | B15: 24- इंधन | C15: ='Page 4'!H39 -> 400 | D15: ='Page 4'!H61 -> 620 | E15: ='Page 4'!H83 -> 1500 | F15: ='Page 4'!H105 -> 3000 | G15: ='Page 4'!H127 -> 1300 | H15: ='Page 4'!H149 -> 850 | I15: =C15+D15+E15+F15+G15+H15 -> 7670
A16: 12 | B16: 26- जाहीरात व प्रसिध्दी खर्च | C16: ='Page 4'!H40 -> 300 | D16: ='Page 4'!H62 -> 320 | E16: ='Page 4'!H84 -> 600 | F16: ='Page 4'!H106 -> 250 | G16: ='Page 4'!H128 -> 100 | H16: ='Page 4'!H150 -> 0 | I16: =C16+D16+E16+F16+G16+H16 -> 1570
A17: 13 | B17: 50- इतर | C17: ='Page 4'!H41 -> 0 | D17: ='Page 4'!H63 -> 0 | E17: ='Page 4'!H85 -> 300 | F17: ='Page 4'!H107 -> 0 | G17: ='Page 4'!H129 -> 100 | H17: ='Page 4'!H151 -> 0 | I17: =C17+D17+E17+F17+G17+H17 -> 400
A18: 14 | B18: 51- मोटार वाहने | C18: ='Page 4'!H42 -> 0 | D18: ='Page 4'!H64 -> 220 | E18: ='Page 4'!H86 -> 700 | F18: ='Page 4'!H108 -> 1000 | G18: ='Page 4'!H130 -> 400 | H18: ='Page 4'!H152 -> 0 | I18: =C18+D18+E18+F18+G18+H18 -> 2320
A19: एकूण | C19: =SUM(C5:C18) -> 31573 | D19: =SUM(D5:D18) -> 58027 | E19: =SUM(E5:E18) -> 81477 | F19: =SUM(F5:F18) -> 120993 | G19: =SUM(G5:G18) -> 90465 | H19: =SUM(H5:H18) -> 41599 | I19: =SUM(I5:I18) -> 424134

Sheet Table-D
A2: जोडपत्र "ड"
A5: अर्थसंकल्पीय अंदाजपत्रक सन 2026-2027
A6: मागणी क्र.सी- 1- लेखाशिर्ष 20530162
A8: संवर्गनिहाय माहिती
A10: अ.क्र. | B10: संवर्ग | C10: मंजूर पदे | E10: भरलेली पदे | G10: रिक्त पदे
C11: स्थायी | D11: अस्थायी | E11: स्थायी | F11: अस्थायी | G11: स्थायी | H11: अस्थायी
A12: 1 | B12: वर्ग-1 | C12: =E12+G12 -> 10 | D12: =F12+H12 -> 17 | E12: 9 | F12: 16 | G12: 1 | H12: 1
A13: 2 | B13: वर्ग-2 | C13: =E13+G13 -> 0 | D13: =F13+H13 -> 27 | E13: 0 | F13: 25 | G13: 0 | H13: 2
A14: 3 | B14: वर्ग-3 | C14: =E14+G14 -> 60 | D14: =F14+H14 -> 102 | E14: 38 | F14: 75 | G14: 22 | H14: 27
A15: 4 | B15: वर्ग-4 | C15: =E15+G15 -> 22 | D15: =F15+H15 -> 32 | E15: 18 | F15: 25 | G15: 4 | H15: 7
A16: -- | B16: एकूण | C16: =C12+C13+C14+C15 -> 92 | D16: =D12+D13+D14+D15 -> 178 | E16: =E12+E13+E14+E15 -> 65 | F16: =F12+F13+F14+F15 -> 141 | G16: =G12+G13+G14+G15 -> 27 | H16: =H12+H13+H14+H15 -> 37
E20: सहायक संचालक (लेखा) कोकण विभाग
