Workbook

Sheet Page 1
A1: प्रपत्र - ड - अर्थसंकल्पीय अंदाजपत्रक सन 2021-2022
A2: मागणी क्र.सी- 1- लेखाशिर्ष 2029 0182
A3: जिल्हा मुंबई शहर | O3: (आकडे हजारात)
A4: अ क्र | B4: वर्ग | C4: पद | D4: मंजूर पदे | E4: मंजूर पदे | F4: विशेष वेतन | G4: मुळ वेतन | H4: ग्रेड वेतन | I4: एकूण | J4: महागाई भत्ता 25% | K4: स्थानिक पुरक भत्ता | L4: घर भाडे भत्ता | M4: वाहन भत्ता | N4: धूलाई भत्ता | O4: रोख भत्ता | P4: चप्पल भत्ता/ इतर | Q4: एकूण
D5: 2020-2021 | E5: 2021-2022
C6: स्थायी
A7: 1 | B7: वर्ग-3 | C7: अव्वल कारकून | I7: 0 | J7: 0 | Q7: 0
C8: लिपिक | I8: 0 | J8: 0 | Q8: 0
C9: एकूण वर्ग 3 | D9: 0 | E9: 0 | F9: 0 | G9: 0 | H9: 0 | I9: 0 | J9: 0 | K9: 0 | L9: 0 | M9: 0 | N9: 0 | O9: 0 | P9: 0 | Q9: 0
A10: 2 | B10: वर्ग-4 | C10: शिपाई | I10: 0 | J10: 0 | Q10: 0
C11: एकूण वर्ग 4 | D11: 0 | E11: 0 | F11: 0 | G11: 0 | H11: 0 | I11: 0 | J11: 0 | K11: 0 | L11: 0 | M11: 0 | N11: 0 | O11: 0 | P11: 0 | Q11: 0
C12: एकूण वर्ग 3 4 | D12: 0 | E12: 0 | F12: 0 | G12: 0 | H12: 0 | I12: 0 | J12: 0 | K12: 0 | L12: 0 | M12: 0 | N12: 0 | O12: 0 | P12: 0 | Q12: 0
A14: अ.क्र. | B14: वर्ग | C14: पद | D14: =D4 -> मंजूर पदे | E14: =E4 -> मंजूर पदे | F14: =F4 -> विशेष वेतन | G14: =G4 -> मुळ वेतन | H14: =H4 -> ग्रेड वेतन | I14: =I4 -> एकूण | J14: =J4 -> महागाई भत्ता 25% | K14: स्थानिक पुरक भत्ता | L14: घर भाडे भत्ता | M14: वाहन भत्ता | N14: धूलाई भत्ता | O14: रोख भत्ता | P14: चप्पल भत्ता/ इतर | Q14: एकूण
D15: =D5 -> 2020-2021 | E15: =E5 -> 2021-2022
C16: अस्थायी
A17: 1 | B17: वर्ग-1 व 2 | C17: उप जिल्हाधिकारी/वि.भू.अधि | I17: 0 | J17: 0 | Q17: 0
C18: नायब तहसिलदार | I18: 0 | J18: 0 | Q18: 0
C19: एकूण वर्ग 1 2 | D19: 0 | E19: 0 | F19: 0 | G19: 0 | H19: 0 | I19: 0 | J19: 0 | K19: 0 | L19: 0 | M19: 0 | N19: 0 | O19: 0 | P19: 0 | Q19: 0
A20: 2 | B20: वर्ग-3 | C20: अव्वल कारकून | I20: 0 | J20: 0 | Q20: 0
C21: उपलेखापाल | I21: 0 | J21: 0 | Q21: 0
C22: लघुलेखक | I22: 0 | J22: 0 | Q22: 0
C23: मंडळ अधिकारी | I23: 0 | J23: 0 | Q23: 0
C24: तलाठी | I24: 0 | J24: 0 | Q24: 0
C25: लिपिक | I25: 0 | J25: 0 | Q25: 0
C26: वाहन चालक | I26: 0 | J26: 0 | Q26: 0
C27: एकूण वर्ग 3 | D27: 0 | E27: 0 | F27: 0 | G27: 0 | H27: 0 | I27: 0 | J27: 0 | K27: 0 | L27: 0 | M27: 0 | N27: 0 | O27: 0 | P27: 0 | Q27: 0
A28: 3 | B28: वर्ग-4 | C28: शिपाई | I28: 0 | J28: 0 | Q28: 0
C29: पहारेकरी | I29: 0 | J29: 0 | Q29: 0
C30: एकूण वर्ग 4 | D30: 0 | E30: 0 | F30: 0 | G30: 0 | H30: 0 | I30: 0 | J30: 0 | K30: 0 | L30: 0 | M30: 0 | N30: 0 | O30: 0 | P30: 0 | Q30: 0
C31: एकूण वर्ग 1 2 3 4 | D31: 0 | E31: 0 | F31: 0 | G31: 0 | H31: 0 | I31: 0 | J31: 0 | K31: 0 | L31: 0 | M31: 0 | N31: 0 | O31: 0 | P31: 0 | Q31: 0
A33: =$A$1 -> प्रपत्र - ड - अर्थसंकल्पीय अंदाजपत्रक सन 2021-2022
A34: मागणी क्र.सी- 1- लेखाशिर्ष 2029 0182
A35: जिल्हा मुंबई उपनगर | O35: (आकडे हजारात)
A36: अ क्र | B36: वर्ग | C36: पद | D36: =D4 -> मंजूर पदे | E36: =E4 -> मंजूर पदे | F36: =F4 -> विशेष वेतन | G36: =G4 -> मुळ वेतन | H36: =H4 -> ग्रेड वेतन | I36: =I4 -> एकूण | J36: =J4 -> महागाई भत्ता 25% | K36: स्थानिक पुरक भत्ता | L36: घर भाडे भत्ता | M36: वाहन भत्ता | N36: धूलाई भत्ता | O36: रोख भत्ता | P36: चप्पल भत्ता/ इतर | Q36: एकूण
D37: =D5 -> 2020-2021 | E37: =E5 -> 2021-2022
C38: स्थायी
A39: 1 | B39: वर्ग-3 | C39: अव्वल कारकून | I39: 0 | J39: 0 | Q39: 0
C40: लिपिक | I40: 0 | J40: 0 | Q40: 0
C41: एकूण वर्ग 3 | D41: 0 | E41: 0 | F41: 0 | G41: 0 | H41: 0 | I41: 0 | J41: 0 | K41: 0 | L41: 0 | M41: 0 | N41: 0 | O41: 0 | P41: 0 | Q41: 0
A42: 2 | B42: वर्ग-4 | C42: शिपाई | I42: 0 | J42: 0 | Q42: 0
C43: एकूण वर्ग 4 | D43: 0 | E43: 0 | F43: 0 | G43: 0 | H43: 0 | I43: 0 | J43: 0 | K43: 0 | L43: 0 | M43: 0 | N43: 0 | O43: 0 | P43: 0 | Q43: 0
C44: एकूण वर्ग 3 4 | D44: 0 | E44: 0 | F44: 0 | G44: 0 | H44: 0 | I44: 0 | J44: 0 | K44: 0 | L44: 0 | M44: 0 | N44: 0 | O44: 0 | P44: 0 | Q44: 0
A46: अ.क्र. | B46: वर्ग | C46: पद | D46: =D4 -> मंजूर पदे | E46: =E4 -> मंजूर पदे | F46: =F4 -> विशेष वेतन | G46: =G4 -> मुळ वेतन | H46: =H4 -> ग्रेड वेतन | I46: =I4 -> एकूण | J46: =J4 -> महागाई भत्ता 25% | K46: स्थानिक पुरक भत्ता | L46: घर भाडे भत्ता | M46: वाहन भत्ता | N46: धूलाई भत्ता | O46: रोख भत्ता | P46: चप्पल भत्ता/ इतर | Q46: एकूण
D47: =D5 -> 2020-2021 | E47: =E5 -> 2021-2022
C48: अस्थायी
A49: 1 | B49: वर्ग-1 व 2 | C49: उप जिल्हाधिकारी/वि.भू.अधि | I49: 0 | J49: 0 | Q49: 0
C50: नायब तहसिलदार | I50: 0 | J50: 0 | Q50: 0
C51: एकूण वर्ग 1 2 | D51: 0 | E51: 0 | F51: 0 | G51: 0 | H51: 0 | I51: 0 | J51: 0 | K51: 0 | L51: 0 | M51: 0 | N51: 0 | O51: 0 | P51: 0 | Q51: 0
A52: 2 | B52: वर्ग-3 | C52: अव्वल कारकून | I52: 0 | J52: 0 | Q52: 0
C53: उपलेखापाल | I53: 0 | J53: 0 | Q53: 0
C54: लघुलेखक | I54: 0 | J54: 0 | Q54: 0
C55: मंडळ अधिकारी | I55: 0 | J55: 0 | Q55: 0
C56: तलाठी | I56: 0 | J56: 0 | Q56: 0
C57: लिपिक | I57: 0 | J57: 0 | Q57: 0
C58: वाहन चालक | I58: 0 | J58: 0 | Q58: 0
C59: एकूण वर्ग 3 | D59: 0 | E59: 0 | F59: 0 | G59: 0 | H59: 0 | I59: 0 | J59: 0 | K59: 0 | L59: 0 | M59: 0 | N59: 0 | O59: 0 | P59: 0 | Q59: 0
A60: 3 | B60: वर्ग-4 | C60: शिपाई | I60: 0 | J60: 0 | Q60: 0
C61: पहारेकरी | I61: 0 | J61: 0 | Q61: 0
C62: एकूण वर्ग 4 | D62: 0 | E62: 0 | F62: 0 | G62: 0 | H62: 0 | I62: 0 | J62: 0 | K62: 0 | L62: 0 | M62: 0 | N62: 0 | O62: 0 | P62: 0 | Q62: 0
C63: एकूण वर्ग 1 2 3 4 | D63: 0 | E63: 0 | F63: 0 | G63: 0 | H63: 0 | I63: 0 | J63: 0 | K63: 0 | L63: 0 | M63: 0 | N63: 0 | O63: 0 | P63: 0 | Q63: 0
A65: =$A$1 -> प्रपत्र - ड - अर्थसंकल्पीय अंदाजपत्रक सन 2021-2022
A66: मागणी क्र.सी- 1- लेखाशिर्ष 2029 0182
A67: जिल्हा ठाणे | O67: (आकडे हजारात)
A68: अ क्र | B68: वर्ग | C68: पद | D68: =D4 -> मंजूर पदे | E68: =E4 -> मंजूर पदे | F68: =F4 -> विशेष वेतन | G68: =G4 -> मुळ वेतन | H68: =H4 -> ग्रेड वेतन | I68: =I4 -> एकूण | J68: =J4 -> महागाई भत्ता 25% | K68: स्थानिक पुरक भत्ता | L68: घर भाडे भत्ता | M68: वाहन भत्ता | N68: धूलाई भत्ता | O68: रोख भत्ता | P68: चप्पल भत्ता/ इतर | Q68: एकूण
D69: =D5 -> 2020-2021 | E69: =E5 -> 2021-2022
C70: स्थायी
A71: 1 | B71: वर्ग-3 | C71: अव्वल कारकून | D71: 0 | E71: 0 | F71: 0 | G71: 0 | H71: 0 | I71: =SUM(G71:H71) -> 0 | J71: =ROUND(I71*1.3, 0) -> 0 | K71: 0 | L71: 0 | M71: 0 | N71: 0 | O71: 0 | P71: 0 | Q71: =SUM(I71:P71)+F71 -> 0
C72: लिपिक | D72: 0 | E72: 0 | F72: 0 | G72: 0 | H72: 0 | I72: =SUM(G72:H72) -> 0 | J72: =ROUND(I72*1.3, 0) -> 0 | K72: 0 | L72: 0 | M72: 0 | N72: 0 | O72: 0 | P72: 0 | Q72: =SUM(I72:P72)+F72 -> 0
C73: एकूण वर्ग 3 | D73: =SUM(D71:D72) -> 0 | E73: =SUM(E71:E72) -> 0 | F73: =SUM(F71:F72) -> 0 | G73: =SUM(G71:G72) -> 0 | H73: =SUM(H71:H72) -> 0 | I73: =SUM(I71:I72) -> 0 | J73: =SUM(J71:J72) -> 0 | K73: =SUM(K71:K72) -> 0 | ... Q73: =SUM(Q71:Q72) -> 0
A74: 2 | B74: वर्ग-4 | C74: शिपाई | D74: 0 | E74: 0 | F74: 0 | G74: 0 | H74: 0 | I74: =SUM(G74:H74) -> 0 | J74: =ROUND(I74*1.3, 0) -> 0 | K74: 0 | L74: 0 | M74: 0 | N74: 0 | O74: 0 | P74: 0 | Q74: =SUM(I74:P74)+F74 -> 0
C75: एकूण वर्ग 4 | D75: =SUM(D74) -> 0 | E75: =SUM(E74) -> 0 | F75: =SUM(F74) -> 0 | G75: =SUM(G74) -> 0 | H75: =SUM(H74) -> 0 | I75: =SUM(I74) -> 0 | J75: =SUM(J74) -> 0 | K75: =SUM(K74) -> 0 | ... Q75: =SUM(Q74) -> 0
C76: एकूण वर्ग 3 4 | D76: =SUM(D75,D73) -> 0 | E76: =SUM(E75,E73) -> 0 | F76: =SUM(F75,F73) -> 0 | G76: =SUM(G75,G73) -> 0 | H76: =SUM(H75,H73) -> 0 | I76: =SUM(I75,I73) -> 0 | J76: =SUM(J75,J73) -> 0 | K76: =SUM(K75,K73) -> 0 | ... Q76: =SUM(Q75,Q73) -> 0
A78: अ.क्र. | B78: वर्ग | C78: पद | D78: =D4 -> मंजूर पदे | E78: =E4 -> मंजूर पदे | F78: =F4 -> विशेष वेतन | G78: =G4 -> मुळ वेतन | H78: =H4 -> ग्रेड वेतन | I78: =I4 -> एकूण | J78: =J4 -> महागाई भत्ता 25% | K78: स्थानिक पुरक भत्ता | L78: घर भाडे भत्ता | M78: वाहन भत्ता | N78: धूलाई भत्ता | O78: रोख भत्ता | P78: चप्पल भत्ता/ इतर | Q78: एकूण
D79: =D5 -> 2020-2021 | E79: =E5 -> 2021-2022
C80: अस्थायी
A81: 1 | B81: वर्ग-1 व 2 | C81: उप जिल्हाधिकारी/वि.भू.अधि | D81: 1 | E81: 1 | F81: 0 | G81: 1020 | H81: 0 | I81: =SUM(G81:H81) -> 1020 | J81: =ROUND(I81*0.25, 0) -> 255 | K81: 4 | L81: 275 | M81: 14 | N81: 0 | O81: 0 | P81: 0 | Q81: =SUM(I81:P81)+F81 -> 1568
C82: नायब तहसिलदार | D82: 1 | E82: 1 | F82: 0 | G82: 477 | H82: 0 | I82: =SUM(G82:H82) -> 477 | J82: =ROUND(I82*0.25, 0)-1 -> 118 | K82: 4 | L82: 129 | M82: 14 | N82: 0 | O82: 0 | P82: 0 | Q82: =SUM(I82:P82)+F82 -> 742
C83: एकूण वर्ग 1 2 | D83: =SUM(D81:D82) -> 2 | E83: =SUM(E81:E82) -> 2 | F83: =SUM(F81:F82) -> 0 | G83: =SUM(G81:G82) -> 1497 | H83: =SUM(H81:H82) -> 0 | I83: =SUM(I81:I82) -> 1497 | J83: =SUM(J81:J82) -> 373 | K83: =SUM(K81:K82) -> 8 | ... Q83: =SUM(Q81:Q82) -> 2310
A84: 2 | B84: वर्ग-3 | C84: अव्वल कारकून | D84: 4 | E84: 4 | F84: 0 | G84: 2240 | H84: 0 | I84: =SUM(G84:H84) -> 2240 | J84: =ROUND(I84*0.25, 0) -> 560 | K84: 13 | L84: 605 | M84: 19 | N84: 0 | O84: 0 | P84: 0 | Q84: =SUM(I84:P84)+F84 -> 3437
C85: उपलेखापाल | D85: 0 | E85: 0 | F85: 0 | G85: 0 | H85: 0 | I85: =SUM(G85:H85) -> 0 | J85: =ROUND(I85*0.25, 0) -> 0 | K85: 0 | L85: 0 | M85: 0 | N85: 0 | O85: 0 | P85: 0 | Q85: =SUM(I85:P85)+F85 -> 0
C86: लघुलेखक | D86: 1 | E86: 1 | F86: 0 | G86: 890 | H86: 0 | I86: =SUM(G86:H86) -> 890 | J86: =ROUND(I86*0.25, 0) -> 223 | K86: 4 | L86: 240 | M86: 5 | N86: 0 | O86: 0 | P86: 0 | Q86: =SUM(I86:P86)+F86 -> 1362
C87: मंडळ अधिकारी | D87: 1 | E87: 1 | F87: 0 | G87: 678 | H87: 0 | I87: =SUM(G87:H87) -> 678 | J87: =ROUND(I87*0.25, 0) -> 170 | K87: 4 | L87: 183 | M87: 5 | N87: 0 | O87: 0 | P87: 0 | Q87: =SUM(I87:P87)+F87 -> 1040
C88: तलाठी | D88: 0 | E88: 0 | F88: 0 | G88: 0 | H88: 0 | I88: =SUM(G88:H88) -> 0 | J88: =ROUND(I88*0.25, 0) -> 0 | K88: 0 | L88: 0 | M88: 0 | N88: 0 | O88: 0 | P88: 0 | Q88: =SUM(I88:P88)+F88 -> 0
C89: लिपिक | D89: 1 | E89: 1 | F89: 0 | G89: 332 | H89: 0 | I89: =SUM(G89:H89) -> 332 | J89: =ROUND(I89*0.25, 0) -> 83 | K89: 4 | L89: 90 | M89: 5 | N89: 0 | O89: 0 | P89: 0 | Q89: =SUM(I89:P89)+F89 -> 514
C90: वाहन चालक | D90: 0 | E90: 0 | F90: 0 | G90: 0 | H90: 0 | I90: =SUM(G90:H90) -> 0 | J90: =ROUND(I90*1.5, 0) -> 0 | K90: 0 | L90: 0 | M90: 0 | N90: 0 | O90: 0 | P90: 0 | Q90: =SUM(I90:P90)+F90 -> 0
C91: एकूण वर्ग 3 | D91: =SUM(D84:D90) -> 7 | E91: =SUM(E84:E90) -> 7 | F91: =SUM(F84:F90) -> 0 | G91: =SUM(G84:G90) -> 4140 | H91: =SUM(H84:H90) -> 0 | I91: =SUM(I84:I90) -> 4140 | J91: =SUM(J84:J90) -> 1036 | K91: =SUM(K84:K90) -> 25 | ... Q91: =SUM(Q84:Q90) -> 6353
A92: 3 | B92: वर्ग-4 | C92: शिपाई | D92: 1 | E92: 1 | F92: 0 | G92: 198 | H92: 0 | I92: =SUM(G92:H92) -> 198 | J92: =ROUND(I92*0.25, 0) -> 50 | K92: 3 | L92: 53 | M92: 5 | N92: 1 | O92: 0 | P92: 1 | Q92: =SUM(I92:P92)+F92 -> 311
C93: पहारेकरी | D93: 0 | E93: 0 | F93: 0 | G93: 0 | H93: 0 | I93: =SUM(G93:H93) -> 0 | J93: =ROUND(I93*1.6, 0) -> 0 | K93: 0 | L93: 0 | M93: 0 | N93: 0 | O93: 0 | P93: 0 | Q93: =SUM(I93:P93)+F93 -> 0
C94: एकूण वर्ग 4 | D94: =SUM(D92:D93) -> 1 | E94: =SUM(E92:E93) -> 1 | F94: =SUM(F92:F93) -> 0 | G94: =SUM(G92:G93) -> 198 | H94: =SUM(H92:H93) -> 0 | I94: =SUM(I92:I93) -> 198 | J94: =SUM(J92:J93) -> 50 | K94: =SUM(K92:K93) -> 3 | ... Q94: =SUM(Q92:Q93) -> 311
C95: एकूण वर्ग 1 2 3 4 | D95: =SUM(D94,D91,D83) -> 10 | E95: =SUM(E94,E91,E83) -> 10 | F95: =SUM(F94,F91,F83) -> 0 | G95: =SUM(G94,G91,G83) -> 5835 | H95: =SUM(H94,H91,H83) -> 0 | I95: =SUM(I94,I91,I83) -> 5835 | J95: =SUM(J94,J91,J83) -> 1459 | K95: =SUM(K94,K91,K83) -> 36 | ... Q95: =SUM(Q94,Q91,Q83) -> 8974
A96: =$A$1 -> प्रपत्र - ड - अर्थसंकल्पीय अंदाजपत्रक सन 2021-2022
A97: मागणी क्र.सी- 1- लेखाशिर्ष 2029 0182
A98: जिल्हा पालघर | O98: (आकडे हजारात)
A99: अ क्र | B99: वर्ग | C99: पद | D99: =D4 -> मंजूर पदे | E99: =E4 -> मंजूर पदे | F99: =F4 -> विशेष वेतन | G99: =G4 -> मुळ वेतन | H99: =H4 -> ग्रेड वेतन | I99: =I4 -> एकूण | J99: =J4 -> महागाई भत्ता 25% | K99: स्थानिक पुरक भत्ता | L99: घर भाडे भत्ता | M99: वाहन भत्ता | N99: धूलाई भत्ता | O99: रोख भत्ता | P99: चप्पल भत्ता/ इतर | Q99: एकूण
D100: =D5 -> 2020-2021 | E100: =E5 -> 2021-2022
C101: स्थायी
A102: 1 | B102: वर्ग-3 | C102: अव्वल कारकून | E102: 0 | F102: 0 | G102: 0 | H102: 0 | I102: 0 | J102: 0 | K102: 0 | L102: 0 | M102: 0 | N102: 0 | O102: 0 | P102: 0 | Q102: 0
C103: लिपिक | E103: 0 | F103: 0 | G103: 0 | H103: 0 | I103: 0 | J103: 0 | K103: 0 | L103: 0 | M103: 0 | N103: 0 | O103: 0 | P103: 0 | Q103: 0
C104: एकूण वर्ग 3 | D104: 0 | E104: 0 | F104: 0 | G104: 0 | H104: 0 | I104: 0 | J104: 0 | K104: 0 | L104: 0 | M104: 0 | N104: 0 | O104: 0 | P104: 0 | Q104: 0
A105: 2 | B105: वर्ग-4 | C105: शिपाई | E105: 0 | F105: 0 | G105: 0 | H105: 0 | I105: 0 | J105: 0 | K105: 0 | L105: 0 | M105: 0 | N105: 0 | O105: 0 | P105: 0 | Q105: 0
...

Sheet Page 2
A1: प्रपत्र - क - अर्थसंकल्पीय अंदाजपत्रक सन 2021-2022
A2: मागणी क्र.सी- 1- लेखाशिर्ष 2029 0182
A3: (आकडे हजारात)
A4: जिल्हा | B4: स्थायी पदे
C5: भरलेली पदे | G5: रिक्त पदे | K5: एकुण
A6: मुंबई शहर | B6: वर्ग | C6: वर्ग-1 व 2 | D6: वर्ग-3 | E6: वर्ग-4 | F6: एकुण | G6: वर्ग-1 व 2 | H6: वर्ग-3 | I6: वर्ग-4 | J6: एकुण | K6: एकुण
B7: पदे | F7: 0 | J7: 0 | K7: 0
B8: वेतन | F8: 0 | J8: 0 | K8: 0
B9: ग्रेड पे | F9: 0 | J9: 0 | K9: 0
B10: एकुण | C10: 0 | D10: 0 | E10: 0 | F10: 0 | G10: 0 | H10: 0 | I10: 0 | J10: 0 | K10: 0
B11: विशेष वेतन | F11: 0 | J11: 0 | K11: 0
B12: महा.भत्ता | F12: 0 | J12: 0 | K12: 0
B13: स्था.पु.भ. | F13: 0 | J13: 0 | K13: 0
B14: घरभाडे | F14: 0 | J14: 0 | K14: 0
B15: प्रवास भत्ता | F15: 0 | J15: 0 | K15: 0
B16: इतर | F16: 0 | J16: 0 | K16: 0
B17: एकुण | C17: 0 | D17: 0 | E17: 0 | F17: 0 | G17: 0 | H17: 0 | I17: 0 | J17: 0 | K17: 0
A19: जिल्हा | B19: अस्थायी पदे | M19: सर्व वर्ग पदे
C20: भरलेली पदे | G20: रिक्त पदे | K20: एकुण | M20: वर्ग | N20: स्थायी पदे | O20: अस्थायी पदे | P20: एकुण
A21: मुंबई शहर | B21: वर्ग | C21: वर्ग-1 व 2 | D21: वर्ग-3 | E21: वर्ग-4 | F21: एकुण | G21: वर्ग-1 व 2 | H21: वर्ग-3 | I21: वर्ग-4 | J21: एकुण | M21: पदे | N21: 0 | O21: 0 | P21: 0
B22: पदे | F22: 0 | J22: 0 | K22: 0 | M22: वेतन | N22: 0 | O22: 0 | P22: 0
B23: वेतन | F23: 0 | J23: 0 | K23: 0 | M23: ग्रेड पे | N23: 0 | O23: 0 | P23: 0
B24: ग्रेड पे | F24: 0 | J24: 0 | K24: 0 | M24: एकुण | N24: 0 | O24: 0 | P24: 0
B25: एकुण | C25: 0 | D25: 0 | E25: 0 | F25: 0 | G25: 0 | H25: 0 | I25: 0 | J25: 0 | K25: 0 | M25: महा.भत्ता | N25: 0 | O25: 0 | P25: 0
B26: विशेष वेतन | F26: 0 | J26: 0 | K26: 0 | M26: विशेष वेतन | N26: 0 | O26: 0 | P26: 0
B27: महा.भत्ता | F27: 0 | J27: 0 | K27: 0 | M27: स्था.पु.भ. | N27: 0 | O27: 0 | P27: 0
B28: स्था.पु.भ. | F28: 0 | J28: 0 | K28: 0 | M28: घरभाडे | N28: 0 | O28: 0 | P28: 0
B29: घरभाडे | F29: 0 | J29: 0 | K29: 0 | M29: प्रवास भत्ता | N29: 0 | O29: 0 | P29: 0
B30: प्रवास भत्ता | F30: 0 | J30: 0 | K30: 0 | M30: इतर | N30: 0 | O30: 0 | P30: 0
B31: इतर | F31: 0 | J31: 0 | K31: 0 | M31: एकुण | N31: 0 | O31: 0 | P31: 0
B32: एकुण | C32: 0 | D32: 0 | E32: 0 | F32: 0 | G32: 0 | H32: 0 | I32: 0 | J32: 0 | K32: 0
A33: =$A$1 -> प्रपत्र - क - अर्थसंकल्पीय अंदाजपत्रक सन 2021-2022
A34: मागणी क्र.सी- 1- लेखाशिर्ष 2029 0182
A35: (आकडे हजारात)
A36: जिल्हा | B36: स्थायी पदे
C37: भरलेली पदे | G37: रिक्त पदे | K37: एकुण
A38: मुंबई उपनगर | B38: वर्ग | C38: वर्ग-1 व 2 | D38: वर्ग-3 | E38: वर्ग-4 | F38: एकुण | G38: वर्ग-1 व 2 | H38: वर्ग-3 | I38: वर्ग-4 | J38: एकुण | K38: एकुण
B39: पदे | F39: 0 | J39: 0 | K39: 0
B40: वेतन | F40: 0 | J40: 0 | K40: 0
B41: ग्रेड पे | F41: 0 | J41: 0 | K41: 0
B42: एकुण | C42: 0 | D42: 0 | E42: 0 | F42: 0 | G42: 0 | H42: 0 | I42: 0 | J42: 0 | K42: 0
B43: विशेष वेतन | F43: 0 | J43: 0 | K43: 0
B44: महा.भत्ता | F44: 0 | J44: 0 | K44: 0
B45: स्था.पु.भ. | F45: 0 | J45: 0 | K45: 0
B46: घरभाडे | F46: 0 | J46: 0 | K46: 0
B47: प्रवास भत्ता | F47: 0 | J47: 0 | K47: 0
B48: इतर | F48: 0 | J48: 0 | K48: 0
B49: एकुण | C49: 0 | D49: 0 | E49: 0 | F49: 0 | G49: 0 | H49: 0 | I49: 0 | J49: 0 | K49: 0
A51: जिल्हा | B51: अस्थायी पदे | M51: सर्व वर्ग पदे
C52: भरलेली पदे | G52: रिक्त पदे | K52: एकुण | M52: वर्ग | N52: स्थायी पदे | O52: अस्थायी पदे | P52: एकुण
A53: मुंबई उपनगर | B53: वर्ग | C53: वर्ग-1 व 2 | D53: वर्ग-3 | E53: वर्ग-4 | F53: एकुण | G53: वर्ग-1 व 2 | H53: वर्ग-3 | I53: वर्ग-4 | J53: एकुण | M53: पदे | N53: 0 | O53: 0 | P53: 0
B54: पदे | F54: 0 | J54: 0 | K54: 0 | M54: वेतन | N54: 0 | O54: 0 | P54: 0
B55: वेतन | F55: 0 | J55: 0 | K55: 0 | M55: ग्रेड पे | N55: 0 | O55: 0 | P55: 0
B56: ग्रेड पे | F56: 0 | J56: 0 | K56: 0 | M56: एकुण | N56: 0 | O56: 0 | P56: 0
B57: एकुण | C57: 0 | D57: 0 | E57: 0 | F57: 0 | G57: 0 | H57: 0 | I57: 0 | J57: 0 | K57: 0 | M57: महा.भत्ता | N57: 0 | O57: 0 | P57: 0
B58: विशेष वेतन | F58: 0 | J58: 0 | K58: 0 | M58: विशेष वेतन | N58: 0 | O58: 0 | P58: 0
B59: महा.भत्ता | F59: 0 | J59: 0 | K59: 0 | M59: स्था.पु.भ. | N59: 0 | O59: 0 | P59: 0
B60: स्था.पु.भ. | F60: 0 | J60: 0 | K60: 0 | M60: घरभाडे | N60: 0 | O60: 0 | P60: 0
B61: घरभाडे | F61: 0 | J61: 0 | K61: 0 | M61: प्रवास भत्ता | N61: 0 | O61: 0 | P61: 0
B62: प्रवास भत्ता | F62: 0 | J62: 0 | K62: 0 | M62: इतर | N62: 0 | O62: 0 | P62: 0
B63: इतर | F63: 0 | J63: 0 | K63: 0 | M63: एकुण | N63: 0 | O63: 0 | P63: 0
B64: एकुण | C64: 0 | D64: 0 | E64: 0 | F64: 0 | G64: 0 | H64: 0 | I64: 0 | J64: 0 | K64: 0
A65: =$A$1 -> प्रपत्र - क - अर्थसंकल्पीय अंदाजपत्रक सन 2021-2022
A66: मागणी क्र.सी- 1- लेखाशिर्ष 2029 0182
A67: (आकडे हजारात)
A68: जिल्हा | B68: स्थायी पदे
C69: भरलेली पदे | G69: रिक्त पदे | K69: एकुण
A70: ठाणे | B70: वर्ग | C70: वर्ग-1 व 2 | D70: वर्ग-3 | E70: वर्ग-4 | F70: एकुण | G70: वर्ग-1 व 2 | H70: वर्ग-3 | I70: वर्ग-4 | J70: एकुण | K70: एकुण
B71: पदे | C71: 0 | D71: 0 | E71: 0 | F71: 0 | G71: 0 | H71: 0 | I71: 0 | J71: 0 | K71: 0
B72: वेतन | C72: 0 | D72: 0 | E72: 0 | F72: 0 | G72: 0 | H72: 0 | I72: 0 | J72: 0 | K72: 0
B73: ग्रेड पे | C73: 0 | D73: 0 | E73: 0 | F73: 0 | G73: 0 | H73: 0 | I73: 0 | J73: 0 | K73: 0
B74: एकुण | C74: 0 | D74: 0 | E74: 0 | F74: 0 | G74: 0 | H74: 0 | I74: 0 | J74: 0 | K74: 0
B75: विशेष वेतन | C75: 0 | D75: 0 | E75: 0 | F75: 0 | G75: 0 | H75: 0 | I75: 0 | J75: 0 | K75: 0
B76: महा.भत्ता | C76: 0 | D76: 0 | E76: 0 | F76: 0 | G76: 0 | H76: 0 | I76: 0 | J76: 0 | K76: 0
B77: स्था.पु.भ. | C77: 0 | D77: 0 | E77: 0 | F77: 0 | G77: 0 | H77: 0 | I77: 0 | J77: 0 | K77: 0
B78: घरभाडे | C78: 0 | D78: 0 | E78: 0 | F78: 0 | G78: 0 | H78: 0 | I78: 0 | J78: 0 | K78: 0
B79: प्रवास भत्ता | C79: 0 | D79: 0 | E79: 0 | F79: 0 | G79: 0 | H79: 0 | I79: 0 | J79: 0 | K79: 0
B80: इतर | C80: 0 | D80: 0 | E80: 0 | F80: 0 | G80: 0 | H80: 0 | I80: 0 | J80: 0 | K80: 0
B81: एकुण | C81: 0 | D81: 0 | E81: 0 | F81: 0 | G81: 0 | H81: 0 | I81: 0 | J81: 0 | K81: 0
A83: जिल्हा | B83: अस्थायी पदे | M83: सर्व वर्ग पदे
C84: भरलेली पदे | G84: रिक्त पदे | K84: एकुण | M84: वर्ग | N84: स्थायी पदे | O84: अस्थायी पदे | P84: एकुण
A85: ठाणे | B85: वर्ग | C85: वर्ग-1 व 2 | D85: वर्ग-3 | E85: वर्ग-4 | F85: एकुण | G85: वर्ग-1 व 2 | H85: वर्ग-3 | I85: वर्ग-4 | J85: एकुण | M85: पदे | N85: 0 | O85: =K86 -> 10 | P85: =SUM(N85:O85) -> 10
B86: पदे | C86: 2 | D86: 7 | E86: 1 | F86: =SUM(C86:E86) -> 10 | G86: 0 | H86: 0 | I86: 0 | J86: =SUM(G86:I86) -> 0 | K86: =SUM(F86+J86) -> 10 | M86: वेतन | N86: 0 | O86: =K87 -> 5835 | P86: =SUM(N86:O86) -> 5835
B87: वेतन | C87: 1497 | D87: 4140 | E87: 198 | F87: =SUM(C87:E87) -> 5835 | G87: 0 | H87: 0 | I87: 0 | J87: =SUM(G87:I87) -> 0 | K87: =SUM(F87+J87) -> 5835 | M87: ग्रेड पे | N87: 0 | O87: =K88 -> 0 | P87: =SUM(N87:O87) -> 0
B88: ग्रेड पे | C88: 0 | D88: 0 | E88: 0 | F88: =SUM(C88:E88) -> 0 | G88: 0 | H88: 0 | I88: 0 | J88: =SUM(G88:I88) -> 0 | K88: =SUM(F88+J88) -> 0 | M88: एकुण | N88: =SUM(N86:N87) -> 0 | O88: =SUM(O86:O87) -> 5835 | P88: =SUM(P86:P87) -> 5835
B89: एकुण | C89: =SUM(C87:C88) -> 1497 | D89: =SUM(D87:D88) -> 4140 | E89: =SUM(E87:E88) -> 198 | F89: =SUM(F87:F88) -> 5835 | G89: =SUM(G87:G88) -> 0 | H89: =SUM(H87:H88) -> 0 | I89: =SUM(I87:I88) -> 0 | J89: =SUM(J87:J88) -> 0 | K89: =SUM(K87:K88) -> 5835 | M89: महा.भत्ता | N89: 0 | O89: =SUM(K91) -> 1459 | P89: =SUM(N89:O89) -> 1459
B90: विशेष वेतन | C90: 0 | D90: 0 | E90: 0 | F90: =SUM(C90:E90) -> 0 | G90: 0 | H90: 0 | I90: 0 | J90: =SUM(G90:I90) -> 0 | K90: =SUM(F90+J90) -> 0 | M90: विशेष वेतन | N90: 0 | O90: =SUM(K90) -> 0 | P90: =SUM(N90:O90) -> 0
B91: महा.भत्ता | C91: 373 | D91: 1036 | E91: 50 | F91: =SUM(C91:E91) -> 1459 | G91: 0 | H91: 0 | I91: 0 | J91: =SUM(G91:I91) -> 0 | K91: =SUM(F91+J91) -> 1459 | M91: स्था.पु.भ. | N91: 0 | O91: =SUM(K92) -> 36 | P91: =SUM(N91:O91) -> 36
B92: स्था.पु.भ. | C92: 8 | D92: 25 | E92: 3 | F92: =SUM(C92:E92) -> 36 | G92: 0 | H92: 0 | I92: 0 | J92: =SUM(G92:I92) -> 0 | K92: =SUM(F92+J92) -> 36 | M92: घरभाडे | N92: 0 | O92: =SUM(K93) -> 1575 | P92: =SUM(N92:O92) -> 1575
B93: घरभाडे | C93: 404 | D93: 1118 | E93: 53 | F93: =SUM(C93:E93) -> 1575 | G93: 0 | H93: 0 | I93: 0 | J93: =SUM(G93:I93) -> 0 | K93: =SUM(F93+J93) -> 1575 | M93: प्रवास भत्ता | N93: 0 | O93: =SUM(K94) -> 67 | P93: =SUM(N93:O93) -> 67
B94: प्रवास भत्ता | C94: 28 | D94: 34 | E94: 5 | F94: =SUM(C94:E94) -> 67 | G94: 0 | H94: 0 | I94: 0 | J94: =SUM(G94:I94) -> 0 | K94: =SUM(F94+J94) -> 67 | M94: इतर | N94: 0 | O94: =SUM(K95) -> 2 | P94: =SUM(N94:O94) -> 2
B95: इतर | C95: 0 | D95: 0 | E95: 2 | F95: =SUM(C95:E95) -> 2 | G95: 0 | H95: 0 | I95: 0 | J95: =SUM(G95:I95) -> 0 | K95: =SUM(F95+J95) -> 2 | M95: एकुण | N95: =SUM(N88:N94) -> 0 | O95: =SUM(O88:O94) -> 8974 | P95: =SUM(P88:P94) -> 8974
B96: एकुण | C96: =SUM(C89:C95) -> 2310 | D96: =SUM(D89:D95) -> 6353 | E96: =SUM(E89:E95) -> 311 | F96: =SUM(F89:F95) -> 8974 | G96: =SUM(G89:G95) -> 0 | H96: =SUM(H89:H95) -> 0 | I96: =SUM(I89:I95) -> 0 | J96: =SUM(J89:J95) -> 0 | K96: =SUM(K89:K95) -> 8974
A97: =$A$1 -> प्रपत्र - क - अर्थसंकल्पीय अंदाजपत्रक सन 2021-2022
A98: मागणी क्र.सी- 1- लेखाशिर्ष 2029 0182
A99: (आकडे हजारात)
A100: जिल्हा | B100: स्थायी पदे
C101: भरलेली पदे | G101: रिक्त पदे | K101: एकुण
A102: पालघर | B102: वर्ग | C102: वर्ग-1 व 2 | D102: वर्ग-3 | E102: वर्ग-4 | F102: एकुण | G102: वर्ग-1 व 2 | H102: वर्ग-3 | I102: वर्ग-4 | J102: एकुण | K102: एकुण
B103: पदे | F103: 0 | J103: 0 | K103: 0
...

Sheet Page 3
A1: प्रपत्र - ब - अर्थसंकल्पीय अंदाजपत्रक सन 2021-2022
A2: मागणी क्र.सी- 1- लेखाशिर्ष 2029 0182
A3: मंजुर पदे
A4: अ.क्र. | B4: वर्ग | C4: स्थायी | E4: अस्थायी | G4: एकुण
C5: भरलेली पदे | D5: रिक्त पदे | E5: भरलेली पदे | F5: रिक्त पदे
A6: 1 | B6: 1 | G6: 0
A7: 2 | B7: 2 | G7: 0
A8: 3 | B8: 3 | G8: 0
A9: 4 | B9: 4 | G9: 0
A10: एकुण | C10: 0 | D10: 0 | E10: 0 | F10: 0 | G10: 0
F13: ( आकडे हजारात)
A14: अ.क्र. | B14: जिल्हा / विभाग | C14: वैद्यकिय खर्च | D14: उत्सव/सण अग्रिम | E14: स्वग्राम/महाराष्ट्र दर्शन | F14: 7 व्या वेतन आयोग फरक | G14: एनपीएस | H14: इतर | I14: एकुण
A15: 1 | B15: मुंबई शहर | I15: =SUM(C15:H15) -> 0
A17: =$A$1 -> प्रपत्र - ब - अर्थसंकल्पीय अंदाजपत्रक सन 2021-2022
A18: मागणी क्र.सी- 1- लेखाशिर्ष 2029 0182
A19: मंजुर पदे
A20: अ.क्र. | B20: वर्ग | C20: स्थायी | E20: अस्थायी | G20: एकुण
C21: भरलेली पदे | D21: रिक्त पदे | E21: भरलेली पदे | F21: रिक्त पदे
A22: 1 | B22: 1 | G22: 0
A23: 2 | B23: 2 | G23: 0
A24: 3 | B24: 3 | G24: 0
A25: 4 | B25: 4 | G25: 0
A26: एकुण | C26: 0 | D26: 0 | E26: 0 | F26: 0 | G26: 0
F29: ( आकडे हजारात)
A30: अ.क्र. | B30: जिल्हा / विभाग | C30: वैद्यकिय खर्च | D30: उत्सव/सण अग्रिम | E30: स्वग्राम/महाराष्ट्र दर्शन | F30: 7 व्या वेतन आयोग फरक | G30: एनपीएस | H30: इतर | I30: एकुण
A31: 1 | B31: मुंबई उपनगर | I31: =SUM(C31:H31) -> 0
A33: =$A$1 -> प्रपत्र - ब - अर्थसंकल्पीय अंदाजपत्रक सन 2021-2022
A34: मागणी क्र.सी- 1- लेखाशिर्ष 2029 0182
A35: मंजुर पदे
A36: अ.क्र. | B36: वर्ग | C36: स्थायी | E36: अस्थायी | G36: एकुण
C37: भरलेली पदे | D37: रिक्त पदे | E37: भरलेली पदे | F37: रिक्त पदे
A38: 1 | B38: 1 | C38: 0 | D38: 0 | E38: 2 | F38: 0 | G38: =SUM(C38:F38) -> 2
A39: 2 | B39: 2 | C39: 0 | D39: 0 | E39: 0 | F39: 0 | G39: =SUM(C39:F39) -> 0
A40: 3 | B40: 3 | C40: 0 | D40: 0 | E40: 7 | F40: 0 | G40: =SUM(C40:F40) -> 7
A41: 4 | B41: 4 | C41: 0 | D41: 0 | E41: 1 | F41: 0 | G41: =SUM(C41:F41) -> 1
A42: एकुण | C42: =SUM(C38:C41) -> 0 | D42: =SUM(D38:D41) -> 0 | E42: =SUM(E38:E41) -> 10 | F42: =SUM(F38:F41) -> 0 | G42: =SUM(G38:G41) -> 10
F45: ( आकडे हजारात)
A46: अ.क्र. | B46: जिल्हा / विभाग | C46: वैद्यकिय खर्च | D46: उत्सव/सण अग्रिम | E46: स्वग्राम/महाराष्ट्र दर्शन | F46: 7 व्या वेतन आयोग फरक | G46: एनपीएस | H46: इतर | I46: एकुण
A47: 1 | B47: ठाणे | C47: 400 | D47: 50 | E47: 40 | F47: 150 | G47: 100 | H47: 0 | I47: =SUM(C47:H47) -> 740
A48: =$A$1 -> प्रपत्र - ब - अर्थसंकल्पीय अंदाजपत्रक सन 2021-2022
A49: मागणी क्र.सी- 1- लेखाशिर्ष 2029 0182
A50: मंजुर पदे
A51: अ.क्र. | B51: वर्ग | C51: स्थायी | E51: अस्थायी | G51: एकुण
C52: भरलेली पदे | D52: रिक्त पदे | E52: भरलेली पदे | F52: रिक्त पदे
A53: 1 | B53: 1 | C53: 0 | D53: 0 | E53: 0 | F53: 0 | G53: =SUM(C53:F53) -> 0
A54: 2 | B54: 2 | C54: 0 | D54: 0 | E54: 0 | F54: 0 | G54: =SUM(C54:F54) -> 0
A55: 3 | B55: 3 | C55: 0 | D55: 0 | E55: 2 | F55: 0 | G55: =SUM(C55:F55) -> 2
A56: 4 | B56: 4 | C56: 0 | D56: 0 | E56: 0 | F56: 0 | G56: =SUM(C56:F56) -> 0
A57: एकुण | C57: =SUM(C53:C56) -> 0 | D57: =SUM(D53:D56) -> 0 | E57: =SUM(E53:E56) -> 2 | F57: =SUM(F53:F56) -> 0 | G57: =SUM(G53:G56) -> 2
F60: ( आकडे हजारात)
A61: अ.क्र. | B61: जिल्हा / विभाग | C61: वैद्यकिय खर्च | D61: उत्सव/सण अग्रिम | E61: स्वग्राम/महाराष्ट्र दर्शन | F61: 7 व्या वेतन आयोग फरक | G61: एनपीएस | H61: इतर | I61: एकुण
A62: 1 | B62: पालघर | C62: 250 | D62: 25 | E62: 20 | F62: 140 | G62: 0 | H62: 20 | I62: =SUM(C62:H62) -> 455
A64: =$A$1 -> प्रपत्र - ब - अर्थसंकल्पीय अंदाजपत्रक सन 2021-2022
A65: मागणी क्र.सी- 1- लेखाशिर्ष 2029 0182
A66: मंजुर पदे
A67: अ.क्र. | B67: वर्ग | C67: स्थायी | E67: अस्थायी | G67: एकुण
C68: भरलेली पदे | D68: रिक्त पदे | E68: भरलेली पदे | F68: रिक्त पदे
A69: 1 | B69: 1 | C69: 0 | D69: 0 | E69: 3 | F69: 0 | G69: =SUM(C69:F69) -> 3
A70: 2 | B70: 2 | C70: 0 | D70: 0 | E70: 1 | F70: 0 | G70: =SUM(C70:F70) -> 1
A71: 3 | B71: 3 | C71: 1 | D71: 0 | E71: 14 | F71: 4 | G71: =SUM(C71:F71) -> 19
A72: 4 | B72: 4 | C72: 0 | D72: 0 | E72: 3 | F72: 1 | G72: =SUM(C72:F72) -> 4
A73: एकुण | C73: =SUM(C69:C72) -> 1 | D73: =SUM(D69:D72) -> 0 | E73: =SUM(E69:E72) -> 21 | F73: =SUM(F69:F72) -> 5 | G73: =SUM(G69:G72) -> 27
F76: ( आकडे हजारात)
A77: अ.क्र. | B77: जिल्हा / विभाग | C77: वैद्यकिय खर्च | D77: उत्सव/सण अग्रिम | E77: स्वग्राम/महाराष्ट्र दर्शन | F77: 7 व्या वेतन आयोग फरक | G77: एनपीएस | H77: इतर | I77: एकुण
A78: 1 | B78: रायगड | C78: 1000 | D78: 338 | E78: 500 | F78: 988 | G78: 1109 | H78: 0 | I78: =SUM(C78:H78) -> 3935
A80: =$A$1 -> प्रपत्र - ब - अर्थसंकल्पीय अंदाजपत्रक सन 2021-2022
A81: मागणी क्र.सी- 1- लेखाशिर्ष 2029 0182
A82: मंजुर पदे
A83: अ.क्र. | B83: वर्ग | C83: स्थायी | E83: अस्थायी | G83: एकुण
C84: भरलेली पदे | D84: रिक्त पदे | E84: भरलेली पदे | F84: रिक्त पदे
A85: 1 | B85: 1 | C85: 0 | D85: 0 | E85: 2 | F85: 0 | G85: =SUM(C85:F85) -> 2
A86: 2 | B86: 2 | C86: 0 | D86: 0 | E86: 0 | F86: 0 | G86: =SUM(C86:F86) -> 0
A87: 3 | B87: 3 | C87: 2 | D87: 0 | E87: 6 | F87: 3 | G87: =SUM(C87:F87) -> 11
A88: 4 | B88: 4 | C88: 0 | D88: 1 | E88: 1 | F88: 2 | G88: =SUM(C88:F88) -> 4
A89: एकुण | C89: =SUM(C85:C88) -> 2 | D89: =SUM(D85:D88) -> 1 | E89: =SUM(E85:E88) -> 9 | F89: =SUM(F85:F88) -> 5 | G89: =SUM(G85:G88) -> 17
F92: ( आकडे हजारात)
A93: अ.क्र. | B93: जिल्हा / विभाग | C93: वैद्यकिय खर्च | D93: उत्सव/सण अग्रिम | E93: स्वग्राम/महाराष्ट्र दर्शन | F93: 7 व्या वेतन आयोग फरक | G93: एनपीएस | H93: इतर | I93: एकुण
A94: 1 | B94: रत्नागिरी | C94: 450 | D94: 175 | E94: 150 | F94: 292 | G94: 0 | H94: 0 | I94: =SUM(C94:H94) -> 1067
A96: =$A$1 -> प्रपत्र - ब - अर्थसंकल्पीय अंदाजपत्रक सन 2021-2022
A97: मागणी क्र.सी- 1- लेखाशिर्ष 2029 0182
A98: मंजुर पदे
A99: अ.क्र. | B99: वर्ग | C99: स्थायी | E99: अस्थायी | G99: एकुण
C100: भरलेली पदे | D100: रिक्त पदे | E100: भरलेली पदे | F100: रिक्त पदे
A101: 1 | B101: 1 | C101: 0 | D101: 0 | E101: 2 | F101: 0 | G101: =SUM(C101:F101) -> 2
A102: 2 | B102: 2 | C102: 0 | D102: 0 | E102: 0 | F102: 0 | G102: =SUM(C102:F102) -> 0
A103: 3 | B103: 3 | C103: 0 | D103: 0 | E103: 10 | F103: 1 | G103: =SUM(C103:F103) -> 11
A104: 4 | B104: 4 | C104: 0 | D104: 0 | E104: 1 | F104: 2 | G104: =SUM(C104:F104) -> 3
A105: एकुण | C105: =SUM(C101:C104) -> 0 | D105: =SUM(D101:D104) -> 0 | E105: =SUM(E101:E104) -> 13 | F105: =SUM(F101:F104) -> 3 | G105: =SUM(G101:G104) -> 16
F108: ( आकडे हजारात)
A109: अ.क्र. | B109: जिल्हा / विभाग | C109: वैद्यकिय खर्च | D109: उत्सव/सण अग्रिम | E109: स्वग्राम/महाराष्ट्र दर्शन | F109: 7 व्या वेतन आयोग फरक | G109: एनपीएस | H109: इतर | I109: एकुण
A110: 1 | B110: सिंधुदुर्ग | C110: 1000 | D110: 174 | E110: 240 | F110: 478 | G110: 501 | H110: 0 | I110: =SUM(C110:H110) -> 2393
A112: =$A$1 -> प्रपत्र - ब - अर्थसंकल्पीय अंदाजपत्रक सन 2021-2022
A113: मागणी क्र.सी- 1- लेखाशिर्ष 2029 0182
A114: मंजुर पदे
A115: अ.क्र. | B115: वर्ग | C115: स्थायी | E115: अस्थायी | G115: एकुण
C116: भरलेली पदे | D116: रिक्त पदे | E116: भरलेली पदे | F116: रिक्त पदे
A117: 1 | B117: 1 | G117: 0
A118: 2 | B118: 2 | G118: 0
A119: 3 | B119: 3 | G119: 0
A120: 4 | B120: 4 | G120: 0
...

Sheet Page 4
A1: प्रपत्र - अ - अर्थसंकल्पीय अंदाजपत्रक सन 2021-2022
A2: मागणी क्र.सी- 1- लेखाशिर्ष 2029 0182
A3: जिल्हा मुंबई शहर | L3: (आकडे हजारात)
A4: अ. क्र | B4: लेख्याची प्राथमिक आणि दुय्यम युनिट | C4: प्रत्यक्ष रक्कमा (खर्च) | F4: अर्थसंकल्पीय अंदाज | G4: सुधारीत अंदाज 2020-2021 | H4: अर्थसंकल्पीय अंदाज 2021-2022 | L4: मागील वर्षाच्या प्रत्यक्ष रक्कमा आणि चालु वर्षाच्या अर्थसंकल्पीय अंदाजाची तुलना करता आगामी वर्षासाठीच्या अंदाजातील वाढ किंवा घट यांच्या संबधातील स्पष्टीकरणे.
C5: 2017-2018 | D5: 2018-2019 | E5: 2019-2020 | F5: 2020-2021 | H5: प्राकक्लन (एस्टिमेटिंग) अधिका-याचा | I5: नियंत्रक अधिका-यांचा | J5: प्रशासकीय विभागाचा | K5: वित्त विभागाचा
A6: 1 | B6: 2 | C6: 3 | D6: 4 | E6: 5 | F6: 6 | G6: 7 | H6: 8 | I6: 9 | J6: 10 | K6: 11 | L6: 12
A7: 1 | B7: 01- वेतन
A8: 2 | B8: 03 अति.भत्ता
A9: 3 | B9: 06- दूरध्वनी वीज,पाणी व शुल्क
A10: 4 | B10: 11- देशातंर्गत प्रवास खर्च
A11: 5 | B11: 13- कार्यालयीन खर्च
A12: 6 | B12: 14-भाडेपटटी व कर
A13: 7 | B13: 16- प्रकाशने
A14: 8 | B14: 17- संगणक खर्च
A15: 9 | B15: 24- इंधन खर्च
A16: 10 | B16: 26- जाहीरात व प्रसिध्दी खर्च
B17: एकुण | C17: 0 | D17: 0 | E17: 0 | F17: 0 | G17: 0 | H17: 0 | I17: 0 | J17: 0 | K17: 0
A19: =$A$1 -> प्रपत्र - अ - अर्थसंकल्पीय अंदाजपत्रक सन 2021-2022
A20: मागणी क्र.सी- 1- लेखाशिर्ष 2029 0182
A21: जिल्हा मुंबई उपनगर | L21: (आकडे हजारात)
A22: अ. क्र | B22: लेख्याची प्राथमिक आणि दुय्यम युनिट | C22: प्रत्यक्ष रक्कमा (खर्च) | F22: अर्थसंकल्पीय अंदाज | G22: सुधारीत अंदाज 2020-2021 | H22: अर्थसंकल्पीय अंदाज 2021-2022 | L22: मागील वर्षाच्या प्रत्यक्ष रक्कमा आणि चालु वर्षाच्या अर्थसंकल्पीय अंदाजाची तुलना करता आगामी वर्षासाठीच्या अंदाजातील वाढ किंवा घट यांच्या संबधातील स्पष्टीकरणे.
C23: 2017-2018 | D23: 2018-2019 | E23: 2019-2020 | F23: 2020-2021 | H23: प्राकक्लन (एस्टिमेटिंग) अधिका-याचा | I23: नियंत्रक अधिका-यांचा | J23: प्रशासकीय विभागाचा | K23: वित्त विभागाचा
A24: 1 | B24: 2 | C24: 3 | D24: 4 | E24: 5 | F24: 6 | G24: 7 | H24: 8 | I24: 9 | J24: 10 | K24: 11 | L24: 12
A25: 1 | B25: 01- वेतन
A26: 2 | B26: 03 अति.भत्ता
A27: 3 | B27: 06- दूरध्वनी वीज,पाणी व शुल्क
A28: 4 | B28: 11- देशातंर्गत प्रवास खर्च
A29: 5 | B29: 13- कार्यालयीन खर्च
A30: 6 | B30: 14-भाडेपटटी व कर
A31: 7 | B31: 16- प्रकाशने
A32: 8 | B32: 17- संगणक खर्च
A33: 9 | B33: 24- इंधन खर्च
A34: 10 | B34: 26- जाहीरात व प्रसिध्दी खर्च
B35: एकुण | C35: 0 | D35: 0 | E35: 0 | F35: 0 | G35: 0 | H35: 0 | I35: 0 | J35: 0 | K35: 0 | L35: 0
A37: =$A$1 -> प्रपत्र - अ - अर्थसंकल्पीय अंदाजपत्रक सन 2021-2022
A38: मागणी क्र.सी- 1- लेखाशिर्ष 2029 0182
A39: जिल्हा ठाणे | L39: (आकडे हजारात)
A40: अ. क्र | B40: लेख्याची प्राथमिक आणि दुय्यम युनिट | C40: प्रत्यक्ष रक्कमा (खर्च) | F40: अर्थसंकल्पीय अंदाज | G40: सुधारीत अंदाज 2020-2021 | H40: अर्थसंकल्पीय अंदाज 2021-2022 | L40: मागील वर्षाच्या प्रत्यक्ष रक्कमा आणि चालु वर्षाच्या अर्थसंकल्पीय अंदाजाची तुलना करता आगामी वर्षासाठीच्या अंदाजातील वाढ किंवा घट यांच्या संबधातील स्पष्टीकरणे.
C41: 2017-2018 | D41: 2018-2019 | E41: 2019-2020 | F41: 2020-2021 | H41: प्राकक्लन (एस्टिमेटिंग) अधिका-याचा | I41: नियंत्रक अधिका-यांचा | J41: प्रशासकीय विभागाचा | K41: वित्त विभागाचा
A42: 1 | B42: 2 | C42: 3 | D42: 4 | E42: 5 | F42: 6 | G42: 7 | H42: 8 | I42: 9 | J42: 10 | K42: 11 | L42: 12
A43: 1 | B43: 01- वेतन | C43: 5150 | D43: 6700 | E43: 8652 | F43: 9424 | G43: 9500 | H43: 9714
A44: 2 | B44: 03 अति.भत्ता | C44: 0 | D44: 0 | E44: 0 | F44: 0 | G44: 0 | H44: 0
A45: 3 | B45: 06- दूरध्वनी वीज,पाणी व शुल्क | C45: 84 | D45: 155 | E45: 120 | F45: 410 | G45: 410 | H45: 500
A46: 4 | B46: 11- देशातंर्गत प्रवास खर्च | C46: 37 | D46: 28 | E46: 16 | F46: 115 | G46: 115 | H46: 130
A47: 5 | B47: 13- कार्यालयीन खर्च | C47: 102 | D47: 115 | E47: 93 | F47: 260 | G47: 260 | H47: 300
A48: 6 | B48: 14-भाडेपटटी व कर | C48: 0 | D48: 0 | E48: 0 | F48: 0 | G48: 0 | H48: 0
A49: 7 | B49: 16- प्रकाशने | C49: 0 | D49: 0 | E49: 0 | F49: 0 | G49: 0 | H49: 0
A50: 8 | B50: 17- संगणक खर्च | C50: 2 | D50: 63 | E50: 22 | F50: 110 | G50: 110 | H50: 150
A51: 9 | B51: 24- इंधन खर्च | C51: 0 | D51: 0 | E51: 0 | F51: 46 | G51: 46 | H51: 46
A52: 10 | B52: 26- जाहीरात व प्रसिध्दी खर्च | C52: 0 | D52: 0 | E52: 0 | F52: 0 | G52: 0 | H52: 0
B53: एकुण | C53: =SUM(C43:C52) -> 5375 | D53: =SUM(D43:D52) -> 7061 | E53: =SUM(E43:E52) -> 8903 | F53: =SUM(F43:F52) -> 10365 | G53: =SUM(G43:G52) -> 10441 | H53: =SUM(H43:H52) -> 10840 | I53: =SUM(I43:I52) -> 0 | J53: =SUM(J43:J52) -> 0 | ... L53: =SUM(L43:L52) -> 0
A54: =$A$1 -> प्रपत्र - अ - अर्थसंकल्पीय अंदाजपत्रक सन 2021-2022
A55: मागणी क्र.सी- 1- लेखाशिर्ष 2029 0182
A56: जिल्हा पालघर | L56: (आकडे हजारात)
A57: अ. क्र | B57: लेख्याची प्राथमिक आणि दुय्यम युनिट | C57: प्रत्यक्ष रक्कमा (खर्च) | F57: अर्थसंकल्पीय अंदाज | G57: सुधारीत अंदाज 2020-2021 | H57: अर्थसंकल्पीय अंदाज 2021-2022 | L57: मागील वर्षाच्या प्रत्यक्ष रक्कमा आणि चालु वर्षाच्या अर्थसंकल्पीय अंदाजाची तुलना करता आगामी वर्षासाठीच्या अंदाजातील वाढ किंवा घट यांच्या संबधातील स्पष्टीकरणे.
C58: 2017-2018 | D58: 2018-2019 | E58: 2019-2020 | F58: 2020-2021 | H58: प्राकक्लन (एस्टिमेटिंग) अधिका-याचा | I58: नियंत्रक अधिका-यांचा | J58: प्रशासकीय विभागाचा | K58: वित्त विभागाचा
A59: 1 | B59: 2 | C59: 3 | D59: 4 | E59: 5 | F59: 6 | G59: 7 | H59: 8 | I59: 9 | J59: 10 | K59: 11 | L59: 12
A60: 1 | B60: 01- वेतन | C60: 344 | D60: 375 | E60: 1112 | F60: 1749 | G60: 1750 | H60: 1791
A61: 2 | B61: 03 अति.भत्ता | C61: 0 | D61: 0 | E61: 0 | F61: 0 | G61: 0 | H61: 0
A62: 3 | B62: 06- दूरध्वनी वीज,पाणी व शुल्क | C62: 0 | D62: 0 | E62: 1 | F62: 100 | G62: 10 | H62: 10
A63: 4 | B63: 11- देशातंर्गत प्रवास खर्च | C63: 0 | D63: 27 | E63: 0 | F63: 100 | G63: 50 | H63: 75
A64: 5 | B64: 13- कार्यालयीन खर्च | C64: 60 | D64: 168 | E64: 78 | F64: 250 | G64: 50 | H64: 100
A65: 6 | B65: 14-भाडेपटटी व कर | C65: 0 | D65: 59 | E65: 0 | F65: 160 | G65: 0 | H65: 0
A66: 7 | B66: 16- प्रकाशने | C66: 0 | D66: 0 | E66: 0 | F66: 0 | G66: 0 | H66: 0
A67: 8 | B67: 17- संगणक खर्च | C67: 12 | D67: 84 | E67: 12 | F67: 140 | G67: 20 | H67: 50
A68: 9 | B68: 24- इंधन खर्च | C68: 0 | D68: 0 | E68: 0 | F68: 200 | G68: 0 | H68: 0
A69: 10 | B69: 26- जाहीरात व प्रसिध्दी खर्च | C69: 0 | D69: 0 | E69: 0 | F69: 0 | G69: 20 | H69: 20
B70: एकुण | C70: =SUM(C60:C69) -> 416 | D70: =SUM(D60:D69) -> 713 | E70: =SUM(E60:E69) -> 1203 | F70: =SUM(F60:F69) -> 2699 | G70: =SUM(G60:G69) -> 1900 | H70: =SUM(H60:H69) -> 2046 | I70: =SUM(I60:I69) -> 0 | J70: =SUM(J60:J69) -> 0 | K70: =SUM(K60:K69) -> 0 | L70: 0
A72: =$A$1 -> प्रपत्र - अ - अर्थसंकल्पीय अंदाजपत्रक सन 2021-2022
A73: मागणी क्र.सी- 1- लेखाशिर्ष 2029 0182
A74: जिल्हा रायगड | L74: (आकडे हजारात)
A75: अ. क्र | B75: लेख्याची प्राथमिक आणि दुय्यम युनिट | C75: प्रत्यक्ष रक्कमा (खर्च) | F75: अर्थसंकल्पीय अंदाज | G75: सुधारीत अंदाज 2020-2021 | H75: अर्थसंकल्पीय अंदाज 2021-2022 | L75: मागील वर्षाच्या प्रत्यक्ष रक्कमा आणि चालु वर्षाच्या अर्थसंकल्पीय अंदाजाची तुलना करता आगामी वर्षासाठीच्या अंदाजातील वाढ किंवा घट यांच्या संबधातील स्पष्टीकरणे.
C76: 2017-2018 | D76: 2018-2019 | E76: 2019-2020 | F76: 2020-2021 | H76: प्राकक्लन (एस्टिमेटिंग) अधिका-याचा | I76: नियंत्रक अधिका-यांचा | J76: प्रशासकीय विभागाचा | K76: वित्त विभागाचा
A77: 1 | B77: 2 | C77: 3 | D77: 4 | E77: 5 | F77: 6 | G77: 7 | H77: 8 | I77: 9 | J77: 10 | K77: 11 | L77: 12
A78: 1 | B78: 01- वेतन | C78: 11838 | D78: 13829 | E78: 16242 | F78: 24429 | G78: 24428 | H78: 23626
A79: 2 | B79: 03 अति.भत्ता | C79: 0 | D79: 0 | E79: 0 | F79: 0 | G79: 0 | H79: 0
A80: 3 | B80: 06- दूरध्वनी वीज,पाणी व शुल्क | C80: 81 | D80: 61 | E80: 29 | F80: 950 | G80: 950 | H80: 950
A81: 4 | B81: 11- देशातंर्गत प्रवास खर्च | C81: 78 | D81: 148 | E81: 70 | F81: 800 | G81: 800 | H81: 800
A82: 5 | B82: 13- कार्यालयीन खर्च | C82: 430 | D82: 538 | E82: 279 | F82: 900 | G82: 900 | H82: 900
A83: 6 | B83: 14-भाडेपटटी व कर | C83: 0 | D83: 0 | E83: 0 | F83: 700 | G83: 700 | H83: 700
A84: 7 | B84: 16- प्रकाशने | C84: 0 | D84: 0 | E84: 0 | F84: 0 | G84: 0 | H84: 0
A85: 8 | B85: 17- संगणक खर्च | C85: 154 | D85: 218 | E85: 81 | F85: 600 | G85: 600 | H85: 600
A86: 9 | B86: 24- इंधन खर्च | C86: 0 | D86: 19 | E86: 0 | F86: 400 | G86: 400 | H86: 400
A87: 10 | B87: 26- जाहीरात व प्रसिध्दी खर्च | C87: 0 | D87: 0 | E87: 0 | F87: 0 | G87: 0 | H87: 0
B88: एकुण | C88: =SUM(C78:C87) -> 12581 | D88: =SUM(D78:D87) -> 14813 | E88: =SUM(E78:E87) -> 16701 | F88: =SUM(F78:F87) -> 28779 | G88: =SUM(G78:G87) -> 28778 | H88: =SUM(H78:H87) -> 27976 | I88: =SUM(I78:I87) -> 0 | J88: =SUM(J78:J87) -> 0 | ... L88: =SUM(L78:L87) -> 0
A90: =$A$1 -> प्रपत्र - अ - अर्थसंकल्पीय अंदाजपत्रक सन 2021-2022
A91: मागणी क्र.सी- 1- लेखाशिर्ष 2029 0182
A92: जिल्हा रत्नागिरी | L92: (आकडे हजारात)
A93: अ. क्र | B93: लेख्याची प्राथमिक आणि दुय्यम युनिट | C93: प्रत्यक्ष रक्कमा (खर्च) | F93: अर्थसंकल्पीय अंदाज | G93: सुधारीत अंदाज 2020-2021 | H93: अर्थसंकल्पीय अंदाज 2021-2022 | L93: मागील वर्षाच्या प्रत्यक्ष रक्कमा आणि चालु वर्षाच्या अर्थसंकल्पीय अंदाजाची तुलना करता आगामी वर्षासाठीच्या अंदाजातील वाढ किंवा घट यांच्या संबधातील स्पष्टीकरणे.
C94: 2017-2018 | D94: 2018-2019 | E94: 2019-2020 | F94: 2020-2021 | H94: प्राकक्लन (एस्टिमेटिंग) अधिका-याचा | I94: नियंत्रक अधिका-यांचा | J94: प्रशासकीय विभागाचा | K94: वित्त विभागाचा
A95: 1 | B95: 2 | C95: 3 | D95: 4 | E95: 5 | F95: 6 | G95: 7 | H95: 8 | I95: 9 | J95: 10 | K95: 11 | L95: 12
A96: 1 | B96: 01- वेतन | C96: 6490 | D96: 6221 | E96: 8193 | F96: 9562 | H96: 11912
A97: 2 | B97: 03 अति.भत्ता | C97: 0 | D97: 0 | E97: 0 | F97: 0 | H97: 0
A98: 3 | B98: 06- दूरध्वनी वीज,पाणी व शुल्क | C98: 0 | D98: 0 | E98: 0 | F98: 0 | H98: 0
A99: 4 | B99: 11- देशातंर्गत प्रवास खर्च | C99: 9 | D99: 40 | E99: 146 | F99: 260 | H99: 200
A100: 5 | B100: 13- कार्यालयीन खर्च | C100: 205 | D100: 199 | E100: 184 | F100: 350 | H100: 250
A101: 6 | B101: 14-भाडेपटटी व कर | C101: 0 | D101: 0 | E101: 0 | F101: 0 | H101: 0
A102: 7 | B102: 16- प्रकाशने | C102: 0 | D102: 0 | E102: 0 | F102: 0 | H102: 0
A103: 8 | B103: 17- संगणक खर्च | C103: 46 | D103: 40 | E103: 74 | F103: 150 | H103: 80
A104: 9 | B104: 24- इंधन खर्च | C104: 0 | D104: 0 | E104: 0 | F104: 0 | H104: 0
...

Sheet Page 5
A1: ='Page 4'!A144 -> प्रपत्र - अ - अर्थसंकल्पीय अंदाजपत्रक सन 2021-2022
A2: ='Page 4'!A145 -> मागणी क्र.सी- 1- लेखाशिर्ष 2029 0182
A3: ='Page 4'!A146 -> कोकण विभाग | L3: ='Page 4'!L146 -> (आकडे हजारात)
A4: ='Page 4'!A147 -> अ. क्र | B4: ='Page 4'!B147 -> लेख्याची प्राथमिक आणि दुय्यम युनिट | C4: ='Page 4'!C147 -> प्रत्यक्ष रक्कमा (खर्च) | F4: ='Page 4'!F147 -> अर्थसंकल्पीय अंदाज | G4: ='Page 4'!G147 -> सुधारीत अंदाज 2020-2021 | H4: ='Page 4'!H147 -> अर्थसंकल्पीय अंदाज 2021-2022 | L4: ='Page 4'!L147 -> मागील वर्षाच्या प्रत्यक्ष रक्कमा आणि चालु वर्षाच्या अर्थसंकल्पीय अंदाजाची तुलना करता आगामी वर्षासाठीच्या अंदाजातील वाढ किंवा घट यांच्या संबधातील स्पष्टीकरणे.
C5: ='Page 4'!C148 -> 2017-2018 | D5: ='Page 4'!D148 -> 2018-2019 | E5: ='Page 4'!E148 -> 2019-2020 | F5: ='Page 4'!F148 -> 2020-2021 | H5: ='Page 4'!H148 -> प्राकक्लन (एस्टिमेटिंग) अधिका-याचा | I5: ='Page 4'!I148 -> नियंत्रक अधिका-यांचा | J5: ='Page 4'!J148 -> प्रशासकीय विभागाचा | K5: ='Page 4'!K148 -> वित्त विभागाचा
A6: ='Page 4'!A149 -> 1 | B6: ='Page 4'!B149 -> 2 | C6: ='Page 4'!C149 -> 3 | D6: ='Page 4'!D149 -> 4 | E6: ='Page 4'!E149 -> 5 | F6: ='Page 4'!F149 -> 6 | G6: ='Page 4'!G149 -> 7 | H6: ='Page 4'!H149 -> 8 | ... L6: ='Page 4'!L149 -> 12
A7: 1 | B7: 01- वेतन | C7: ='Page 4'!C150 -> 28714 | D7: ='Page 4'!D150 -> 32127 | E7: ='Page 4'!E150 -> 41523 | F7: 56839 | G7: =SUM('Page 4'!G150) -> 47645 | I7: =SUM('Page 4'!H150) -> 59640 | L7: 01- वेतन:- या बाबीखाली चालु महागाई भत्ता दर आकारणी 25% प्रमाणे विचारात घेवून केली आहे.
A8: 2 | B8: 03 अति.भत्ता | C8: ='Page 4'!C151 -> 0 | D8: ='Page 4'!D151 -> 0 | E8: ='Page 4'!E151 -> 0 | F8: =SUM('Page 4'!F151) -> 0 | G8: =SUM('Page 4'!G151) -> 0 | I8: =SUM('Page 4'!H151) -> 0
A9: 3 | B9: 06- दूरध्वनी वीज,पाणी व शुल्क | C9: ='Page 4'!C152 -> 260 | D9: ='Page 4'!D152 -> 265 | E9: ='Page 4'!E152 -> 244 | F9: 1700 | G9: =SUM('Page 4'!G152) -> 1610 | I9: =SUM('Page 4'!H152) -> 1710 | L9: 06- दूरध्वनी, वीज पाणी व शुल्क:- भुसंपादन कार्यालयाकडील क्षेत्रीय कार्यालये व मुख्यालये यामध्ये दुरध्वनी खर्च तसेच वाढीव दराची वीज देयके अदा करणेकामी जादा अनुदानाची आवश्यकता आहे.
A10: 4 | B10: 11- देशातंर्गत प्रवास खर्च | C10: ='Page 4'!C153 -> 200 | D10: ='Page 4'!D153 -> 300 | E10: ='Page 4'!E153 -> 342 | F10: 1545 | G10: =SUM('Page 4'!G153) -> 1235 | I10: =SUM('Page 4'!H153) -> 1485 | L10: 11- देशातंर्गत प्रवास खर्च:- भुसंपादन कार्यालयाकडील कराव्या लागलेल्या फिरती बदली प्रवासभत्ता दैनिकभत्ता इत्यादीसाठी वाढीव महागाई दराच्या आधारावर जादा अनुदानाची आवश्यकता आहे.
A11: 5 | B11: 13- कार्यालयीन खर्च | C11: ='Page 4'!C154 -> 1014 | D11: ='Page 4'!D154 -> 1245 | E11: ='Page 4'!E154 -> 844 | F11: 2150 | G11: =SUM('Page 4'!G154) -> 1600 | I11: =SUM('Page 4'!H154) -> 1950 | L11: 13- कार्यालयीन खर्च :- सदर बाबीखाली कार्या.खर्चसाठी स्टेशनरी, जडसंग्रह वस्तु, झेरॉक्स यांच्या वाढीव दरामुळे तसेच अधिका-यांच्या साठी उपलब्ध असलेल्या शासकीय वाहनांची देखभाल, दुरुस्ती, पेट्रोल व डिझेल यांचे वाढीव दर यामुळे कार्यालयीन खर्च मोठया प्रमाणावर वाढला आहे. त्यामुळे वाढीव अनुदानाची मागणी केली आहे.
A12: 6 | B12: 14-भाडेपटटी व कर | C12: ='Page 4'!C155 -> 0 | D12: ='Page 4'!D155 -> 59 | E12: ='Page 4'!E155 -> 0 | F12: =SUM('Page 4'!F155) -> 860 | G12: =SUM('Page 4'!G155) -> 700 | I12: =SUM('Page 4'!H155) -> 700 | L12: 14-भाडेपट्टी व कर :- भूसंपादन कार्यालयाचे हिश्याचे वार्षीक मालमत्ता कराचे देयक अदा करण्याकरीता अनुदनाची आवश्यकता आहे.
A13: 7 | B13: 16- प्रकाशने | C13: ='Page 4'!C156 -> 0 | D13: ='Page 4'!D156 -> 0 | E13: ='Page 4'!E156 -> 0 | F13: =SUM('Page 4'!F156) -> 0 | G13: =SUM('Page 4'!G156) -> 0 | I13: =SUM('Page 4'!H156) -> 0
A14: 8 | B14: 17- संगणक खर्च | C14: ='Page 4'!C157 -> 273 | D14: ='Page 4'!D157 -> 467 | E14: ='Page 4'!E157 -> 249 | F14: 1220 | G14: =SUM('Page 4'!G157) -> 950 | I14: =SUM('Page 4'!H157) -> 1110 | L14: 17- संगणक खर्च :- सदर बाबीखाली सन 2010-2011 पासून मागणी करण्यात येत आहे. सदर उपशिर्षाखाली भुसंपादन कार्यालयास व क्षेत्रीय कार्यालयास पाठवावयाचे नियतकालीके अहवाल तयार करणे इ. कार्यालयीन कामे संगणकावर करावी लागतात. 2013-14 वित्‍त्तीय वर्षात सदर लेखाशिर्षातंर्गत नवीन बाब निर्माण करण्यांत आली आहे. मात्र अत्यल्प अनुदान उपलब्ध करुन देण्यांत आले. सबब या वित्तीय वर्षात सदर अनुदानाची तरतूद होण्यास विनंती आहे.
A15: 9 | B15: 24- इंधन खर्च | C15: ='Page 4'!C158 -> 0 | D15: ='Page 4'!D158 -> 19 | E15: ='Page 4'!E158 -> 0 | F15: =SUM('Page 4'!F158) -> 646 | G15: =SUM('Page 4'!G158) -> 446 | I15: =SUM('Page 4'!H158) -> 446 | L15: 24-इंधन खर्च:- भूसंपादन अधिका-यांच्या साठी उपलब्ध असलेल्या शासकीय वाहनांचे पेट्रोल व डिझेल यांचे वाढीव दर यामुळे इंधन खर्च मोठया प्रमाणावर वाढला आहे. त्यामुळे वाढीव अनुदानाची मागणी केली आहे.
A16: 10 | B16: 26- जाहीरात व प्रसिध्दी खर्च | C16: ='Page 4'!C159 -> 0 | D16: ='Page 4'!D159 -> 0 | E16: ='Page 4'!E159 -> 0 | F16: =SUM('Page 4'!F159) -> 0 | G16: =SUM('Page 4'!G159) -> 20 | I16: =SUM('Page 4'!H159) -> 20 | L16: 26-जाहिरात व प्रसिद्धी खर्च:- भूसंपादन कार्यालयातील विविध प्रकारच्या शासकीय जाहिराती प्रसिद्धी करणेकामी होणा-या खर्चाची देयके अदा करण्याकरीता अनुदानाची तरतुद होण्यास विनंती आहे.
B17: एकुण | C17: =SUM(C7:C16) -> 30461 | D17: =SUM(D7:D16) -> 34482 | E17: =SUM(E7:E16) -> 43202 | F17: =SUM(F7:F16) -> 64960 | G17: =SUM(G7:G16) -> 54206 | H17: =SUM(H7:H16) -> 0 | I17: =SUM(I7:I16) -> 67061 | J17: =SUM(J7:J16) -> 0 | K17: =SUM(K7:K16) -> 0
L19: (विनिता भूमकर)
L20: सहाय्यक संचालक(लेखा) कोकण विभाग

Sheet 4-12 TO 7-12 MES
A1: 2020-2021
A2: 4/2020-7/2020 Monthly Expenditure 20290182
C3: Mcity | D3: MSD | E3: PAO | F3: THANE | G3: PALGHAR | H3: RAIGAD | I3: RATNAGIRI | J3: SINDHUDURG | K3: DIV COMM | L3: AG | M3: TOTAL
A4: 1 | B4: Salary | C4: 0 | D4: 0 | E4: =SUM(C4:D4) -> 0 | F4: 1757 | G4: 410 | H4: 4156 | I4: 2310 | J4: 3353 | K4: 0 | L4: =SUM(F4:K4) -> 11986 | M4: =SUM(L4+E4) -> 11986
A5: 6 | B5: ELCT/WAT/TEL | E5: =SUM(C5:D5) -> 0 | H5: 4 | J5: 1 | L5: =SUM(F5:K5) -> 5 | M5: =SUM(E5:K5) -> 5
A6: 11 | B6: TE | E6: =SUM(C6:D6) -> 0 | H6: 11 | L6: =SUM(F6:K6) -> 11 | M6: =SUM(E6:K6) -> 11
A7: 13 | B7: OE | E7: =SUM(C7:D7) -> 0 | I7: 11 | J7: 22 | L7: =SUM(F7:K7) -> 33 | M7: =SUM(E7:K7) -> 33
A8: 14 | B8: Property Tax | E8: =SUM(C8:D8) -> 0 | L8: =SUM(F8:K8) -> 0 | M8: =SUM(E8:K8) -> 0
A9: 17 | B9: Computer | E9: =SUM(C9:D9) -> 0 | L9: =SUM(F9:K9) -> 0 | M9: =SUM(E9:K9) -> 0
A10: 24 | B10: Petrol-oil | E10: =SUM(C10:D10) -> 0 | L10: =SUM(F10:K10) -> 0 | M10: =SUM(E10:K10) -> 0
A11: 26 | B11: Advertisement & Publicity | E11: =SUM(C11:D11) -> 0 | L11: =SUM(F11:K11) -> 0 | M11: =SUM(E11:K11) -> 0
B12: Total | C12: =SUM(C4:C11) -> 0 | D12: =SUM(D4:D11) -> 0 | E12: =SUM(E4:E11) -> 0 | F12: =SUM(F4:F11) -> 1757 | G12: =SUM(G4:G11) -> 410 | H12: =SUM(H4:H11) -> 4171 | I12: =SUM(I4:I11) -> 2321 | J12: =SUM(J4:J11) -> 3376 | ... M12: =SUM(M4:M11) -> 12035
K15: (विनिता भूमकर)
K16: सहाय्यक संचालक (लेखा)
K17: कोकण विभाग

Sheet jodpatra d
A1: जोडपत्र-ड
A2: अर्थसंकल्पीय अंदाजपत्रक सन 2021-2022
A3: मागणी क्र.सी-1 2029 जमीन महसूल (20290182)
A4: कोकण विभाग संगर्व निहाय पदांची माहिती
A5: अ.क्र. | B5: संवर्ग | C5: मंजूर पदे | E5: भरलेली पदे | G5: रिक्त पदे
C6: स्थायी | D6: अस्थायी | E6: स्थायी | F6: अस्थायी | G6: स्थायी | H6: अस्थायी
A7: 1 | B7: वर्ग-1 | C7: 0 | D7: 9 | E7: =SUM('Page 3'!C133) -> 0 | F7: =SUM('Page 3'!E133) -> 9 | G7: =SUM('Page 3'!D133) -> 0 | H7: =SUM('Page 3'!F133) -> 0
A8: 2 | B8: वर्ग-2 | C8: 0 | D8: 1 | E8: =SUM('Page 3'!C134) -> 0 | F8: =SUM('Page 3'!E134) -> 1 | G8: =SUM('Page 3'!D134) -> 0 | H8: =SUM('Page 3'!F134) -> 0
A9: 3 | B9: वर्ग-3 | C9: =SUM('Page 1'!E264) -> 3 | D9: =SUM('Page 1'!E282) -> 47 | E9: =SUM('Page 3'!C135) -> 3 | F9: =SUM('Page 3'!E135) -> 39 | G9: =SUM('Page 3'!D135) -> 0 | H9: =SUM('Page 3'!F135) -> 8
A10: 4 | B10: वर्ग-4 | C10: =SUM('Page 1'!E266) -> 1 | D10: =SUM('Page 1'!E285) -> 11 | E10: =SUM('Page 3'!C136) -> 0 | F10: =SUM('Page 3'!E136) -> 6 | G10: =SUM('Page 3'!D136) -> 1 | H10: =SUM('Page 3'!F136) -> 5
B11: एकूण | C11: =SUM(C7:C10) -> 4 | D11: =SUM(D7:D10) -> 68 | E11: =SUM(E7:E10) -> 3 | F11: =SUM(F7:F10) -> 55 | G11: =SUM(G7:G10) -> 1 | H11: =SUM(H7:H10) -> 13
F14: (विनिता भूमकर)
F15: सहाय्यक संचालक(लेखा) कोकण विभाग

Sheet Sheet1
A1: अर्थसंकल्पीय अंदाजपत्रक सन 2017-2018 (जिल्हानिहाय)
A2: मागणी क्र.सी-1- लेखाशिर्ष : 20290182
A3: (आकडे हजारात)
A4: अ. क्र. | B4: उपलेखाशिर्ष | C4: मुंबई शहर | D4: मुंबई उपनगर | E4: ठाणे | F4: पालघर | G4: रायगड | H4: रत्नागिरी | I4: सिंधुदुर्ग | J4: मा.उप आयुक्त (सा.प्र.) | K4: एकूण
A5: 1 | B5: 01- वेतन | C5: =SUM('Page 4'!H7) -> 0 | D5: =SUM('Page 4'!H25) -> 0 | E5: =SUM('Page 4'!H43) -> 9714 | F5: =SUM('Page 4'!H60) -> 1791 | G5: =SUM('Page 4'!H78) -> 23626 | H5: =SUM('Page 4'!H96) -> 11912 | I5: =SUM('Page 4'!H114) -> 12597 | J5: =SUM('Page 4'!H132) -> 0 | K5: =SUM(C5:J5)-1 -> 59639
A6: 2 | B6: 03- अति.भत्ता | C6: =SUM('Page 4'!H8) -> 0 | D6: =SUM('Page 4'!H26) -> 0 | E6: =SUM('Page 4'!H44) -> 0 | F6: =SUM('Page 4'!H61) -> 0 | G6: =SUM('Page 4'!H79) -> 0 | H6: =SUM('Page 4'!H97) -> 0 | I6: =SUM('Page 4'!H115) -> 0 | J6: =SUM('Page 4'!H133) -> 0 | K6: =SUM(C6:J6) -> 0
A7: 3 | B7: 06- दूरध्वनी वीज,पाणी व शुल्क | C7: =SUM('Page 4'!H9) -> 0 | D7: =SUM('Page 4'!H27) -> 0 | E7: =SUM('Page 4'!H45) -> 500 | F7: =SUM('Page 4'!H62) -> 10 | G7: =SUM('Page 4'!H80) -> 950 | H7: =SUM('Page 4'!H98) -> 0 | I7: =SUM('Page 4'!H116) -> 250 | J7: =SUM('Page 4'!H134) -> 0 | K7: =SUM(C7:J7) -> 1710
A8: 4 | B8: 11- देशातंर्गत प्रवास खर्च | C8: =SUM('Page 4'!H10) -> 0 | D8: =SUM('Page 4'!H28) -> 0 | E8: =SUM('Page 4'!H46) -> 130 | F8: =SUM('Page 4'!H63) -> 75 | G8: =SUM('Page 4'!H81) -> 800 | H8: =SUM('Page 4'!H99) -> 200 | I8: =SUM('Page 4'!H117) -> 280 | J8: =SUM('Page 4'!H135) -> 0 | K8: =SUM(C8:J8) -> 1485
A9: 5 | B9: 13- कार्यालयीन खर्च | C9: =SUM('Page 4'!H11) -> 0 | D9: =SUM('Page 4'!H29) -> 0 | E9: =SUM('Page 4'!H47) -> 300 | F9: =SUM('Page 4'!H64) -> 100 | G9: =SUM('Page 4'!H82) -> 900 | H9: =SUM('Page 4'!H100) -> 250 | I9: =SUM('Page 4'!H118) -> 400 | J9: =SUM('Page 4'!H136) -> 0 | K9: =SUM(C9:J9) -> 1950
A10: 6 | B10: 14-भाडेपट्टी व कर | C10: =SUM('Page 4'!H12) -> 0 | D10: =SUM('Page 4'!H30) -> 0 | E10: =SUM('Page 4'!H48) -> 0 | F10: =SUM('Page 4'!H65) -> 0 | G10: =SUM('Page 4'!H83) -> 700 | H10: =SUM('Page 4'!H101) -> 0 | I10: =SUM('Page 4'!H119) -> 0 | J10: =SUM('Page 4'!H137) -> 0 | K10: =SUM(C10:J10) -> 700
A11: 7 | B11: 16-प्रकाशने | C11: =SUM('Page 4'!H13) -> 0 | D11: =SUM('Page 4'!H31) -> 0 | E11: =SUM('Page 4'!H49) -> 0 | F11: =SUM('Page 4'!H66) -> 0 | G11: =SUM('Page 4'!H84) -> 0 | H11: =SUM('Page 4'!H102) -> 0 | I11: =SUM('Page 4'!H120) -> 0 | J11: =SUM('Page 4'!H138) -> 0 | K11: =SUM(C11:J11) -> 0
A12: 8 | B12: 17- संगणक खर्च | C12: =SUM('Page 4'!H14) -> 0 | D12: =SUM('Page 4'!H32) -> 0 | E12: =SUM('Page 4'!H50) -> 150 | F12: =SUM('Page 4'!H67) -> 50 | G12: =SUM('Page 4'!H85) -> 600 | H12: =SUM('Page 4'!H103) -> 80 | I12: =SUM('Page 4'!H121) -> 230 | J12: =SUM('Page 4'!H139) -> 0 | K12: =SUM(C12:J12) -> 1110
A13: 9 | B13: 24- इंधन खर्च | C13: =SUM('Page 4'!H15) -> 0 | D13: =SUM('Page 4'!H33) -> 0 | E13: =SUM('Page 4'!H51) -> 46 | F13: =SUM('Page 4'!H68) -> 0 | G13: =SUM('Page 4'!H86) -> 400 | H13: =SUM('Page 4'!H104) -> 0 | I13: =SUM('Page 4'!H122) -> 0 | J13: =SUM('Page 4'!H140) -> 0 | K13: =SUM(C13:J13) -> 446
A14: 10 | B14: 26- जाहीरात व प्रसिध्दी खर्च | C14: =SUM('Page 4'!H16) -> 0 | D14: =SUM('Page 4'!H34) -> 0 | E14: =SUM('Page 4'!H52) -> 0 | F14: =SUM('Page 4'!H69) -> 20 | G14: =SUM('Page 4'!H87) -> 0 | H14: =SUM('Page 4'!H105) -> 0 | I14: =SUM('Page 4'!H123) -> 0 | J14: =SUM('Page 4'!H141) -> 0 | K14: =SUM(C14:J14) -> 20
A15: एकूण | C15: =SUM(C5:C14) -> 0 | D15: =SUM(D5:D14) -> 0 | E15: =SUM(E5:E14) -> 10840 | F15: =SUM(F5:F14) -> 2046 | G15: =SUM(G5:G14) -> 27976 | H15: =SUM(H5:H14) -> 12442 | I15: =SUM(I5:I14) -> 13757 | J15: =SUM(J5:J14) -> 0 | K15: =SUM(K5:K14) -> 67060
A17: प्रपत्र - अ - अर्थसंकल्पीय अंदाजपत्रक सन 2018-2019
A18: मागणी क्र.सी-1- लेखाशिर्ष : 20290182
A19: (आकडे हजारात)
A20: अ. क्र. | B20: उपलेखाशिर्ष | C20: मुंबई शहर | D20: मुंबई उपनगर | E20: ठाणे | F20: पालघर | G20: रायगड | H20: रत्नागिरी | I20: सिंधुदुर्ग | J20: मा.उप आयुक्त (सा.प्र.) | K20: एकूण
A21: 1 | B21: 01- वेतन | C21: =SUM((C5/K5)*100) -> 0 | D21: =SUM((D5/K5)*100) -> 0 | E21: =SUM((E5/K5)*100) -> 16.287999 | F21: =SUM((F5/K5)*100) -> 3.0030685 | G21: =SUM((G5/K5)*100) -> 39.615017 | H21: =SUM((H5/K5)*100) -> 19.973507 | I21: =SUM((I5/K5)*100) -> 21.122085 | J21: =SUM((J5/K5)*100) -> 0 | K21: 42782 | L21: =SUM(C21:J21) -> 100.00168
A22: 2 | B22: 03- अति.भत्ता | C22: =SUM((C6/K6)*100) -> #DIV/0! | D22: =SUM((D6/K6)*100) -> #DIV/0! | E22: =SUM((E6/K6)*100) -> #DIV/0! | F22: =SUM((F6/K6)*100) -> #DIV/0! | G22: =SUM((G6/K6)*100) -> #DIV/0! | H22: =SUM((H6/K6)*100) -> #DIV/0! | I22: =SUM((I6/K6)*100) -> #DIV/0! | J22: =SUM((J6/K6)*100) -> #DIV/0! | K22: 0 | L22: =SUM(C22:J22) -> #DIV/0!
A23: 3 | B23: 06- दूरध्वनी वीज,पाणी व शुल्क | C23: =SUM((C7/K7)*100) -> 0 | D23: =SUM((D7/K7)*100) -> 0 | E23: =SUM((E7/K7)*100) -> 29.239766 | F23: =SUM((F7/K7)*100) -> 0.58479532 | G23: =SUM((G7/K7)*100) -> 55.555556 | H23: =SUM((H7/K7)*100) -> 0 | I23: =SUM((I7/K7)*100) -> 14.619883 | J23: =SUM((J7/K7)*100) -> 0 | K23: 1450 | L23: =SUM(C23:J23) -> 100
A24: 4 | B24: 11- देशातंर्गत प्रवास खर्च | C24: =SUM((C8/K8)*100) -> 0 | D24: =SUM((D8/K8)*100) -> 0 | E24: =SUM((E8/K8)*100) -> 8.7542088 | F24: =SUM((F8/K8)*100) -> 5.0505051 | G24: =SUM((G8/K8)*100) -> 53.872054 | H24: =SUM((H8/K8)*100) -> 13.468013 | I24: =SUM((I8/K8)*100) -> 18.855219 | J24: =SUM((J8/K8)*100) -> 0 | K24: 1520 | L24: =SUM(C24:J24) -> 100
A25: 5 | B25: 13- कार्यालयीन खर्च | C25: =SUM((C9/K9)*100) -> 0 | D25: =SUM((D9/K9)*100) -> 0 | E25: =SUM((E9/K9)*100) -> 15.384615 | F25: =SUM((F9/K9)*100) -> 5.1282051 | G25: =SUM((G9/K9)*100) -> 46.153846 | H25: =SUM((H9/K9)*100) -> 12.820513 | I25: =SUM((I9/K9)*100) -> 20.512821 | J25: =SUM((J9/K9)*100) -> 0 | K25: 1920 | L25: =SUM(C25:J25) -> 100
A26: 6 | B26: 14-भाडेपट्टी व कर | C26: =SUM((C10/K10)*100) -> 0 | D26: =SUM((D10/K10)*100) -> 0 | E26: =SUM((E10/K10)*100) -> 0 | F26: =SUM((F10/K10)*100) -> 0 | G26: =SUM((G10/K10)*100) -> 100 | H26: =SUM((H10/K10)*100) -> 0 | I26: =SUM((I10/K10)*100) -> 0 | J26: =SUM((J10/K10)*100) -> 0 | K26: 760 | L26: =SUM(C26:J26) -> 100
A27: 7 | B27: 16-प्रकाशने | C27: =SUM((C11/K11)*100) -> #DIV/0! | D27: =SUM((D11/K11)*100) -> #DIV/0! | E27: =SUM((E11/K11)*100) -> #DIV/0! | F27: =SUM((F11/K11)*100) -> #DIV/0! | G27: =SUM((G11/K11)*100) -> #DIV/0! | H27: =SUM((H11/K11)*100) -> #DIV/0! | I27: =SUM((I11/K11)*100) -> #DIV/0! | J27: =SUM((J11/K11)*100) -> #DIV/0! | K27: 0 | L27: =SUM(C27:J27) -> #DIV/0!
A28: 8 | B28: 17- संगणक खर्च | C28: =SUM((C12/K12)*100) -> 0 | D28: =SUM((D12/K12)*100) -> 0 | E28: =SUM((E12/K12)*100) -> 13.513514 | F28: =SUM((F12/K12)*100) -> 4.5045045 | G28: =SUM((G12/K12)*100) -> 54.054054 | H28: =SUM((H12/K12)*100) -> 7.2072072 | I28: =SUM((I12/K12)*100) -> 20.720721 | J28: =SUM((J12/K12)*100) -> 0 | K28: 965 | L28: =SUM(C28:J28) -> 100
A29: 9 | B29: 24- इंधन खर्च | C29: =SUM((C13/K13)*100) -> 0 | D29: =SUM((D13/K13)*100) -> 0 | E29: =SUM((E13/K13)*100) -> 10.313901 | F29: =SUM((F13/K13)*100) -> 0 | G29: =SUM((G13/K13)*100) -> 89.686099 | H29: =SUM((H13/K13)*100) -> 0 | I29: =SUM((I13/K13)*100) -> 0 | J29: =SUM((J13/K13)*100) -> 0 | K29: 580 | L29: =SUM(C29:J29) -> 100
A30: 10 | B30: 26- जाहीरात व प्रसिध्दी खर्च | C30: =SUM((C14/K14)*100) -> 0 | D30: =SUM((D14/K14)*100) -> 0 | E30: =SUM((E14/K14)*100) -> 0 | F30: =SUM((F14/K14)*100) -> 100 | G30: =SUM((G14/K14)*100) -> 0 | H30: =SUM((H14/K14)*100) -> 0 | I30: =SUM((I14/K14)*100) -> 0 | J30: =SUM((J14/K14)*100) -> 0 | K30: 0 | L30: =SUM(C30:J30) -> 100
A31: एकूण | C31: =SUM((C15/K15)*100) -> 0 | D31: =SUM((D15/K15)*100) -> 0 | E31: =SUM((E15/K15)*100) -> 16.164629 | F31: =SUM((F15/K15)*100) -> 3.0509991 | G31: =SUM((G15/K15)*100) -> 41.717865 | H31: =SUM((H15/K15)*100) -> 18.553534 | I31: =SUM((I15/K15)*100) -> 20.514465 | J31: =SUM((J15/K15)*100) -> 0 | K31: 37141 | L31: =SUM(C31:J31) -> 100.00149
