Workbook

Sheet Page-1
A1: अर्थसंकल्पीय अंदाजपत्रक सन 2025-2026
A2: मागणी क्र.सी- 1- लेखाशिर्ष 20530028
A3: जिल्हा मुंबई शहर | O3: (आकडे हजारात)
A4: अ. क्र. | B4: वर्ग | C4: पद | D4: मंजूर पदे | E4: मंजूर पदे | F4: विशेष वेतन | G4: मुळ वेतन | H4: ग्रेड वेतन | I4: एकूण | J4: महागाई भत्ता 64% | K4: स्थानिक पुरक भत्ता | L4: घर भाडे भत्ता | M4: वाहन भत्ता | N4: धूलाई भत्ता | O4: रोख भत्ता | P4: चप्पल भत्ता/ इतर | Q4: एकूण
D5: 2024-25 | E5: 2025-26
C6: स्थायी
A7: 1 | B7: वर्ग-1 व 2 | C7: जिल्हाधिकारी | D7: 1 | E7: 1 | F7: 0 | G7: 2442 | H7: 0 | I7: =SUM(G7:H7) -> 2442 | J7: =ROUND(I7*0.64,0) -> 1563 | K7: 4 | L7: 0 | M7: 0 | N7: 0 | O7: 0 | P7: 0 | Q7: =SUM(F7+I7+J7+K7+L7+M7+N7+O7+P7) -> 4009
C8: अपर जिल्हाधिकारी | D8: 0 | E8: 0 | F8: 0 | G8: 0 | H8: 0 | I8: =SUM(G8:H8) -> 0 | J8: =ROUND(I8*0.64,0) -> 0 | K8: 0 | L8: =ROUND(I8*0.3,0) -> 0 | M8: 0 | N8: 0 | O8: 0 | P8: 0 | Q8: =SUM(F8+I8+J8+K8+L8+M8+N8+O8+P8) -> 0
C9: उपजिल्हाधिकारी | D9: 1 | E9: 1 | F9: 0 | G9: 1253 | H9: 0 | I9: =SUM(G9:H9) -> 1253 | J9: =ROUND(I9*0.64,0) -> 802 | K9: 4 | L9: =ROUND(I9*0.3,0) -> 376 | M9: 65 | N9: 0 | O9: 0 | P9: 0 | Q9: =SUM(F9+I9+J9+K9+L9+M9+N9+O9+P9) -> 2500
C10: तहसिलदार/अप्पर तहसिलदार/चिटणीस | D10: 1 | E10: 1 | F10: 0 | G10: 768 | H10: 0 | I10: =SUM(G10:H10) -> 768 | J10: =ROUND(I10*0.64,0) -> 492 | K10: 3 | L10: =ROUND(I10*0.3,0) -> 230 | M10: 65 | N10: 0 | O10: 0 | P10: 0 | Q10: =SUM(F10+I10+J10+K10+L10+M10+N10+O10+P10) -> 1558
C11: नायब तहसिलदार | D11: 0 | E11: 0 | F11: 0 | G11: 0 | H11: 0 | I11: =SUM(G11:H11) -> 0 | J11: =ROUND(I11*0.64,0) -> 0 | K11: 0 | L11: =ROUND(I11*0.3,0) -> 0 | M11: 0 | N11: 0 | O11: 0 | P11: 0 | Q11: =SUM(F11+I11+J11+K11+L11+M11+N11+O11+P11) -> 0
C12: लेखाधिकारी | D12: 0 | E12: 0 | F12: 0 | G12: 0 | H12: 0 | I12: =SUM(G12:H12) -> 0 | J12: =ROUND(I12*0.64,0) -> 0 | K12: 0 | L12: =ROUND(I12*0.3,0) -> 0 | M12: 0 | N12: 0 | O12: 0 | P12: 0 | Q12: =SUM(F12+I12+J12+K12+L12+M12+N12+O12+P12) -> 0
C13: सहा. लेखाधिकारी | D13: 0 | E13: 0 | F13: 0 | G13: 0 | H13: 0 | I13: =SUM(G13:H13) -> 0 | J13: =ROUND(I13*0.64,0) -> 0 | K13: 0 | L13: =ROUND(I13*0.3,0) -> 0 | M13: 0 | N13: 0 | O13: 0 | P13: 0 | Q13: =SUM(F13+I13+J13+K13+L13+M13+N13+O13+P13) -> 0
A14: 2 | B14: वर्ग-3 | C14: उपलेखापाल | D14: 0 | E14: 0 | F14: 0 | G14: 0 | H14: 0 | I14: =SUM(G14:H14) -> 0 | J14: =ROUND(I14*0.64,0) -> 0 | K14: 0 | L14: =ROUND(I14*0.3,0) -> 0 | M14: 0 | N14: 0 | O14: 0 | P14: 0 | Q14: =SUM(F14+I14+J14+K14+L14+M14+N14+O14+P14) -> 0
C15: लघुलेखक (उच्च) | D15: 1 | E15: 1 | F15: 0 | G15: 758 | H15: 0 | I15: =SUM(G15:H15) -> 758 | J15: =ROUND(I15*0.64,0) -> 485 | K15: 3 | L15: 228 | M15: 32 | N15: 0 | O15: 0 | P15: 0 | Q15: =SUM(F15+I15+J15+K15+L15+M15+N15+O15+P15) -> 1506
C16: लघुलेखक(निम्न)/परिक्षण भूमापक/आरेखक/ शिरस्तेदार | D16: 0 | E16: 0 | F16: 0 | G16: 0 | H16: 0 | I16: =SUM(G16:H16) -> 0 | J16: =ROUND(I16*0.64,0) -> 0 | K16: 0 | L16: =ROUND(I16*0.3,0) -> 0 | M16: 0 | N16: 0 | O16: 0 | P16: 0 | Q16: =SUM(F16+I16+J16+K16+L16+M16+N16+O16+P16) -> 0
C17: अव्वल कारकून | D17: 2 | E17: 2 | F17: 0 | G17: 867 | H17: 0 | I17: =SUM(G17:H17) -> 867 | J17: =ROUND(I17*0.64,0) -> 555 | K17: 8 | L17: =ROUND(I17*0.3,0) -> 260 | M17: 65 | N17: 0 | O17: 17 | P17: 0 | Q17: =SUM(F17+I17+J17+K17+L17+M17+N17+O17+P17) -> 1772
C18: लिपिक | D18: 23 | E18: 23 | F18: 0 | G18: 6637 | H18: 0 | I18: =SUM(G18:H18) -> 6637 | J18: =ROUND(I18*0.64,0) -> 4248 | K18: 55 | L18: 1992 | M18: 439 | N18: 0 | O18: 0 | P18: 0 | Q18: =SUM(F18+I18+J18+K18+L18+M18+N18+O18+P18) -> 13371
C19: वाहन चालक | D19: 0 | E19: 0 | F19: 0 | G19: 0 | H19: 0 | I19: =SUM(G19:H19) -> 0 | J19: =ROUND(I19*0.64,0) -> 0 | K19: 0 | L19: =ROUND(I19*0.3,0) -> 0 | M19: 0 | N19: 0 | O19: 0 | P19: 0 | Q19: =SUM(F19+I19+J19+K19+L19+M19+N19+O19+P19) -> 0
A20: 3 | B20: वर्ग-4 | C20: शिपाई/नाईक/हवालदार/वॉचमन/स्वच्छक | D20: 32 | E20: 32 | F20: 0 | G20: 8953 | H20: 0 | I20: =SUM(G20:H20) -> 8953 | J20: =ROUND(I20*0.64,0) -> 5730 | K20: 49 | L20: =ROUND(I20*0.3,0) -> 2686 | M20: 552 | N20: 96 | O20: 0 | P20: 0 | Q20: =SUM(F20+I20+J20+K20+L20+M20+N20+O20+P20) -> 18066
A21: -- | B21: -- | C21: एकूण | D21: =SUM(D7:D20) -> 61 | E21: =SUM(E7:E20) -> 61 | F21: =SUM(F7:F20) -> 0 | G21: =SUM(G7:G20) -> 21678 | H21: =SUM(H7:H20) -> 0 | I21: =SUM(I7:I20) -> 21678 | J21: =SUM(J7:J20) -> 13875 | K21: =SUM(K7:K20) -> 126 | ... Q21: =SUM(Q7:Q20) -> 42782
D22: =E6+E7+E8+E9+E10+E11 -> 3 | E22: =E14+E15+E16+E17+E18+E19 -> 26
A23: अर्थसंकल्पीय अंदाजपत्रक सन 2025-2026
A24: मागणी क्र.सी- 1- लेखाशिर्ष 20530028
A25: जिल्हा मुंबई शहर | O25: (आकडे हजारात)
A26: अ. क्र. | B26: वर्ग | C26: पद | D26: मंजूर पदे | E26: मंजूर पदे | F26: विशेष वेतन | G26: मुळ वेतन | H26: ग्रेड वेतन | I26: एकूण | J26: महागाई भत्ता 64% | K26: स्थानिक पुरक भत्ता | L26: घर भाडे भत्ता | M26: वाहन भत्ता | N26: धूलाई भत्ता | O26: रोख भत्ता | P26: चप्पल भत्ता/ इतर | Q26: एकूण
D27: 2024-25 | E27: 2025-26
C28: अस्थायी
A29: 1 | B29: वर्ग-1 व 2 | C29: जिल्हाधिकारी | D29: 0 | E29: 0 | F29: 0 | G29: 0 | H29: 0 | I29: =SUM(G29:H29) -> 0 | J29: =ROUND(I29*0.64,0) -> 0 | K29: 0 | L29: =ROUND(I29*0.3,0) -> 0 | M29: 0 | N29: 0 | O29: 0 | P29: 0 | Q29: =SUM(F29+I29+J29+K29+L29+M29+N29+O29+P29) -> 0
C30: अपर जिल्हाधिकारी | D30: 1 | E30: 1 | F30: 0 | G30: 1390 | H30: 0 | I30: =SUM(G30:H30) -> 1390 | J30: =ROUND(I30*0.64,0) -> 890 | K30: 4 | L30: =ROUND(I30*0.3,0) -> 417 | M30: 0 | N30: 0 | O30: 0 | P30: 0 | Q30: =SUM(F30+I30+J30+K30+L30+M30+N30+O30+P30) -> 2701
C31: उपजिल्हाधिकारी/परिविक्षाधीन उपजिल्हाधिकारी | D31: 1 | E31: 1 | F31: 0 | G31: 1049 | H31: 0 | I31: =SUM(G31:H31) -> 1049 | J31: =ROUND(I31*0.64,0) -> 671 | K31: 4 | L31: =ROUND(I31*0.3,0) -> 315 | M31: 65 | N31: 0 | O31: 0 | P31: 0 | Q31: =SUM(F31+I31+J31+K31+L31+M31+N31+O31+P31) -> 2104
C32: तहसिलदार/अप्पर तहसिलदार/चिटणीस/ परिविक्षाधीन तहसिलदार | D32: 2 | E32: 2 | F32: 0 | G32: 1583 | H32: 0 | I32: =SUM(G32:H32) -> 1583 | J32: =ROUND(I32*0.64,0) -> 1013 | K32: 8 | L32: 475 | M32: 130 | N32: 0 | O32: 0 | P32: 0 | Q32: =SUM(F32+I32+J32+K32+L32+M32+N32+O32+P32) -> 3209
C33: नायब तहसिलदार/परिविक्षाधीन ना.तहसिलदार | D33: 0 | E33: 0 | F33: 0 | G33: 0 | H33: 0 | I33: =SUM(G33:H33) -> 0 | J33: =ROUND(I33*0.64,0) -> 0 | K33: 0 | L33: =ROUND(I33*0.3,0) -> 0 | M33: 0 | N33: 0 | O33: 0 | P33: 0 | Q33: =SUM(F33+I33+J33+K33+L33+M33+N33+O33+P33) -> 0
C34: लेखाधिकारी | D34: 2 | E34: 2 | F34: 0 | G34: 1560 | H34: 0 | I34: =SUM(G34:H34) -> 1560 | J34: 999 | K34: 6 | L34: =ROUND(I34*0.3,0) -> 468 | M34: 65 | N34: 0 | O34: 0 | P34: 0 | Q34: =SUM(F34+I34+J34+K34+L34+M34+N34+O34+P34) -> 3098
C35: सहा. लेखाधिकारी | D35: 1 | E35: 1 | F35: 0 | G35: 636 | H35: 0 | I35: =SUM(G35:H35) -> 636 | J35: =ROUND(I35*0.64,0) -> 407 | K35: 3 | L35: =ROUND(I35*0.3,0) -> 191 | M35: 32 | N35: 0 | O35: 0 | P35: 0 | Q35: =SUM(F35+I35+J35+K35+L35+M35+N35+O35+P35) -> 1269
C36: विधी अधिकारी (मानधन) | D36: 1 | E36: 1 | F36: 0 | G36: 0 | H36: 0 | I36: =SUM(G36:H36) -> 0 | J36: =ROUND(I36*0.64,0) -> 0 | K36: 0 | L36: =ROUND(I36*0.3,0) -> 0 | M36: 0 | N36: 0 | O36: 0 | P36: 0 | Q36: =SUM(F36+I36+J36+K36+L36+M36+N36+O36+P36) -> 0
A37: 2 | B37: वर्ग-3 | C37: उपलेखापाल | D37: 1 | E37: 1 | F37: 0 | G37: 571 | H37: 0 | I37: =SUM(G37:H37) -> 571 | J37: 366 | K37: 4 | L37: =ROUND(I37*0.3,0) -> 171 | M37: 32 | N37: 0 | O37: 0 | P37: 0 | Q37: =SUM(F37+I37+J37+K37+L37+M37+N37+O37+P37) -> 1144
C38: अव्वल कारकून/उपलेखापाल | D38: 21 | E38: 20 | F38: 0 | G38: 9452 | H38: 0 | I38: =SUM(G38:H38) -> 9452 | J38: 6050 | K38: 72 | L38: =ROUND(I38*0.3,0) -> 2836 | M38: 648 | N38: 0 | O38: 168 | P38: 0 | Q38: =SUM(F38+I38+J38+K38+L38+M38+N38+O38+P38) -> 19226
C39: मंडळ अधिकारी | D39: 0 | E39: 0 | F39: 0 | G39: 0 | H39: 0 | I39: =SUM(G39:H39) -> 0 | J39: =ROUND(I39*0.64,0) -> 0 | K39: 0 | L39: =ROUND(I39*0.3,0) -> 0 | M39: 0 | N39: 0 | O39: 0 | P39: 0 | Q39: =SUM(F39+I39+J39+K39+L39+M39+N39+O39+P39) -> 0
C40: लिपिक/भूमापक/वसूली कारकून | D40: 14 | E40: 14 | F40: 0 | G40: 4732 | H40: 0 | I40: =SUM(G40:H40) -> 4732 | J40: =ROUND(I40*0.64,0) -> 3028 | K40: 34 | L40: =ROUND(I40*0.3,0) -> 1420 | M40: 311 | N40: 0 | O40: 0 | P40: 0 | Q40: =SUM(F40+I40+J40+K40+L40+M40+N40+O40+P40) -> 9525
C41: लघुलेखक (उच्च) | D41: 0 | E41: 0 | F41: 0 | G41: 0 | H41: 0 | I41: =SUM(G41:H41) -> 0 | J41: =ROUND(I41*0.64,0) -> 0 | K41: 0 | L41: =ROUND(I41*0.3,0) -> 0 | M41: 0 | N41: 0 | O41: 0 | P41: 0 | Q41: =SUM(F41+I41+J41+K41+L41+M41+N41+O41+P41) -> 0
C42: लघुलेखक(निम्न)/परिक्षण भूमापक/आरेखक/ शिरस्तेदार | D42: 1 | E42: 1 | F42: 0 | G42: 758 | H42: 0 | I42: =SUM(G42:H42) -> 758 | J42: =ROUND(I42*0.64,0) -> 485 | K42: 4 | L42: 228 | M42: 65 | N42: 0 | O42: 0 | P42: 0 | Q42: =SUM(F42+I42+J42+K42+L42+M42+N42+O42+P42) -> 1540
C43: वाहन चालक | D43: 2 | E43: 2 | F43: 0 | G43: 844 | H43: 0 | I43: =SUM(G43:H43) -> 844 | J43: =ROUND(I43*0.64,0) -> 540 | K43: 6 | L43: =ROUND(I43*0.3,0) -> 253 | M43: 65 | N43: 2 | O43: 0 | P43: 0 | Q43: =SUM(F43+I43+J43+K43+L43+M43+N43+O43+P43) -> 1710
C44: टेलि.ऑपरेटर/लघुटंकलेखक(विधी अधि.सहा.) | D44: 2 | E44: 2 | F44: 0 | G44: 848 | H44: 0 | I44: =SUM(G44:H44) -> 848 | J44: 543 | K44: 6 | L44: 254 | M44: 97 | N44: 0 | O44: 0 | P44: 0 | Q44: =SUM(F44+I44+J44+K44+L44+M44+N44+O44+P44) -> 1748
A45: 3 | B45: वर्ग-4 | C45: शिपाई/नाईक/हवालदार/वॉचमन/स्वच्छक | D45: 3 | E45: 3 | F45: 0 | G45: 866 | H45: 0 | I45: =SUM(G45:H45) -> 866 | J45: 555 | K45: 6 | L45: =ROUND(I45*0.3,0) -> 260 | M45: 56 | N45: 9 | O45: 0 | P45: 0 | Q45: =SUM(F45+I45+J45+K45+L45+M45+N45+O45+P45) -> 1752
A46: -- | B46: -- | C46: एकूण | D46: =SUM(D29:D45) -> 52 | E46: =SUM(E29:E45) -> 51 | F46: =SUM(F29:F45) -> 0 | G46: =SUM(G29:G45) -> 24289 | H46: =SUM(H29:H45) -> 0 | I46: =SUM(I29:I45) -> 24289 | J46: =SUM(J29:J45) -> 15547 | K46: =SUM(K29:K45) -> 157 | ... Q46: =SUM(Q29:Q45) -> 49026
D47: =SUM(E29:E36) -> 8 | E47: =SUM(E37:E44) -> 40
A48: अर्थसंकल्पीय अंदाजपत्रक सन 2025-2026
A49: मागणी क्र.सी- 1- लेखाशिर्ष 20530028
A50: जिल्हा मुंबई उपनगर | O50: (आकडे हजारात)
A51: अ. क्र. | B51: वर्ग | C51: पद | D51: मंजूर पदे | E51: मंजूर पदे | F51: विशेष वेतन | G51: मुळ वेतन | H51: ग्रेड वेतन | I51: एकूण | J51: महागाई भत्ता 64% | K51: स्थानिक पुरक भत्ता | L51: घर भाडे भत्ता | M51: वाहन भत्ता | N51: धूलाई भत्ता | O51: रोख भत्ता | P51: चप्पल भत्ता/ इतर | Q51: एकूण
D52: 2024-25 | E52: 2025-26
C53: स्थायी
A54: 1 | B54: वर्ग-1 व 2 | C54: जिल्हाधिकारी | D54: 1 | E54: 1 | F54: 10 | G54: 1700 | H54: 0 | I54: =SUM(G54:H54) -> 1700 | J54: =ROUND(I54*0.64,0) -> 1088 | K54: 4 | L54: =ROUND(I54*0.3,0) -> 510 | M54: 0 | N54: 0 | O54: 0 | P54: 0 | Q54: =SUM(F54+I54+J54+K54+L54+M54+N54+O54+P54) -> 3312
C55: अपर जिल्हाधिकारी | D55: 0 | E55: 0 | F55: 0 | G55: 0 | H55: 0 | I55: =SUM(G55:H55) -> 0 | J55: =ROUND(I55*0.64,0) -> 0 | K55: 0 | L55: =ROUND(I55*0.3,0) -> 0 | M55: 0 | N55: 0 | O55: 0 | P55: 0 | Q55: =SUM(F55+I55+J55+K55+L55+M55+N55+O55+P55) -> 0
C56: उपजिल्हाधिकारी | D56: 1 | E56: 1 | F56: 0 | G56: 1500 | H56: 0 | I56: =SUM(G56:H56) -> 1500 | J56: =ROUND(I56*0.64,0) -> 960 | K56: 4 | L56: =ROUND(I56*0.3,0) -> 450 | M56: 29 | N56: 0 | O56: 0 | P56: 0 | Q56: =SUM(F56+I56+J56+K56+L56+M56+N56+O56+P56) -> 2943
C57: तहसिलदार/अप्पर तहसिलदार/चिटणीस | D57: 5 | E57: 5 | F57: 0 | G57: 4900 | H57: 0 | I57: =SUM(G57:H57) -> 4900 | J57: =ROUND(I57*0.64,0) -> 3136 | K57: 15 | L57: =ROUND(I57*0.3,0) -> 1470 | M57: 57 | N57: 0 | O57: 0 | P57: 0 | Q57: =SUM(F57+I57+J57+K57+L57+M57+N57+O57+P57) -> 9578
C58: नायब तहसिलदार | D58: 2 | E58: 2 | F58: 0 | G58: 1400 | H58: 0 | I58: =SUM(G58:H58) -> 1400 | J58: =ROUND(I58*0.64,0) -> 896 | K58: 7 | L58: =ROUND(I58*0.3,0) -> 420 | M58: 10 | N58: 0 | O58: 0 | P58: 0 | Q58: =SUM(F58+I58+J58+K58+L58+M58+N58+O58+P58) -> 2733
C59: लेखाधिकारी | D59: 1 | E59: 1 | F59: 0 | G59: 850 | H59: 0 | I59: =SUM(G59:H59) -> 850 | J59: =ROUND(I59*0.64,0) -> 544 | K59: 4 | L59: =ROUND(I59*0.3,0) -> 255 | M59: 14 | N59: 0 | O59: 0 | P59: 0 | Q59: =SUM(F59+I59+J59+K59+L59+M59+N59+O59+P59) -> 1667
C60: सहा. लेखाधिकारी | D60: 1 | E60: 1 | F60: 0 | G60: 700 | H60: 0 | I60: =SUM(G60:H60) -> 700 | J60: =ROUND(I60*0.64,0) -> 448 | K60: 4 | L60: =ROUND(I60*0.3,0) -> 210 | M60: 5 | N60: 0 | O60: 0 | P60: 0 | Q60: =SUM(F60+I60+J60+K60+L60+M60+N60+O60+P60) -> 1367
A61: 2 | B61: वर्ग-3 | C61: उपलेखापाल | D61: 1 | E61: 1 | F61: 0 | G61: 700 | H61: 0 | I61: =SUM(G61:H61) -> 700 | J61: =ROUND(I61*0.64,0) -> 448 | K61: 4 | L61: =ROUND(I61*0.3,0) -> 210 | M61: 5 | N61: 0 | O61: 0 | P61: 0 | Q61: =SUM(F61+I61+J61+K61+L61+M61+N61+O61+P61) -> 1367
C62: लघुलेखक (उच्च) | D62: 0 | E62: 0 | F62: 0 | G62: 0 | H62: 0 | I62: =SUM(G62:H62) -> 0 | J62: =ROUND(I62*0.64,0) -> 0 | K62: 0 | L62: =ROUND(I62*0.3,0) -> 0 | M62: 0 | N62: 0 | O62: 0 | P62: 0 | Q62: =SUM(F62+I62+J62+K62+L62+M62+N62+O62+P62) -> 0
C63: लघुलेखक(निम्न)/परिक्षण भूमापक/आरेखक/ शिरस्तेदार | D63: 0 | E63: 0 | F63: 0 | G63: 0 | H63: 0 | I63: =SUM(G63:H63) -> 0 | J63: =ROUND(I63*0.64,0) -> 0 | K63: 0 | L63: =ROUND(I63*0.3,0) -> 0 | M63: 0 | N63: 0 | O63: 0 | P63: 0 | Q63: =SUM(F63+I63+J63+K63+L63+M63+N63+O63+P63) -> 0
C64: अव्वल कारकून | D64: 9 | E64: 9 | F64: 0 | G64: 7450 | H64: 0 | I64: =SUM(G64:H64) -> 7450 | J64: =ROUND(I64*0.64,0) -> 4768 | K64: 25 | L64: =ROUND(I64*0.3,0) -> 2235 | M64: 29 | N64: 0 | O64: 0 | P64: 0 | Q64: =SUM(F64+I64+J64+K64+L64+M64+N64+O64+P64) -> 14507
C65: लिपिक | D65: 24 | E65: 24 | F65: 0 | G65: 10000 | H65: 0 | I65: =SUM(G65:H65) -> 10000 | J65: =ROUND(I65*0.64,0) -> 6400 | K65: 51 | L65: =ROUND(I65*0.3,0) -> 3000 | M65: 101 | N65: 0 | O65: 0 | P65: 0 | Q65: =SUM(F65+I65+J65+K65+L65+M65+N65+O65+P65) -> 19552
C66: वाहन चालक | D66: 0 | E66: 0 | F66: 0 | G66: 0 | H66: 0 | I66: =SUM(G66:H66) -> 0 | J66: =ROUND(I66*0.64,0) -> 0 | K66: 0 | L66: =ROUND(I66*0.3,0) -> 0 | M66: 0 | N66: 0 | O66: 0 | P66: 0 | Q66: =SUM(F66+I66+J66+K66+L66+M66+N66+O66+P66) -> 0
A67: 3 | B67: वर्ग-4 | C67: शिपाई/नाईक/हवालदार/वॉचमन/स्वच्छक | D67: 27 | E67: 27 | F67: 0 | G67: 8950 | H67: 0 | I67: =SUM(G67:H67) -> 8950 | J67: =ROUND(I67*0.64,0) -> 5728 | K67: 41 | L67: =ROUND(I67*0.3,0) -> 2685 | M67: 101 | N67: 10 | O67: 0 | P67: 0 | Q67: =SUM(F67+I67+J67+K67+L67+M67+N67+O67+P67) -> 17515
A68: -- | B68: -- | C68: एकूण | D68: =SUM(D54:D67) -> 72 | E68: =SUM(E54:E67) -> 72 | F68: =SUM(F54:F67) -> 10 | G68: =SUM(G54:G67) -> 38150 | H68: =SUM(H54:H67) -> 0 | I68: =SUM(I54:I67) -> 38150 | J68: =SUM(J54:J67) -> 24416 | K68: =SUM(K54:K67) -> 159 | ... Q68: =SUM(Q54:Q67) -> 74541
D69: =SUM(E54:E60) -> 11 | E69: =SUM(E61:E66) -> 34
A70: अर्थसंकल्पीय अंदाजपत्रक सन 2025-2026
A71: मागणी क्र.सी- 1- लेखाशिर्ष 20530028
A72: जिल्हा मुंबई उपनगर | O72: (आकडे हजारात)
A73: अ. क्र. | B73: वर्ग | C73: पद | D73: मंजूर पदे | E73: मंजूर पदे | F73: विशेष वेतन | G73: मुळ वेतन | H73: ग्रेड वेतन | I73: एकूण | J73: महागाई भत्ता 64% | K73: स्थानिक पुरक भत्ता | L73: घर भाडे भत्ता | M73: वाहन भत्ता | N73: धूलाई भत्ता | O73: रोख भत्ता | P73: चप्पल भत्ता/ इतर | Q73: एकूण
D74: 2024-25 | E74: 2025-26
C75: अस्थायी
A76: 1 | B76: वर्ग-1 व 2 | C76: जिल्हाधिकारी | D76: 0 | E76: 0 | F76: 0 | G76: 0 | H76: 0 | I76: =SUM(G76:H76) -> 0 | J76: =ROUND(I76*1.6,0) -> 0 | K76: 0 | L76: 0 | M76: 0 | N76: 0 | O76: 0 | P76: 0 | Q76: =SUM(F76+I76+J76+K76+L76+M76+N76+O76+P76) -> 0
C77: अपर जिल्हाधिकारी | D77: 1 | E77: 1 | F77: 0 | G77: 1500 | H77: 0 | I77: =SUM(G77:H77) -> 1500 | J77: =ROUND(I77*0.64,0) -> 960 | K77: 4 | L77: =ROUND(I77*0.3,0) -> 450 | M77: 29 | N77: 0 | O77: 0 | P77: 0 | Q77: =SUM(F77+I77+J77+K77+L77+M77+N77+O77+P77) -> 2943
C78: उपजिल्हाधिकारी/परिविक्षाधीन उपजिल्हाधिकारी | D78: 2 | E78: 2 | F78: 0 | G78: 3089 | H78: 0 | I78: =SUM(G78:H78) -> 3089 | J78: =ROUND(I78*0.64,0) -> 1977 | K78: 11 | L78: =ROUND(I78*0.3,0) -> 927 | M78: 86 | N78: 0 | O78: 0 | P78: 0 | Q78: =SUM(F78+I78+J78+K78+L78+M78+N78+O78+P78) -> 6090
C79: तहसिलदार/अप्पर तहसिलदार/चिटणीस/ परिविक्षाधीन तहसिलदार | D79: 6 | E79: 6 | F79: 0 | G79: 5500 | H79: 0 | I79: =SUM(G79:H79) -> 5500 | J79: =ROUND(I79*0.64,0) -> 3520 | K79: 15 | L79: =ROUND(I79*0.3,0) -> 1650 | M79: 57 | N79: 0 | O79: 0 | P79: 0 | Q79: =SUM(F79+I79+J79+K79+L79+M79+N79+O79+P79) -> 10742
C80: नायब तहसिलदार/परिविक्षाधीन ना.तहसिलदार | D80: 7 | E80: 7 | F80: 0 | G80: 4200 | H80: 0 | I80: =SUM(G80:H80) -> 4200 | J80: =ROUND(I80*0.64,0) -> 2688 | K80: 18 | L80: =ROUND(I80*0.3,0) -> 1260 | M80: 25 | N80: 0 | O80: 0 | P80: 0 | Q80: =SUM(F80+I80+J80+K80+L80+M80+N80+O80+P80) -> 8191
C81: लेखाधिकारी | D81: 1 | E81: 1 | F81: 0 | G81: 1000 | H81: 0 | I81: =SUM(G81:H81) -> 1000 | J81: =ROUND(I81*0.64,0) -> 640 | K81: 4 | L81: =ROUND(I81*0.3,0) -> 300 | M81: 14 | N81: 0 | O81: 0 | P81: 0 | Q81: =SUM(F81+I81+J81+K81+L81+M81+N81+O81+P81) -> 1958
C82: सहा. लेखाधिकारी | D82: 0 | E82: 0 | F82: 0 | G82: 0 | H82: 0 | I82: =SUM(G82:H82) -> 0 | J82: =ROUND(I82*0.64,0) -> 0 | K82: 0 | L82: =ROUND(I82*0.3,0) -> 0 | M82: 0 | N82: 0 | O82: 0 | P82: 0 | Q82: =SUM(F82+I82+J82+K82+L82+M82+N82+O82+P82) -> 0
C83: विधी अधिकारी (मानधन) | D83: 1 | E83: 1 | F83: 0 | G83: 0 | H83: 0 | I83: =SUM(G83:H83) -> 0 | J83: =ROUND(I83*0.64,0) -> 0 | K83: 0 | L83: =ROUND(I83*0.3,0) -> 0 | M83: 0 | N83: 0 | O83: 0 | P83: 0 | Q83: =SUM(F83+I83+J83+K83+L83+M83+N83+O83+P83) -> 0
A84: 2 | B84: वर्ग-3 | C84: उपलेखापाल | D84: 0 | E84: 0 | F84: 0 | G84: 0 | H84: 0 | I84: =SUM(G84:H84) -> 0 | J84: =ROUND(I84*0.64,0) -> 0 | K84: 0 | L84: =ROUND(I84*0.3,0) -> 0 | M84: 0 | N84: 0 | O84: 0 | P84: 0 | Q84: =SUM(F84+I84+J84+K84+L84+M84+N84+O84+P84) -> 0
C85: अव्वल कारकून/उपलेखापाल | D85: 36 | E85: 36 | F85: 0 | G85: 20150 | H85: 0 | I85: =SUM(G85:H85) -> 20150 | J85: =ROUND(I85*0.64,0) -> 12896 | K85: 118 | L85: =ROUND(I85*0.3,0) -> 6045 | M85: 139 | N85: 0 | O85: 0 | P85: 0 | Q85: =SUM(F85+I85+J85+K85+L85+M85+N85+O85+P85) -> 39348
C86: मंडळ अधिकारी | D86: 0 | E86: 0 | F86: 0 | G86: 0 | H86: 0 | I86: =SUM(G86:H86) -> 0 | J86: =ROUND(I86*0.64,0) -> 0 | K86: 0 | L86: =ROUND(I86*0.3,0) -> 0 | M86: 0 | N86: 0 | O86: 0 | P86: 0 | Q86: =SUM(F86+I86+J86+K86+L86+M86+N86+O86+P86) -> 0
C87: लिपिक/भूमापक/वसूली कारकून | D87: 57 | E87: 57 | F87: 0 | G87: 26250 | H87: 0 | I87: =SUM(G87:H87) -> 26250 | J87: =ROUND(I87*0.64,0) -> 16800 | K87: 112 | L87: =ROUND(I87*0.3,0) -> 7875 | M87: 265 | N87: 0 | O87: 3 | P87: 0 | Q87: =SUM(F87+I87+J87+K87+L87+M87+N87+O87+P87) -> 51305
C88: लघुलेखक (उच्च) | D88: 1 | E88: 1 | F88: 0 | G88: 1225 | H88: 0 | I88: =SUM(G88:H88) -> 1225 | J88: =ROUND(I88*0.64,0) -> 784 | K88: 4 | L88: =ROUND(I88*0.3,0) -> 368 | M88: 14 | N88: 0 | O88: 0 | P88: 0 | Q88: =SUM(F88+I88+J88+K88+L88+M88+N88+O88+P88) -> 2395
C89: लघुलेखक(निम्न)/परिक्षण भूमापक/आरेखक/ | D89: 15 | E89: 15 | F89: 0 | G89: 7445 | H89: 0 | I89: =SUM(G89:H89) -> 7445 | J89: =ROUND(I89*0.64,0) -> 4765 | K89: 30 | L89: =ROUND(I89*0.3,0) -> 2234 | M89: 86 | N89: 0 | O89: 0 | P89: 4 | Q89: =SUM(F89+I89+J89+K89+L89+M89+N89+O89+P89) -> 14564
C90: वाहन चालक | D90: 5 | E90: 5 | F90: 0 | G90: 2475 | H90: 0 | I90: =SUM(G90:H90) -> 2475 | J90: =ROUND(I90*0.64,0) -> 1584 | K90: 13 | L90: =ROUND(I90*0.3,0) -> 743 | M90: 20 | N90: 2 | O90: 0 | P90: 0 | Q90: =SUM(F90+I90+J90+K90+L90+M90+N90+O90+P90) -> 4837
C91: टेलि.ऑपरेटर/लघुटंकलेखक(विधी अधि.सहा.)/शिरस्तेदार | D91: 1 | E91: 1 | F91: 0 | G91: 440 | H91: 0 | I91: =SUM(G91:H91) -> 440 | J91: =ROUND(I91*0.64,0) -> 282 | K91: 4 | L91: =ROUND(I91*0.3,0) -> 132 | M91: 5 | N91: 0 | O91: 0 | P91: 0 | Q91: =SUM(F91+I91+J91+K91+L91+M91+N91+O91+P91) -> 863
A92: 3 | B92: वर्ग-4 | C92: शिपाई/नाईक/हवालदार/वॉचमन/स्वच्छक | D92: 42 | E92: 42 | F92: 0 | G92: 14100 | H92: 0 | I92: =SUM(G92:H92) -> 14100 | J92: =ROUND(I92*0.64,0) -> 9024 | K92: 85 | L92: =ROUND(I92*0.3,0) -> 4230 | M92: 218 | N92: 26 | O92: 0 | P92: 0 | Q92: =SUM(F92+I92+J92+K92+L92+M92+N92+O92+P92) -> 27683
A93: -- | B93: -- | C93: एकूण | D93: =SUM(D76:D92) -> 175 | E93: =SUM(E76:E92) -> 175 | F93: =SUM(F76:F92) -> 0 | G93: =SUM(G76:G92) -> 87374 | H93: =SUM(H76:H92) -> 0 | I93: =SUM(I76:I92) -> 87374 | J93: =SUM(J76:J92) -> 55920 | K93: =SUM(K76:K92) -> 418 | ... Q93: =SUM(Q76:Q92) -> 170919
D94: =E76+E77+E78+E79+E80+E81+E82+E83 -> 18 | E94: =E84+E85+E86+E87+E88+E89+E90+E91 -> 115
A95: अर्थसंकल्पीय अंदाजपत्रक सन 2025-2026
A96: मागणी क्र.सी- 1- लेखाशिर्ष 20530028
A97: जिल्हा ठाणे | O97: (आकडे हजारात)
A98: अ. क्र. | B98: वर्ग | C98: पद | D98: मंजूर पदे | E98: मंजूर पदे | F98: विशेष वेतन | G98: मुळ वेतन | H98: ग्रेड वेतन | I98: एकूण | J98: महागाई भत्ता 64% | K98: स्थानिक पुरक भत्ता | L98: घर भाडे भत्ता | M98: वाहन भत्ता | N98: धूलाई भत्ता | O98: रोख भत्ता | P98: चप्पल भत्ता/ इतर | Q98: एकूण
D99: 2024-25 | E99: 2025-26
C100: स्थायी
...

Sheet Page-2
A1: अर्थसंकल्पीय अंदाजपत्रक सन 2025-2026
A2: मागणी क्र.सी- 1- लेखाशिर्ष 20530028
A3: (आकडे हजारात)
A4: जिल्हा | B4: स्थायी पदे
C5: भरलेली पदे | G5: रिक्त पदे | K5: एकूण
A6: मुंबई शहर | B6: वर्ग | C6: वर्ग-1 व 2 | D6: वर्ग-3 | E6: वर्ग-4 | F6: एकूण | G6: वर्ग-1 व 2 | H6: वर्ग-3 | I6: वर्ग-4 | J6: एकूण | K6: एकूण
B7: पदे | C7: 3 | D7: 25 | E7: 21 | F7: =SUM(C7:E7) -> 49 | G7: 0 | H7: 1 | I7: 11 | J7: =SUM(G7:I7) -> 12 | K7: =SUM(J7,F7) -> 61
B8: वेतन | C8: 4463 | D8: 7950 | E8: 5442 | F8: =SUM(C8:E8) -> 17855 | G8: 0 | H8: 312 | I8: 3511 | J8: =SUM(G8:I8) -> 3823 | K8: =SUM(J8,F8) -> 21678
B9: ग्रेड पे | C9: 0 | D9: 0 | E9: 0 | F9: =SUM(C9:E9) -> 0 | G9: 0 | H9: 0 | I9: 0 | J9: =SUM(G9:I9) -> 0 | K9: =SUM(J9,F9) -> 0
B10: एकूण | C10: =SUM(C8:C9) -> 4463 | D10: =SUM(D8:D9) -> 7950 | E10: =SUM(E8:E9) -> 5442 | F10: =SUM(C10:E10) -> 17855 | G10: =SUM(G8:G9) -> 0 | H10: =SUM(H8:H9) -> 312 | I10: =SUM(I8:I9) -> 3511 | J10: =SUM(J8:J9) -> 3823 | K10: =SUM(K8:K9) -> 21678
B11: विशेष वेतन | C11: 0 | D11: 0 | E11: 0 | F11: =SUM(C11:E11) -> 0 | G11: 0 | H11: 0 | I11: 0 | J11: =SUM(G11:I11) -> 0 | K11: =SUM(J11,F11) -> 0
B12: महा.भत्ता | C12: 2857 | D12: 5088 | E12: 3483 | F12: =SUM(C12:E12) -> 11428 | G12: 0 | H12: 200 | I12: 2247 | J12: =SUM(G12:I12) -> 2447 | K12: =SUM(J12,F12) -> 13875
B13: स्था.पु.भ. | C13: 11 | D13: 64 | E13: 32 | F13: =SUM(C13:E13) -> 107 | G13: 0 | H13: 2 | I13: 17 | J13: =SUM(G13:I13) -> 19 | K13: =SUM(J13,F13) -> 126
B14: घरभाडे | C14: 606 | D14: 2386 | E14: 1633 | F14: =SUM(C14:E14) -> 4625 | G14: 0 | H14: 94 | I14: 1053 | J14: =SUM(G14:I14) -> 1147 | K14: =SUM(J14,F14) -> 5772
B15: प्रवास भत्ता | C15: 130 | D15: 504 | E15: 298 | F15: =SUM(C15:E15) -> 932 | G15: 0 | H15: 32 | I15: 254 | J15: =SUM(G15:I15) -> 286 | K15: =SUM(J15,F15) -> 1218
B16: इतर | C16: 0 | D16: 17 | E16: 63 | F16: =SUM(C16:E16) -> 80 | G16: 0 | H16: 0 | I16: 33 | J16: =SUM(G16:I16) -> 33 | K16: =SUM(J16,F16) -> 113
B17: एकूण | C17: =SUM(C10:C16) -> 8067 | D17: =SUM(D10:D16) -> 16009 | E17: =SUM(E10:E16) -> 10951 | F17: =SUM(F10:F16) -> 35027 | G17: =SUM(G10:G16) -> 0 | H17: =SUM(H10:H16) -> 640 | I17: =SUM(I10:I16) -> 7115 | J17: =SUM(J10:J16) -> 7755 | K17: =SUM(K10:K16) -> 42782
A19: जिल्हा | B19: अस्थायी पदे | M19: सर्व वर्ग पदे
C20: भरलेली पदे | G20: रिक्त पदे | K20: एकूण | M20: वर्ग | N20: स्थायी पदे | O20: अस्थायी पदे | P20: एकूण
A21: मुंबई शहर | B21: वर्ग | C21: वर्ग-1 व 2 | D21: वर्ग-3 | E21: वर्ग-4 | F21: एकूण | G21: वर्ग-1 व 2 | H21: वर्ग-3 | I21: वर्ग-4 | J21: एकूण | K21: एकूण | M21: पदे | N21: =K7 -> 61 | O21: =K22 -> 51 | P21: =SUM(N21:O21) -> 112
B22: पदे | C22: 8 | D22: 35 | E22: 2 | F22: =SUM(C22:E22) -> 45 | G22: 0 | H22: 5 | I22: 1 | J22: =SUM(G22:I22) -> 6 | K22: =SUM(J22,F22) -> 51 | M22: वेतन | N22: =K8 -> 21678 | O22: =K23 -> 24289 | P22: =SUM(N22:O22) -> 45967
B23: वेतन | C23: 6218 | D23: 15085 | E23: 674 | F23: =SUM(C23:E23) -> 21977 | G23: 0 | H23: 2120 | I23: 192 | J23: =SUM(G23:I23) -> 2312 | K23: =SUM(J23,F23) -> 24289 | M23: ग्रेड पे | N23: =K9 -> 0 | O23: =K24 -> 0 | P23: =SUM(N23:O23) -> 0
B24: ग्रेड पे | C24: 0 | D24: 0 | E24: 0 | F24: =SUM(C24:E24) -> 0 | G24: 0 | H24: 0 | I24: 0 | J24: =SUM(G24:I24) -> 0 | K24: =SUM(J24,F24) -> 0 | M24: एकूण | N24: =K10 -> 21678 | O24: =K25 -> 24289 | P24: =SUM(N24:O24) -> 45967
B25: एकूण | C25: =SUM(C23:C24) -> 6218 | D25: =SUM(D23:D24) -> 15085 | E25: =SUM(E23:E24) -> 674 | F25: =SUM(C25:E25) -> 21977 | G25: =SUM(G23:G24) -> 0 | H25: =SUM(H23:H24) -> 2120 | I25: =SUM(I23:I24) -> 192 | J25: =SUM(J23:J24) -> 2312 | K25: =SUM(K23:K24) -> 24289 | M25: विशेष वेतन | N25: =K11 -> 0 | O25: =K26 -> 0 | P25: =SUM(N25:O25) -> 0
B26: विशेष वेतन | C26: 0 | D26: 0 | E26: 0 | F26: =SUM(C26:E26) -> 0 | G26: 0 | H26: 0 | I26: 0 | J26: =SUM(G26:I26) -> 0 | K26: =SUM(J26,F26) -> 0 | M26: महा.भत्ता | N26: =K12 -> 13875 | O26: =K27 -> 15547 | P26: =SUM(N26:O26) -> 29422
B27: महा.भत्ता | C27: 3980 | D27: 9655 | E27: 432 | F27: =SUM(C27:E27) -> 14067 | G27: 0 | H27: 1357 | I27: 123 | J27: =SUM(G27:I27) -> 1480 | K27: =SUM(J27,F27) -> 15547 | M27: स्था.पु.भ. | N27: =K13 -> 126 | O27: =K28 -> 157 | P27: =SUM(N27:O27) -> 283
B28: स्था.पु.भ. | C28: 25 | D28: 108 | E28: 4 | F28: =SUM(C28:E28) -> 137 | G28: 0 | H28: 18 | I28: 2 | J28: =SUM(G28:I28) -> 20 | K28: =SUM(J28,F28) -> 157 | M28: घरभाडे | N28: =K14 -> 5772 | O28: =K29 -> 7288 | P28: =SUM(N28:O28) -> 13060
B29: घरभाडे | C29: 1866 | D29: 4526 | E29: 202 | F29: =SUM(C29:E29) -> 6594 | G29: 0 | H29: 636 | I29: 58 | J29: =SUM(G29:I29) -> 694 | K29: =SUM(J29,F29) -> 7288 | M29: प्रवास भत्ता | N29: =K15 -> 1218 | O29: =K30 -> 1566 | P29: =SUM(N29:O29) -> 2784
B30: प्रवास भत्ता | C30: 292 | D30: 1056 | E30: 44 | F30: =SUM(C30:E30) -> 1392 | G30: 0 | H30: 162 | I30: 12 | J30: =SUM(G30:I30) -> 174 | K30: =SUM(J30,F30) -> 1566 | M30: इतर | N30: =K16 -> 113 | O30: =K31 -> 179 | P30: =SUM(N30:O30) -> 292
B31: इतर | C31: 0 | D31: 136 | E31: 6 | F31: =SUM(C31:E31) -> 142 | G31: 0 | H31: 34 | I31: 3 | J31: =SUM(G31:I31) -> 37 | K31: =SUM(J31,F31) -> 179 | M31: एकूण | N31: =SUM(N24:N30) -> 42782 | O31: =SUM(O24:O30) -> 49026 | P31: =SUM(P24:P30) -> 91808
B32: एकूण | C32: =SUM(C25:C31) -> 12381 | D32: =SUM(D25:D31) -> 30566 | E32: =SUM(E25:E31) -> 1362 | F32: =SUM(F25:F31) -> 44309 | G32: =SUM(G25:G31) -> 0 | H32: =SUM(H25:H31) -> 4327 | I32: =SUM(I25:I31) -> 390 | J32: =SUM(J25:J31) -> 4717 | K32: =SUM(K25:K31) -> 49026
A34: अर्थसंकल्पीय अंदाजपत्रक सन 2025-2026
A35: मागणी क्र.सी- 1- लेखाशिर्ष 20530028
A36: (आकडे हजारात)
A37: जिल्हा | B37: स्थायी पदे
C38: भरलेली पदे | G38: रिक्त पदे | K38: एकूण
A39: मुंबई उपनगर | B39: वर्ग | C39: वर्ग-1 व 2 | D39: वर्ग-3 | E39: वर्ग-4 | F39: एकूण | G39: वर्ग-1 व 2 | H39: वर्ग-3 | I39: वर्ग-4 | J39: एकूण | K39: एकूण
B40: पदे | C40: 11 | D40: 29 | E40: 15 | F40: =SUM(C40:E40) -> 55 | G40: 0 | H40: 5 | I40: 12 | J40: =SUM(G40:I40) -> 17 | K40: =SUM(J40,F40) -> 72
B41: वेतन | C41: 11050 | D41: 15810 | E41: 5921 | F41: =SUM(C41:E41) -> 32781 | G41: 0 | H41: 2340 | I41: 3029 | J41: =SUM(G41:I41) -> 5369 | K41: =SUM(J41,F41) -> 38150
B42: ग्रेड पे | C42: 0 | D42: 0 | E42: 0 | F42: =SUM(C42:E42) -> 0 | G42: 0 | H42: 0 | I42: 0 | J42: =SUM(G42:I42) -> 0 | K42: =SUM(J42,F42) -> 0
B43: एकूण | C43: =SUM(C41:C42) -> 11050 | D43: =SUM(D41:D42) -> 15810 | E43: =SUM(E41:E42) -> 5921 | F43: =SUM(C43:E43) -> 32781 | G43: =SUM(G41:G42) -> 0 | H43: =SUM(H41:H42) -> 2340 | I43: =SUM(I41:I42) -> 3029 | J43: =SUM(J41:J42) -> 5369 | K43: =SUM(K41:K42) -> 38150
B44: विशेष वेतन | C44: 10 | D44: 0 | E44: 0 | F44: =SUM(C44:E44) -> 10 | G44: 0 | H44: 0 | I44: 0 | J44: =SUM(G44:I44) -> 0 | K44: =SUM(J44,F44) -> 10
B45: महा.भत्ता | C45: 7072 | D45: 10118 | E45: 3789 | F45: =SUM(C45:E45) -> 20979 | G45: 0 | H45: 1498 | I45: 1939 | J45: =SUM(G45:I45) -> 3437 | K45: =SUM(J45,F45) -> 24416
B46: स्था.पु.भ. | C46: 38 | D46: 66 | E46: 25 | F46: =SUM(C46:E46) -> 129 | G46: 0 | H46: 14 | I46: 16 | J46: =SUM(G46:I46) -> 30 | K46: =SUM(J46,F46) -> 159
B47: घरभाडे | C47: 3315 | D47: 4743 | E47: 1776 | F47: =SUM(C47:E47) -> 9834 | G47: 0 | H47: 702 | I47: 909 | J47: =SUM(G47:I47) -> 1611 | K47: =SUM(J47,F47) -> 11445
B48: प्रवास भत्ता | C48: 115 | D48: 116 | E48: 61 | F48: =SUM(C48:E48) -> 292 | G48: 0 | H48: 19 | I48: 40 | J48: =SUM(G48:I48) -> 59 | K48: =SUM(J48,F48) -> 351
B49: इतर | C49: 0 | D49: 0 | E49: 2 | F49: =SUM(C49:E49) -> 2 | G49: 0 | H49: 0 | I49: 8 | J49: =SUM(G49:I49) -> 8 | K49: =SUM(J49,F49) -> 10
B50: एकूण | C50: =SUM(C43:C49) -> 21600 | D50: =SUM(D43:D49) -> 30853 | E50: =SUM(E43:E49) -> 11574 | F50: =SUM(F43:F49) -> 64027 | G50: =SUM(G43:G49) -> 0 | H50: =SUM(H43:H49) -> 4573 | I50: =SUM(I43:I49) -> 5941 | J50: =SUM(J43:J49) -> 10514 | K50: =SUM(K43:K49) -> 74541
A52: जिल्हा | B52: अस्थायी पदे | M52: सर्व वर्ग पदे
C53: भरलेली पदे | G53: रिक्त पदे | K53: एकूण | M53: वर्ग | N53: स्थायी पदे | O53: अस्थायी पदे | P53: एकूण
A54: मुंबई उपनगर | B54: वर्ग | C54: वर्ग-1 व 2 | D54: वर्ग-3 | E54: वर्ग-4 | F54: एकूण | G54: वर्ग-1 व 2 | H54: वर्ग-3 | I54: वर्ग-4 | J54: एकूण | K54: एकूण | M54: पदे | N54: =K40 -> 72 | O54: =K55 -> 175 | P54: =SUM(N54:O54) -> 247
B55: पदे | C55: 13 | D55: 99 | E55: 25 | F55: =SUM(C55:E55) -> 137 | G55: 5 | H55: 16 | I55: 17 | J55: =SUM(G55:I55) -> 38 | K55: =SUM(J55,F55) -> 175 | M55: वेतन | N55: =K41 -> 38150 | O55: =K56 -> 87374 | P55: =SUM(N55:O55) -> 125524
B56: वेतन | C56: 10289 | D56: 51615 | E56: 7750 | F56: =SUM(C56:E56) -> 69654 | G56: 5000 | H56: 6370 | I56: 6350 | J56: =SUM(G56:I56) -> 17720 | K56: =SUM(J56,F56) -> 87374 | M56: ग्रेड पे | N56: =K42 -> 0 | O56: =K57 -> 0 | P56: =SUM(N56:O56) -> 0
B57: ग्रेड पे | C57: 0 | D57: 0 | E57: 0 | F57: =SUM(C57:E57) -> 0 | G57: 0 | H57: 0 | I57: 0 | J57: =SUM(G57:I57) -> 0 | K57: =SUM(J57,F57) -> 0 | M57: एकूण | N57: =K43 -> 38150 | O57: =K58 -> 87374 | P57: =SUM(N57:O57) -> 125524
B58: एकूण | C58: =SUM(C56:C57) -> 10289 | D58: =SUM(D56:D57) -> 51615 | E58: =SUM(E56:E57) -> 7750 | F58: =SUM(C58:E58) -> 69654 | G58: =SUM(G56:G57) -> 5000 | H58: =SUM(H56:H57) -> 6370 | I58: =SUM(I56:I57) -> 6350 | J58: =SUM(J56:J57) -> 17720 | K58: =SUM(K56:K57) -> 87374 | M58: विशेष वेतन | N58: =K44 -> 10 | O58: =K59 -> 0 | P58: =SUM(N58:O58) -> 10
B59: विशेष वेतन | C59: 0 | D59: 0 | E59: 0 | F59: =SUM(C59:E59) -> 0 | G59: 0 | H59: 0 | I59: 0 | J59: =SUM(G59:I59) -> 0 | K59: =SUM(J59,F59) -> 0 | M59: महा.भत्ता | N59: =K45 -> 24416 | O59: =K60 -> 55920 | P59: =SUM(N59:O59) -> 80336
B60: महा.भत्ता | C60: 6585 | D60: 33034 | E60: 4960 | F60: =SUM(C60:E60) -> 44579 | G60: 3200 | H60: 4077 | I60: 4064 | J60: =SUM(G60:I60) -> 11341 | K60: =SUM(J60,F60) -> 55920 | M60: स्था.पु.भ. | N60: =K46 -> 159 | O60: =K61 -> 418 | P60: =SUM(N60:O60) -> 577
B61: स्था.पु.भ. | C61: 32 | D61: 245 | E61: 62 | F61: =SUM(C61:E61) -> 339 | G61: 20 | H61: 36 | I61: 23 | J61: =SUM(G61:I61) -> 79 | K61: =SUM(J61,F61) -> 418 | M61: घरभाडे | N61: =K47 -> 11445 | O61: =K62 -> 26214 | P61: =SUM(N61:O61) -> 37659
B62: घरभाडे | C62: 3087 | D62: 15486 | E62: 2325 | F62: =SUM(C62:E62) -> 20898 | G62: 1500 | H62: 1911 | I62: 1905 | J62: =SUM(G62:I62) -> 5316 | K62: =SUM(J62,F62) -> 26214 | M62: प्रवास भत्ता | N62: =K48 -> 351 | O62: =K63 -> 958 | P62: =SUM(N62:O62) -> 1309
B63: प्रवास भत्ता | C63: 200 | D63: 449 | E63: 148 | F63: =SUM(C63:E63) -> 797 | G63: 11 | H63: 80 | I63: 70 | J63: =SUM(G63:I63) -> 161 | K63: =SUM(J63,F63) -> 958 | M63: इतर | N63: =K49 -> 10 | O63: =K64 -> 35 | P63: =SUM(N63:O63) -> 45
B64: इतर | C64: 0 | D64: 9 | E64: 16 | F64: =SUM(C64:E64) -> 25 | G64: 0 | H64: 0 | I64: 10 | J64: =SUM(G64:I64) -> 10 | K64: =SUM(J64,F64) -> 35 | M64: एकूण | N64: =SUM(N57:N63) -> 74541 | O64: =SUM(O57:O63) -> 170919 | P64: =SUM(P57:P63) -> 245460
B65: एकूण | C65: =SUM(C58:C64) -> 20193 | D65: =SUM(D58:D64) -> 100838 | E65: =SUM(E58:E64) -> 15261 | F65: =SUM(F58:F64) -> 136292 | G65: =SUM(G58:G64) -> 9731 | H65: =SUM(H58:H64) -> 12474 | I65: =SUM(I58:I64) -> 12422 | J65: =SUM(J58:J64) -> 34627 | K65: =SUM(K58:K64) -> 170919
A67: अर्थसंकल्पीय अंदाजपत्रक सन 2025-2026
A68: मागणी क्र.सी- 1- लेखाशिर्ष 20530028
A69: (आकडे हजारात)
A70: जिल्हा | B70: स्थायी पदे
C71: भरलेली पदे | G71: रिक्त पदे | K71: एकूण
A72: ठाणे | B72: वर्ग | C72: वर्ग-1 व 2 | D72: वर्ग-3 | E72: वर्ग-4 | F72: एकूण | G72: वर्ग-1 व 2 | H72: वर्ग-3 | I72: वर्ग-4 | J72: एकूण | K72: एकूण
B73: पदे | C73: 18 | D73: 67 | E73: 35 | F73: =SUM(C73:E73) -> 120 | G73: 1 | H73: 9 | I73: 8 | J73: =SUM(G73:I73) -> 18 | K73: =SUM(J73,F73) -> 138
B74: वेतन | C74: 17124 | D74: 28177 | E74: 9281 | F74: =SUM(C74:E74) -> 54582 | G74: 702 | H74: 2845 | I74: 1953 | J74: =SUM(G74:I74) -> 5500 | K74: =SUM(J74,F74) -> 60082
B75: ग्रेड पे | C75: 0 | D75: 0 | E75: 0 | F75: =SUM(C75:E75) -> 0 | G75: 0 | H75: 0 | I75: 0 | J75: =SUM(G75:I75) -> 0 | K75: =SUM(J75,F75) -> 0
B76: एकूण | C76: =SUM(C74:C75) -> 17124 | D76: =SUM(D74:D75) -> 28177 | E76: =SUM(E74:E75) -> 9281 | F76: =SUM(C76:E76) -> 54582 | G76: =SUM(G74:G75) -> 702 | H76: =SUM(H74:H75) -> 2845 | I76: =SUM(I74:I75) -> 1953 | J76: =SUM(J74:J75) -> 5500 | K76: =SUM(K74:K75) -> 60082
B77: विशेष वेतन | C77: 0 | D77: 0 | E77: 0 | F77: =SUM(C77:E77) -> 0 | G77: 0 | H77: 0 | I77: 0 | J77: =SUM(G77:I77) -> 0 | K77: =SUM(J77,F77) -> 0
B78: महा.भत्ता | C78: 10961 | D78: 18034 | E78: 5940 | F78: =SUM(C78:E78) -> 34935 | G78: 449 | H78: 1821 | I78: 1250 | J78: =SUM(G78:I78) -> 3520 | K78: =SUM(J78,F78) -> 38455
B79: स्था.पु.भ. | C79: 51 | D79: 213 | E79: 79 | F79: =SUM(C79:E79) -> 343 | G79: 0 | H79: 32 | I79: 17 | J79: =SUM(G79:I79) -> 49 | K79: =SUM(J79,F79) -> 392
B80: घरभाडे | C80: 4080 | D80: 8158 | E80: 2553 | F80: =SUM(C80:E80) -> 14791 | G80: 211 | H80: 680 | I80: 586 | J80: =SUM(G80:I80) -> 1477 | K80: =SUM(J80,F80) -> 16268
B81: प्रवास भत्ता | C81: 536 | D81: 2170 | E81: 964 | F81: =SUM(C81:E81) -> 3670 | G81: 16 | H81: 292 | I81: 174 | J81: =SUM(G81:I81) -> 482 | K81: =SUM(J81,F81) -> 4152
B82: इतर | C82: 0 | D82: 0 | E82: 17 | F82: =SUM(C82:E82) -> 17 | G82: 0 | H82: 0 | I82: 3 | J82: =SUM(G82:I82) -> 3 | K82: =SUM(J82,F82) -> 20
B83: एकूण | C83: =SUM(C76:C82) -> 32752 | D83: =SUM(D76:D82) -> 56752 | E83: =SUM(E76:E82) -> 18834 | F83: =SUM(F76:F82) -> 108338 | G83: =SUM(G76:G82) -> 1378 | H83: =SUM(H76:H82) -> 5670 | I83: =SUM(I76:I82) -> 3983 | J83: =SUM(J76:J82) -> 11031 | K83: =SUM(K76:K82) -> 119369
A85: जिल्हा | B85: अस्थायी पदे | M85: सर्व वर्ग पदे
C86: भरलेली पदे | G86: रिक्त पदे | K86: एकूण | M86: वर्ग | N86: स्थायी पदे | O86: अस्थायी पदे | P86: एकूण
A87: ठाणे | B87: वर्ग | C87: वर्ग-1 व 2 | D87: वर्ग-3 | E87: वर्ग-4 | F87: एकूण | G87: वर्ग-1 व 2 | H87: वर्ग-3 | I87: वर्ग-4 | J87: एकूण | K87: एकूण | M87: पदे | N87: =K73 -> 138 | O87: =K88 -> 194 | P87: =SUM(N87:O87) -> 332
B88: पदे | C88: 23 | D88: 121 | E88: 35 | F88: =SUM(C88:E88) -> 179 | G88: 0 | H88: 9 | I88: 6 | J88: =SUM(G88:I88) -> 15 | K88: =SUM(J88,F88) -> 194 | M88: वेतन | N88: =K74 -> 60082 | O88: =K89 -> 83888 | P88: =SUM(N88:O88) -> 143970
B89: वेतन | C89: 15954 | D89: 53451 | E89: 9091 | F89: =SUM(C89:E89) -> 78496 | G89: 0 | H89: 3596 | I89: 1796 | J89: =SUM(G89:I89) -> 5392 | K89: =SUM(J89,F89) -> 83888 | M89: ग्रेड पे | N89: =K75 -> 0 | O89: =K90 -> 0 | P89: =SUM(N89:O89) -> 0
B90: ग्रेड पे | C90: 0 | D90: 0 | E90: 0 | F90: =SUM(C90:E90) -> 0 | G90: 0 | H90: 0 | I90: 0 | J90: =SUM(G90:I90) -> 0 | K90: =SUM(J90,F90) -> 0 | M90: एकूण | N90: =K76 -> 60082 | O90: =K91 -> 83888 | P90: =SUM(N90:O90) -> 143970
B91: एकूण | C91: =SUM(C89:C90) -> 15954 | D91: =SUM(D89:D90) -> 53451 | E91: =SUM(E89:E90) -> 9091 | F91: =SUM(C91:E91) -> 78496 | G91: =SUM(G89:G90) -> 0 | H91: =SUM(H89:H90) -> 3596 | I91: =SUM(I89:I90) -> 1796 | J91: =SUM(J89:J90) -> 5392 | K91: =SUM(K89:K90) -> 83888 | M91: विशेष वेतन | N91: =K77 -> 0 | O91: =K92 -> 0 | P91: =SUM(N91:O91) -> 0
B92: विशेष वेतन | C92: 0 | D92: 0 | E92: 0 | F92: =SUM(C92:E92) -> 0 | G92: 0 | H92: 0 | I92: 0 | J92: =SUM(G92:I92) -> 0 | K92: =SUM(J92,F92) -> 0 | M92: महा.भत्ता | N92: =K78 -> 38455 | O92: =K93 -> 53689 | P92: =SUM(N92:O92) -> 92144
B93: महा.भत्ता | C93: 10211 | D93: 34209 | E93: 5818 | F93: =SUM(C93:E93) -> 50238 | G93: 0 | H93: 2301 | I93: 1150 | J93: =SUM(G93:I93) -> 3451 | K93: =SUM(J93,F93) -> 53689 | M93: स्था.पु.भ. | N93: =K79 -> 392 | O93: =K94 -> 647 | P93: =SUM(N93:O93) -> 1039
B94: स्था.पु.भ. | C94: 78 | D94: 437 | E94: 86 | F94: =SUM(C94:E94) -> 601 | G94: 0 | H94: 32 | I94: 14 | J94: =SUM(G94:I94) -> 46 | K94: =SUM(J94,F94) -> 647 | M94: घरभाडे | N94: =K80 -> 16268 | O94: =K95 -> 24832 | P94: =SUM(N94:O94) -> 41100
B95: घरभाडे | C95: 4451 | D95: 16035 | E95: 2727 | F95: =SUM(C95:E95) -> 23213 | G95: 0 | H95: 1080 | I95: 539 | J95: =SUM(G95:I95) -> 1619 | K95: =SUM(J95,F95) -> 24832 | M95: प्रवास भत्ता | N95: =K81 -> 4152 | O95: =K96 -> 5829 | P95: =SUM(N95:O95) -> 9981
B96: प्रवास भत्ता | C96: 632 | D96: 3699 | E96: 1012 | F96: =SUM(C96:E96) -> 5343 | G96: 0 | H96: 292 | I96: 194 | J96: =SUM(G96:I96) -> 486 | K96: =SUM(J96,F96) -> 5829 | M96: इतर | N96: =K82 -> 20 | O96: =K97 -> 19 | P96: =SUM(N96:O96) -> 39
B97: इतर | C97: 0 | D97: 0 | E97: 15 | F97: =SUM(C97:E97) -> 15 | G97: 0 | H97: 0 | I97: 4 | J97: =SUM(G97:I97) -> 4 | K97: =SUM(J97,F97) -> 19 | M97: एकूण | N97: =SUM(N90:N96) -> 119369 | O97: =SUM(O90:O96) -> 168904 | P97: =SUM(P90:P96) -> 288273
B98: एकूण | C98: =SUM(C91:C97) -> 31326 | D98: =SUM(D91:D97) -> 107831 | E98: =SUM(E91:E97) -> 18749 | F98: =SUM(F91:F97) -> 157906 | G98: =SUM(G91:G97) -> 0 | H98: =SUM(H91:H97) -> 7301 | I98: =SUM(I91:I97) -> 3697 | J98: =SUM(J91:J97) -> 10998 | K98: =SUM(K91:K97) -> 168904
A100: अर्थसंकल्पीय अंदाजपत्रक सन 2025-2026
A101: मागणी क्र.सी- 1- लेखाशिर्ष 20530028
A102: (आकडे हजारात)
A103: जिल्हा | B103: स्थायी पदे
C104: भरलेली पदे | G104: रिक्त पदे | K104: एकूण
A105: पालघर | B105: वर्ग | C105: वर्ग-1 व 2 | D105: वर्ग-3 | E105: वर्ग-4 | F105: एकूण | G105: वर्ग-1 व 2 | H105: वर्ग-3 | I105: वर्ग-4 | J105: एकूण | K105: एकूण
B106: पदे | C106: 14 | D106: 28 | E106: 13 | F106: =SUM(C106:E106) -> 55 | G106: 0 | H106: 8 | I106: 11 | J106: =SUM(G106:I106) -> 19 | K106: =SUM(J106,F106) -> 74
...

Sheet Page-3
A1: अर्थसंकल्पीय अंदाजपत्रक सन 2025-2026
A2: मागणी क्र.सी- 1- लेखाशिर्ष 20530028
A3: मंजूर पदे
A4: अ.क्र. | B4: वर्ग | C4: स्थायी | E4: अस्थायी | G4: एकूण
C5: भरलेली पदे | D5: रिक्त पदे | E5: भरलेली पदे | F5: रिक्त पदे
A6: 1 | B6: 1 | C6: 3 | D6: 0 | E6: 4 | F6: 0 | G6: =SUM(C6:F6) -> 7
A7: 2 | B7: 2 | C7: 0 | D7: 0 | E7: 4 | F7: 0 | G7: =SUM(C7:F7) -> 4
A8: 3 | B8: 3 | C8: 25 | D8: 1 | E8: 35 | F8: 5 | G8: =SUM(C8:F8) -> 66
A9: 4 | B9: 4 | C9: 21 | D9: 11 | E9: 2 | F9: 1 | G9: =SUM(C9:F9) -> 35
A10: -- | B10: एकूण | C10: =SUM(C6:C9) -> 49 | D10: =SUM(D6:D9) -> 12 | E10: =SUM(E6:E9) -> 45 | F10: =SUM(F6:F9) -> 6 | G10: =SUM(G6:G9) -> 112
F13: (आकडे हजारात)
A14: अ.क्र. | B14: जिल्हा / विभाग | C14: वैद्यकिय खर्च | D14: उत्सव/सण अग्रिम | E14: स्वग्राम/महाराष्ट्र दर्शन | F14: 7 व्या वेतन आयोग फरक+ NPS | G14: इतर | H14: एकूण
A15: 1 | B15: मुंबई शहर | C15: 1600 | D15: 1375 | E15: 1600 | F15: 120000 | G15: 5000 | H15: =SUM(C15:G15) -> 129575
A17: अर्थसंकल्पीय अंदाजपत्रक सन 2025-2026
A18: मागणी क्र.सी- 1- लेखाशिर्ष 20530028
A19: मंजूर पदे
A20: अ.क्र. | B20: वर्ग | C20: स्थायी | E20: अस्थायी | G20: एकूण
C21: भरलेली पदे | D21: रिक्त पदे | E21: भरलेली पदे | F21: रिक्त पदे
A22: 1 | B22: 1 | C22: 7 | D22: 0 | E22: 7 | F22: 2 | G22: =SUM(C22:F22) -> 16
A23: 2 | B23: 2 | C23: 4 | D23: 0 | E23: 6 | F23: 3 | G23: =SUM(C23:F23) -> 13
A24: 3 | B24: 3 | C24: 29 | D24: 5 | E24: 99 | F24: 16 | G24: =SUM(C24:F24) -> 149
A25: 4 | B25: 4 | C25: 15 | D25: 12 | E25: 25 | F25: 17 | G25: =SUM(C25:F25) -> 69
A26: -- | B26: एकूण | C26: =SUM(C22:C25) -> 55 | D26: =SUM(D22:D25) -> 17 | E26: =SUM(E22:E25) -> 137 | F26: =SUM(F22:F25) -> 38 | G26: =SUM(G22:G25) -> 247
F29: (आकडे हजारात)
A30: अ.क्र. | B30: जिल्हा / विभाग | C30: वैद्यकिय खर्च | D30: उत्सव/सण अग्रिम | E30: स्वग्राम/महाराष्ट्र दर्शन | F30: NPS | G30: इतर | H30: एकूण
A31: 1 | B31: मुंबई उपनगर | C31: 6000 | D31: 3100 | E31: 1000 | F31: 17000 | G31: 20000 | H31: =SUM(C31:G31) -> 47100
A33: अर्थसंकल्पीय अंदाजपत्रक सन 2025-2026
A34: मागणी क्र.सी- 1- लेखाशिर्ष 20530028
A35: मंजूर पदे
A36: अ.क्र. | B36: वर्ग | C36: स्थायी | E36: अस्थायी | G36: एकूण
C37: भरलेली पदे | D37: रिक्त पदे | E37: भरलेली पदे | F37: रिक्त पदे
A38: 1 | B38: 1 | C38: 13 | D38: 0 | E38: 5 | F38: 0 | G38: =SUM(C38:F38) -> 18
A39: 2 | B39: 2 | C39: 5 | D39: 1 | E39: 18 | F39: 0 | G39: =SUM(C39:F39) -> 24
A40: 3 | B40: 3 | C40: 67 | D40: 9 | E40: 121 | F40: 9 | G40: =SUM(C40:F40) -> 206
A41: 4 | B41: 4 | C41: 35 | D41: 8 | E41: 35 | F41: 6 | G41: =SUM(C41:F41) -> 84
A42: -- | B42: एकूण | C42: =SUM(C38:C41) -> 120 | D42: =SUM(D38:D41) -> 18 | E42: =SUM(E38:E41) -> 179 | F42: =SUM(F38:F41) -> 15 | G42: =SUM(G38:G41) -> 332
F45: (आकडे हजारात)
A46: अ.क्र. | B46: जिल्हा / विभाग | C46: वैद्यकिय खर्च | D46: उत्सव/सण अग्रिम | E46: स्वग्राम/महाराष्ट्र दर्शन | F46: 7 व्या वेतन आयोग फरक | G46: इतर | H46: एकूण
A47: 1 | B47: ठाणे | C47: 8500 | D47: 2000 | E47: 1500 | F47: 0 | G47: 11191 | H47: =SUM(C47:G47) -> 23191
A49: अर्थसंकल्पीय अंदाजपत्रक सन 2025-2026
A50: मागणी क्र.सी- 1- लेखाशिर्ष 20530028
A51: मंजूर पदे
A52: अ.क्र. | B52: वर्ग | C52: स्थायी | E52: अस्थायी | G52: एकूण
C53: भरलेली पदे | D53: रिक्त पदे | E53: भरलेली पदे | F53: रिक्त पदे
A54: 1 | B54: 1 | C54: 7 | D54: 0 | E54: 12 | F54: 1 | G54: =SUM(C54:F54) -> 20
A55: 2 | B55: 2 | C55: 7 | D55: 0 | E55: 10 | F55: 7 | G55: =SUM(C55:F55) -> 24
A56: 3 | B56: 3 | C56: 28 | D56: 8 | E56: 98 | F56: 60 | G56: =SUM(C56:F56) -> 194
A57: 4 | B57: 4 | C57: 13 | D57: 11 | E57: 38 | F57: 20 | G57: =SUM(C57:F57) -> 82
A58: -- | B58: एकूण | C58: =SUM(C54:C57) -> 55 | D58: =SUM(D54:D57) -> 19 | E58: =SUM(E54:E57) -> 158 | F58: =SUM(F54:F57) -> 88 | G58: =SUM(G54:G57) -> 320
F61: (आकडे हजारात)
A62: अ.क्र. | B62: जिल्हा / विभाग | C62: वैद्यकिय खर्च | D62: उत्सव/सण अग्रिम | E62: स्वग्राम/महाराष्ट्र दर्शन | F62: 7 व्या वेतन आयोग फरक+ NPS | G62: इतर | H62: एकूण
A63: 1 | B63: पालघर | C63: 7500 | D63: 3463 | E63: 3000 | F63: 86947 | G63: 25000 | H63: =SUM(C63:G63) -> 125910
A65: अर्थसंकल्पीय अंदाजपत्रक सन 2025-2026
A66: मागणी क्र.सी- 1- लेखाशिर्ष 20530028
A67: मंजूर पदे
A68: अ.क्र. | B68: वर्ग | C68: स्थायी | E68: अस्थायी | G68: एकूण
C69: भरलेली पदे | D69: रिक्त पदे | E69: भरलेली पदे | F69: रिक्त पदे
A70: 1 | B70: 1 | C70: 18 | D70: 0 | E70: 6 | F70: 3 | G70: =SUM(C70:F70) -> 27
A71: 2 | B71: 2 | C71: 14 | D71: 0 | E71: 20 | F71: 1 | G71: =SUM(C71:F71) -> 35
A72: 3 | B72: 3 | C72: 76 | D72: 13 | E72: 115 | F72: 53 | G72: =SUM(C72:F72) -> 257
A73: 4 | B73: 4 | C73: 58 | D73: 17 | E73: 28 | F73: 20 | G73: =SUM(C73:F73) -> 123
A74: -- | B74: एकूण | C74: =SUM(C70:C73) -> 166 | D74: =SUM(D70:D73) -> 30 | E74: =SUM(E70:E73) -> 169 | F74: =SUM(F70:F73) -> 77 | G74: =SUM(C74:F74) -> 442
F77: (आकडे हजारात)
A78: अ.क्र. | B78: जिल्हा / विभाग | C78: वैद्यकिय खर्च | D78: उत्सव/सण अग्रिम | E78: स्वग्राम/महाराष्ट्र दर्शन | F78: NPS | G78: इतर | H78: एकूण
A79: 1 | B79: रायगड | C79: 6000 | D79: 5488 | E79: 6585 | F79: 227924 | G79: 45372 | H79: =SUM(C79:G79) -> 291369
A81: अर्थसंकल्पीय अंदाजपत्रक सन 2025-2026
A82: मागणी क्र.सी- 1- लेखाशिर्ष 20530028
A83: मंजूर पदे
A84: अ.क्र. | B84: वर्ग | C84: स्थायी | E84: अस्थायी | G84: एकूण
C85: भरलेली पदे | D85: रिक्त पदे | E85: भरलेली पदे | F85: रिक्त पदे
A86: 1 | B86: 1 | C86: 12 | D86: 2 | E86: 4 | F86: 0 | G86: =SUM(C86:F86) -> 18
A87: 2 | B87: 2 | C87: 9 | D87: 0 | E87: 14 | F87: 2 | G87: =SUM(C87:F87) -> 25
A88: 3 | B88: 3 | C88: 73 | D88: 19 | E88: 116 | F88: 34 | G88: =SUM(C88:F88) -> 242
A89: 4 | B89: 4 | C89: 34 | D89: 12 | E89: 22 | F89: 6 | G89: =SUM(C89:F89) -> 74
A90: -- | B90: एकूण | C90: =SUM(C86:C89) -> 128 | D90: =SUM(D86:D89) -> 33 | E90: =SUM(E86:E89) -> 156 | F90: =SUM(F86:F89) -> 42 | G90: =SUM(G86:G89) -> 359
F93: (आकडे हजारात)
A94: अ.क्र. | B94: जिल्हा / विभाग | C94: वैद्यकिय खर्च | D94: उत्सव/सण अग्रिम | E94: स्वग्राम/महाराष्ट्र दर्शन | F94: NPS | G94: इतर | H94: एकूण
A95: 1 | B95: रत्नागिरी | C95: 17950 | D95: 4740 | E95: 7518 | F95: 42404 | G95: 91761 | H95: =SUM(C95:G95) -> 164373
A97: अर्थसंकल्पीय अंदाजपत्रक सन 2025-2026
A98: मागणी क्र.सी- 1- लेखाशिर्ष 20530028
A99: मंजूर पदे
A100: अ.क्र. | B100: वर्ग | C100: स्थायी | E100: अस्थायी | G100: एकूण
C101: भरलेली पदे | D101: रिक्त पदे | E101: भरलेली पदे | F101: रिक्त पदे
A102: 1 | B102: 1 | C102: 7 | D102: 1 | E102: 6 | F102: 0 | G102: =SUM(C102:F102) -> 14
A103: 2 | B103: 2 | C103: 5 | D103: 2 | E103: 12 | F103: 4 | G103: =SUM(C103:F103) -> 23
A104: 3 | B104: 3 | C104: 45 | D104: 24 | E104: 58 | F104: 35 | G104: =SUM(C104:F104) -> 162
A105: 4 | B105: 4 | C105: 28 | D105: 15 | E105: 22 | F105: 12 | G105: =SUM(C105:F105) -> 77
A106: -- | B106: एकूण | C106: =SUM(C102:C105) -> 85 | D106: =SUM(D102:D105) -> 42 | E106: =SUM(E102:E105) -> 98 | F106: =SUM(F102:F105) -> 51 | G106: =SUM(G102:G105) -> 276
F109: (आकडे हजारात)
A110: अ.क्र. | B110: जिल्हा / विभाग | C110: वैद्यकिय खर्च | D110: उत्सव/सण अग्रिम | E110: स्वग्राम/महाराष्ट्र दर्शन | F110: 7 व्या वेतन आयोग फरक | G110: इतर | H110: एकूण
A111: 1 | B111: सिंधुदुर्ग | C111: 27500 | D111: 3094 | E111: 4125 | F111: 0 | G111: 0 | H111: =SUM(C111:G111) -> 34719
A113: अर्थसंकल्पीय अंदाजपत्रक सन 2020-2021
A114: मागणी क्र.सी- 1- लेखाशिर्ष 20530028
A115: मंजूर पदे
A116: अ.क्र. | B116: वर्ग | C116: स्थायी | E116: अस्थायी | G116: एकूण
C117: भरलेली पदे | D117: रिक्त पदे | E117: भरलेली पदे | F117: रिक्त पदे
A118: 1 | B118: 1 | C118: 0 | D118: 0 | E118: 0 | F118: 0 | G118: =SUM(C118:F118) -> 0
A119: 2 | B119: 2 | C119: 0 | D119: 0 | E119: 0 | F119: 0 | G119: =SUM(C119:F119) -> 0
A120: 3 | B120: 3 | C120: 0 | D120: 0 | E120: 0 | F120: 0 | G120: =SUM(C120:F120) -> 0
A121: 4 | B121: 4 | C121: 0 | D121: 0 | E121: 0 | F121: 0 | G121: =SUM(C121:F121) -> 0
...

Sheet Page-4
A1: अर्थसंकल्पीय अंदाजपत्रक सन 2025-2026
A2: मागणी क्र.सी- 1- लेखाशिर्ष 20530028
A3: जिल्हा मुंबई शहर | L3: (आकडे हजारात)
A4: अ. क्र. | B4: लेख्याची प्राथमिक आणि दुय्यम युनिट | C4: प्रत्यक्ष रक्कमा (खर्च) | F4: अर्थसंकल्पीय अंदाज | G4: सुधारीत अंदाज | H4: अर्थसंकल्पीय अंदाज 2025-2026 | L4: मागील वर्षाच्या प्रत्यक्ष रक्कमा आणि चालु वर्षाच्या अर्थसंकल्पीय अंदाजाची तुलना करता आगामी वर्षासाठीच्या अंदाजातील वाढ किंवा घट यांच्या संबंधातील स्पष्टीकरणे.
C5: 2021-2022 | D5: 2022-2023 | E5: 2023-2024 | F5: 2024-2025 | G5: 2024-2025 | H5: प्राकक्लन (एस्टिमेटिंग) अधिका-याचा | I5: नियंत्रक अधिका-यांचा | J5: प्रशासकीय विभागाचा | K5: वित्त विभागाचा
A6: 1 | B6: 2 | C6: 3 | D6: 4 | E6: 5 | F6: 6 | G6: 7 | H6: 8 | I6: 9 | J6: 10 | K6: 11 | L6: 12
A7: 1 | B7: 01- वेतन | C7: 61170 | D7: 76517 | E7: 71961 | F7: 229640 | G7: 229640 | H7: 221383 | I7: 0 | J7: 0 | K7: 0
A8: 2 | B8: 03- अति.भत्ता | C8: 103 | D8: 65 | E8: 102 | F8: 300 | G8: 300 | H8: 400 | I8: 0 | J8: 0 | K8: 0
A9: 3 | B9: 06- दूरध्वनी, वीज, पाणी व शुल्क | C9: 1571 | D9: 2279 | E9: 5470 | F9: 11922 | G9: 11922 | H9: 12922 | I9: 0 | J9: 0 | K9: 0
A10: 4 | B10: 10- कंत्राटी सेवा | C10: 0 | D10: 0 | E10: 341 | F10: 420 | G10: 420 | H10: 420 | I10: 0 | J10: 0 | K10: 0
A11: 5 | B11: 11- देशातंर्गत प्रवास खर्च | C11: 15 | D11: 14 | E11: 38 | F11: 600 | G11: 600 | H11: 700 | I11: 0 | J11: 0 | K11: 0
A12: 6 | B12: 13- कार्यालयीन खर्च | C12: 1239 | D12: 1845 | E12: 2987 | F12: 7481 | G12: 7481 | H12: 9081 | I12: 0 | J12: 0 | K12: 0
A13: 7 | B13: 14- भाडेपट्टी व कर | C13: 0 | D13: 0 | E13: 0 | F13: 0 | G13: 0 | H13: 0 | I13: 0 | J13: 0 | K13: 0
A14: 8 | B14: 16- प्रकाशने | C14: 0 | D14: 0 | E14: 0 | F14: 0 | G14: 0 | H14: 0 | I14: 0 | J14: 0 | K14: 0
A15: 9 | B15: 17- संगणक खर्च | C15: 14 | D15: 0 | E15: 33 | F15: 4000 | G15: 4000 | H15: 4500 | I15: 0 | J15: 0 | K15: 0
A16: 10 | B16: 20- इतर प्रशासकीय खर्च | C16: 0 | D16: 0 | E16: 0 | F16: 680 | G16: 680 | H16: 680 | I16: 0 | J16: 0 | K16: 0
A17: 11 | B17: 24- इंधन खर्च | C17: 316 | D17: 274 | E17: 302 | F17: 3000 | G17: 3000 | H17: 3050 | I17: 0 | J17: 0 | K17: 0
A18: 12 | B18: 26- जाहीरात व प्रसिध्दी खर्च | C18: 0 | D18: 16 | E18: 32 | F18: 1080 | G18: 1080 | H18: 1080 | I18: 0 | J18: 0 | K18: 0
... A21: 15 | B21: 51- मोटार वाहने | C21: 0 | D21: 0 | E21: 0 | F21: 0 | G21: 0 | H21: 0 | I21: 0 | J21: 0 | K21: 0
A22: -- | B22: एकूण | C22: =SUM(C7:C21) -> 64428 | D22: =SUM(D7:D21) -> 81010 | E22: =SUM(E7:E21) -> 81266 | F22: =SUM(F7:F21) -> 261053 | G22: =SUM(G7:G21) -> 261053 | H22: =SUM(H7:H21) -> 256146 | I22: =SUM(I7:I21) -> 0 | J22: =SUM(J7:J21) -> 0 | K22: =SUM(K7:K21) -> 0
A24: अर्थसंकल्पीय अंदाजपत्रक सन 2025-2026
A25: मागणी क्र.सी- 1- लेखाशिर्ष 20530028
A26: जिल्हा मुंबई उपनगर | L26: (आकडे हजारात)
A27: अ. क्र. | B27: लेख्याची प्राथमिक आणि दुय्यम युनिट | C27: प्रत्यक्ष रक्कमा (खर्च) | F27: अर्थसंकल्पीय अंदाज | G27: सुधारीत अंदाज | H27: अर्थसंकल्पीय अंदाज 2025-2026 | L27: मागील वर्षाच्या प्रत्यक्ष रक्कमा आणि चालु वर्षाच्या अर्थसंकल्पीय अंदाजाची तुलना करता आगामी वर्षासाठीच्या अंदाजातील वाढ किंवा घट यांच्या संबंधातील स्पष्टीकरणे.
C28: 2021-2022 | D28: 2022-2023 | E28: 2023-2024 | F28: 2024-2025 | G28: 2024-2025 | H28: प्राकक्लन (एस्टिमेटिंग) अधिका-याचा | I28: नियंत्रक अधिका-यांचा | J28: प्रशासकीय विभागाचा | K28: वित्त विभागाचा
A29: 1 | B29: 2 | C29: 3 | D29: 4 | E29: 5 | F29: 6 | G29: 7 | H29: 8 | I29: 9 | J29: 10 | K29: 11 | L29: 12
A30: 1 | B30: 01- वेतन | C30: 132538 | D30: 154229 | E30: 166870 | F30: 285029 | G30: 285029 | H30: 292560 | I30: 0 | J30: 0 | K30: 0
A31: 2 | B31: 03- अति.भत्ता | C31: 0 | D31: 0 | E31: 0 | F31: 370 | G31: 370 | H31: 370 | I31: 0 | J31: 0 | K31: 0
A32: 3 | B32: 06- दूरध्वनी, वीज, पाणी व शुल्क | C32: 1290 | D32: 1251 | E32: 1955 | F32: 7500 | G32: 7500 | H32: 7500 | I32: 0 | J32: 0 | K32: 0
A33: 4 | B33: 10- कंत्राटी सेवा | C33: 0 | D33: 0 | E33: 379 | F33: 500 | G33: 500 | H33: 500 | I33: 0 | J33: 0 | K33: 0
A34: 5 | B34: 11- देशातंर्गत प्रवास खर्च | C34: 109 | D34: 84 | E34: 132 | F34: 1000 | G34: 1000 | H34: 1000 | I34: 0 | J34: 0 | K34: 0
A35: 6 | B35: 13- कार्यालयीन खर्च | C35: 7154 | D35: 3735 | E35: 2090 | F35: 20000 | G35: 20000 | H35: 20000 | I35: 0 | J35: 0 | K35: 0
A36: 7 | B36: 14- भाडेपट्टी व कर | C36: 0 | D36: 0 | E36: 0 | F36: 0 | G36: 0 | H36: 0 | I36: 0 | J36: 0 | K36: 0
A37: 8 | B37: 16- प्रकाशने | C37: 0 | D37: 0 | E37: 0 | F37: 0 | G37: 0 | H37: 0 | I37: 0 | J37: 0 | K37: 0
A38: 9 | B38: 17- संगणक खर्च | C38: 11 | D38: 0 | E38: 5 | F38: 1000 | G38: 1000 | H38: 1000 | I38: 0 | J38: 0 | K38: 0
A39: 10 | B39: 20- इतर प्रशासकीय खर्च | C39: 0 | D39: 0 | E39: 0 | F39: 0 | G39: 0 | H39: 0 | I39: 0 | J39: 0 | K39: 0
A40: 11 | B40: 24- इंधन खर्च | C40: 106 | D40: 141 | E40: 135 | F40: 1000 | G40: 1000 | H40: 1000 | I40: 0 | J40: 0 | K40: 0
A41: 12 | B41: 26- जाहीरात व प्रसिध्दी खर्च | C41: 0 | D41: 252 | E41: 83 | F41: 670 | G41: 670 | H41: 670 | I41: 0 | J41: 0 | K41: 0
... A44: 15 | B44: 51- मोटार वाहने | C44: 0 | D44: 0 | E44: 0 | F44: 0 | G44: 0 | H44: 0 | I44: 0 | J44: 0 | K44: 0
A45: -- | B45: एकूण | C45: =SUM(C30:C44) -> 141208 | D45: =SUM(D30:D44) -> 159692 | E45: =SUM(E30:E44) -> 171649 | F45: =SUM(F30:F44) -> 317069 | G45: =SUM(G30:G44) -> 317069 | H45: =SUM(H30:H44) -> 324600 | I45: =SUM(I30:I44) -> 0 | J45: =SUM(J30:J44) -> 0 | K45: =SUM(K30:K44) -> 0
A47: अर्थसंकल्पीय अंदाजपत्रक सन 2025-2026
A48: मागणी क्र.सी- 1- लेखाशिर्ष 20530028
A49: जिल्हा ठाणे | L49: (आकडे हजारात)
A50: अ. क्र. | B50: लेख्याची प्राथमिक आणि दुय्यम युनिट | C50: प्रत्यक्ष रक्कमा (खर्च) | F50: अर्थसंकल्पीय अंदाज | G50: सुधारीत अंदाज | H50: अर्थसंकल्पीय अंदाज 2025-2026 | L50: मागील वर्षाच्या प्रत्यक्ष रक्कमा आणि चालु वर्षाच्या अर्थसंकल्पीय अंदाजाची तुलना करता आगामी वर्षासाठीच्या अंदाजातील वाढ किंवा घट यांच्या संबंधातील स्पष्टीकरणे.
C51: 2021-2022 | D51: 2022-2023 | E51: 2023-2024 | F51: 2024-2025 | G51: 2024-2025 | H51: प्राकक्लन (एस्टिमेटिंग) अधिका-याचा | I51: नियंत्रक अधिका-यांचा | J51: प्रशासकीय विभागाचा | K51: वित्त विभागाचा
A52: 1 | B52: 2 | C52: 3 | D52: 4 | E52: 5 | F52: 6 | G52: 7 | H52: 8 | I52: 9 | J52: 10 | K52: 11 | L52: 12
A53: 1 | B53: 01- वेतन | C53: 204982 | D53: 254768 | E53: 259174 | F53: 283714 | G53: 283714 | H53: 311464 | I53: 0 | J53: 0 | K53: 0
A54: 2 | B54: 03- अति.भत्ता | C54: 9 | D54: 25 | E54: 0 | F54: 300 | G54: 300 | H54: 300 | I54: 0 | J54: 0 | K54: 0
A55: 3 | B55: 06- दूरध्वनी, वीज, पाणी व शुल्क | C55: 3952 | D55: 4143 | E55: 4919 | F55: 12500 | G55: 12500 | H55: 12500 | I55: 0 | J55: 0 | K55: 0
A56: 4 | B56: 10- कंत्राटी सेवा | C56: 0 | D56: 0 | E56: 420 | F56: 1700 | G56: 1700 | H56: 1700 | I56: 0 | J56: 0 | K56: 0
A57: 5 | B57: 11- देशातंर्गत प्रवास खर्च | C57: 73 | D57: 111 | E57: 131 | F57: 1200 | G57: 1200 | H57: 1200 | I57: 0 | J57: 0 | K57: 0
A58: 6 | B58: 13- कार्यालयीन खर्च | C58: 5254 | D58: 4014 | E58: 4384 | F58: 9600 | G58: 9600 | H58: 9600 | I58: 0 | J58: 0 | K58: 0
A59: 7 | B59: 14- भाडेपट्टी व कर | C59: 47 | D59: 36 | E59: 54 | F59: 500 | G59: 500 | H59: 500 | I59: 0 | J59: 0 | K59: 0
A60: 8 | B60: 16- प्रकाशने | C60: 0 | D60: 0 | E60: 0 | F60: 0 | G60: 0 | H60: 0 | I60: 0 | J60: 0 | K60: 0
A61: 9 | B61: 17- संगणक खर्च | C61: 0 | D61: 0 | E61: 10 | F61: 2000 | G61: 2000 | H61: 2000 | I61: 0 | J61: 0 | K61: 0
A62: 10 | B62: 20- इतर प्रशासकीय खर्च | C62: 0 | D62: 0 | E62: 0 | F62: 0 | G62: 0 | H62: 0 | I62: 0 | J62: 0 | K62: 0
A63: 11 | B63: 24- इंधन खर्च | C63: 460 | D63: 549 | E63: 912 | F63: 1600 | G63: 1600 | H63: 1600 | I63: 0 | J63: 0 | K63: 0
A64: 12 | B64: 26- जाहीरात व प्रसिध्दी खर्च | C64: 0 | D64: 435 | E64: 222 | F64: 8500 | G64: 8500 | H64: 8500 | I64: 0 | J64: 0 | K64: 0
... A67: 15 | B67: 51- मोटार वाहने | C67: 0 | D67: 0 | E67: 4 | F67: 1900 | G67: 1900 | H67: 1900 | I67: 0 | J67: 0 | K67: 0
A68: -- | B68: एकूण | C68: =SUM(C53:C67) -> 214777 | D68: =SUM(D53:D67) -> 264081 | E68: =SUM(E53:E67) -> 270230 | F68: =SUM(F53:F67) -> 323514 | G68: =SUM(G53:G67) -> 323514 | H68: =SUM(H53:H67) -> 351264 | I68: =SUM(I53:I67) -> 0 | J68: =SUM(J53:J67) -> 0 | K68: =SUM(K53:K67) -> 0
A70: अर्थसंकल्पीय अंदाजपत्रक सन 2025-2026
A71: मागणी क्र.सी- 1- लेखाशिर्ष 20530028
A72: जिल्हा पालघर | L72: (आकडे हजारात)
A73: अ. क्र. | B73: लेख्याची प्राथमिक आणि दुय्यम युनिट | C73: प्रत्यक्ष रक्कमा (खर्च) | F73: अर्थसंकल्पीय अंदाज | G73: सुधारीत अंदाज | H73: अर्थसंकल्पीय अंदाज 2025-2026 | L73: मागील वर्षाच्या प्रत्यक्ष रक्कमा आणि चालु वर्षाच्या अर्थसंकल्पीय अंदाजाची तुलना करता आगामी वर्षासाठीच्या अंदाजातील वाढ किंवा घट यांच्या संबंधातील स्पष्टीकरणे.
C74: 2021-2022 | D74: 2022-2023 | E74: 2023-2024 | F74: 2024-2025 | G74: 2024-2025 | H74: प्राकक्लन (एस्टिमेटिंग) अधिका-याचा | I74: नियंत्रक अधिका-यांचा | J74: प्रशासकीय विभागाचा | K74: वित्त विभागाचा
A75: 1 | B75: 2 | C75: 3 | D75: 4 | E75: 5 | F75: 6 | G75: 7 | H75: 8 | I75: 9 | J75: 10 | K75: 11 | L75: 12
A76: 1 | B76: 01- वेतन | C76: 156554 | D76: 190597 | E76: 204482 | F76: 410220 | G76: 410220 | H76: 487692 | I76: 0 | J76: 0 | K76: 0
A77: 2 | B77: 03- अति.भत्ता | C77: 206 | D77: 78 | E77: 122 | F77: 800 | G77: 800 | H77: 800 | I77: 0 | J77: 0 | K77: 0
A78: 3 | B78: 06- दूरध्वनी, वीज, पाणी व शुल्क | C78: 3046 | D78: 3623 | E78: 3642 | F78: 10000 | G78: 10000 | H78: 10000 | I78: 0 | J78: 0 | K78: 0
A79: 4 | B79: 10- कंत्राटी सेवा | C79: 0 | D79: 0 | E79: 411 | F79: 450 | G79: 450 | H79: 450 | I79: 0 | J79: 0 | K79: 0
A80: 5 | B80: 11- देशातंर्गत प्रवास खर्च | C80: 300 | D80: 136 | E80: 406 | F80: 4000 | G80: 4000 | H80: 4000 | I80: 0 | J80: 0 | K80: 0
A81: 6 | B81: 13- कार्यालयीन खर्च | C81: 7641 | D81: 3030 | E81: 4586 | F81: 10000 | G81: 10000 | H81: 10000 | I81: 0 | J81: 0 | K81: 0
A82: 7 | B82: 14- भाडेपट्टी व कर | C82: 3524 | D82: 2342 | E82: 771 | F82: 7500 | G82: 7500 | H82: 7500 | I82: 0 | J82: 0 | K82: 0
A83: 8 | B83: 16- प्रकाशने | C83: 0 | D83: 0 | E83: 0 | F83: 0 | G83: 0 | H83: 0
A84: 9 | B84: 17- संगणक खर्च | C84: 0 | D84: 25 | E84: 0 | F84: 2000 | G84: 2000 | H84: 2000 | I84: 0 | J84: 0 | K84: 0
A85: 10 | B85: 20- इतर प्रशासकीय खर्च | C85: 0 | D85: 0 | E85: 0 | F85: 0 | G85: 0 | H85: 0 | I85: 0 | J85: 0 | K85: 0
A86: 11 | B86: 24- इंधन खर्च | C86: 660 | D86: 619 | E86: 295 | F86: 5000 | G86: 5000 | H86: 5000 | I86: 0 | J86: 0 | K86: 0
A87: 12 | B87: 26- जाहीरात व प्रसिध्दी खर्च | C87: 0 | D87: 169 | E87: 48 | F87: 2500 | G87: 2500 | H87: 2500 | I87: 0 | J87: 0 | K87: 0
A88: 13 | B88: 36- लहान बांधकाम | C88: 0 | D88: 0 | E88: 0 | F88: 0 | G88: 0 | H88: 0 | I88: 0 | J88: 0 | K88: 0
A89: 14 | B89: 50- इतर खर्च | C89: 0 | D89: 0 | E89: 0 | F89: 500 | G89: 500 | H89: 500 | I89: 0 | J89: 0 | K89: 0
A90: 15 | B90: 51- मोटार वाहने | C90: 0 | D90: 40 | E90: 40 | F90: 1000 | G90: 1000 | H90: 1000 | I90: 0 | J90: 0 | K90: 0
A91: -- | B91: एकूण | C91: =SUM(C76:C90) -> 171931 | D91: =SUM(D76:D90) -> 200659 | E91: =SUM(E76:E90) -> 214803 | F91: =SUM(F76:F90) -> 453970 | G91: =SUM(G76:G90) -> 453970 | H91: =SUM(H76:H90) -> 531442 | I91: =SUM(I76:I90) -> 0 | J91: =SUM(J76:J90) -> 0 | K91: =SUM(K76:K90) -> 0
A93: अर्थसंकल्पीय अंदाजपत्रक सन 2025-2026
A94: मागणी क्र.सी- 1- लेखाशिर्ष 20530028
A95: जिल्हा रायगड | L95: (आकडे हजारात)
A96: अ. क्र. | B96: लेख्याची प्राथमिक आणि दुय्यम युनिट | C96: प्रत्यक्ष रक्कमा (खर्च) | F96: अर्थसंकल्पीय अंदाज | G96: सुधारीत अंदाज | H96: अर्थसंकल्पीय अंदाज 2025-2026 | L96: मागील वर्षाच्या प्रत्यक्ष रक्कमा आणि चालु वर्षाच्या अर्थसंकल्पीय अंदाजाची तुलना करता आगामी वर्षासाठीच्या अंदाजातील वाढ किंवा घट यांच्या संबंधातील स्पष्टीकरणे.
C97: 2021-2022 | D97: 2022-2023 | E97: 2023-2024 | F97: 2024-2025 | G97: 2024-2025 | H97: प्राकक्लन (एस्टिमेटिंग) अधिका-याचा | I97: नियंत्रक अधिका-यांचा | J97: प्रशासकीय विभागाचा | K97: वित्त विभागाचा
A98: 1 | B98: 2 | C98: 3 | D98: 4 | E98: 5 | F98: 6 | G98: 7 | H98: 8 | I98: 9 | J98: 10 | K98: 11 | L98: 12
A99: 1 | B99: 01- वेतन | C99: 216550 | D99: 263082 | E99: 272295 | F99: 585996 | G99: 585996 | H99: 612773 | I99: 0 | J99: 0 | K99: 0
A100: 2 | B100: 03- अति.भत्ता | C100: 234 | D100: 355 | E100: 131 | F100: 1800 | G100: 1800 | H100: 1800 | I100: 0 | J100: 0 | K100: 0
A101: 3 | B101: 06- दूरध्वनी, वीज, पाणी व शुल्क | C101: 2435 | D101: 2794 | E101: 3287 | F101: 15600 | G101: 15600 | H101: 15600 | I101: 0 | J101: 0 | K101: 0
A102: 4 | B102: 10- कंत्राटी सेवा | C102: 70 | D102: 420 | E102: 385 | F102: 420 | G102: 420 | H102: 420 | I102: 0 | J102: 0 | K102: 0
A103: 5 | B103: 11- देशांतर्गत प्रवास खर्च | C103: 637 | D103: 401 | E103: 882 | F103: 6000 | G103: 6000 | H103: 6000 | I103: 0 | J103: 0 | K103: 0
A104: 6 | B104: 13- कार्यालयीन खर्च | C104: 11225 | D104: 12839 | E104: 10036 | F104: 28000 | G104: 28000 | H104: 40000 | I104: 0 | J104: 0 | K104: 0
A105: 7 | B105: 14- भाडेपट्टी व कर | C105: 1382 | D105: 788 | E105: 419 | F105: 4200 | G105: 4200 | H105: 4200 | I105: 0 | J105: 0 | K105: 0
A106: 8 | B106: 16- प्रकाशने | C106: 0 | D106: 0 | E106: 0 | F106: 0 | G106: 0 | H106: 0 | I106: 0 | J106: 0 | K106: 0
A107: 9 | B107: 17- संगणक खर्च | C107: 5 | D107: 1 | E107: 28 | F107: 2400 | G107: 2400 | H107: 2400 | I107: 0 | J107: 0 | K107: 0
A108: 10 | B108: 20- इतर प्रशासकीय खर्च | C108: 0 | D108: 0 | E108: 0 | F108: 0 | G108: 0 | H108: 0 | I108: 0 | J108: 0 | K108: 0
A109: 11 | B109: 24- इंधन खर्च | C109: 1556 | D109: 1087 | E109: 1014 | F109: 14400 | G109: 14400 | H109: 14400 | I109: 0 | J109: 0 | K109: 0
A110: 12 | B110: 26- जाहीरात व प्रसिध्दी खर्च | C110: 0 | D110: 150 | E110: 78 | F110: 1800 | G110: 1800 | H110: 1800 | I110: 0 | J110: 0 | K110: 0
...

Sheet Page-5
A1: अर्थसंकल्पीय अंदाजपत्रक सन 2025-2026
A2: मागणी क्र.सी- 1- लेखाशिर्ष 20530028
A3: कोकण विभाग | L3: (आकडे हजारात)
A4: अ. क्र. | B4: लेख्याची प्राथमिक आणि दुय्यम युनिट | C4: प्रत्यक्ष रक्कमा (खर्च) | F4: अर्थसंकल्पीय अंदाज | G4: सुधारीत अंदाज | H4: अर्थसंकल्पीय अंदाज 2025-2026 | L4: मागील वर्षाच्या प्रत्यक्ष रक्कमा आणि चालु वर्षाच्या अर्थसंकल्पीय अंदाजाची तुलना करता आगामी वर्षासाठीच्या अंदाजातील वाढ किंवा घट यांच्या संबंधातील स्पष्टीकरणे.
C5: 2020-2021 | D5: 2021-2022 | E5: 2022-2023 | F5: 2023-2024 | G5: 2023-2024 | H5: प्राकक्लन (एस्टिमेटिंग) अधिका-याचा | I5: नियंत्रक अधिका-यांचा | J5: प्रशासकीय विभागाचा | K5: वित्त विभागाचा
A6: 1 | B6: 2 | C6: 3 | D6: 4 | E6: 5 | F6: 6 | G6: 7 | H6: 8 | I6: 9 | J6: 10 | K6: 11 | L6: 12
A7: 1 | B7: 01- वेतन | C7: ='Page-4'!C191 -> 1062697 | D7: ='Page-4'!D191 -> 1286858 | E7: ='Page-4'!E191 -> 1347942 | F7: ='Page-4'!F191 -> 2479253 | G7: ='Page-4'!G191 -> 2499349 | H7: 0 | I7: ='Page-4'!H191 -> 2684990 | J7: 0 | K7: 0 | L7: 01- वेतन:- या बाबीखाली सातवा वेतन आयोग फरक, चालु महागाई भत्ता दर आकारणी 64% प्रमाणे विचारात घेवून केली आहे. वेळोवेळी होणारी वेतनवाढ व महागाई भत्ता दराप्रमाणे वाढीव अनुदान मिळणेस विनंती आहे.
A8: 2 | B8: 03 अति.भत्ता | C8: ='Page-4'!C192 -> 1043 | D8: ='Page-4'!D192 -> 893 | E8: ='Page-4'!E192 -> 979 | F8: ='Page-4'!F192 -> 5435 | G8: ='Page-4'!G192 -> 5435 | H8: 0 | I8: ='Page-4'!H192 -> 5640 | J8: 0 | K8: 0 | L8: 03- अति. भत्ता:-शासनाने ठरवून दिलेल्या वाढीव महसूल उद्दिष्टपूर्तताबाबत विभागीय आयुक्त कोकण विभाग यांचे अधिनस्त 7 जिल्हाधिकारी व 50 तहसिलदार यांच्या सोबत त्यांचे वाहन चालकांना फिरती करावी लागते. सबब अतिकालिक भत्त्यात वाढ झाली आहे.
A9: 3 | B9: 06- दूरध्वनी वीज,पाणी व शुल्क | C9: ='Page-4'!C193 -> 17990 | D9: ='Page-4'!D193 -> 19296 | E9: ='Page-4'!E193 -> 24183 | F9: ='Page-4'!F193 -> 74334 | G9: ='Page-4'!G193 -> 74334 | H9: 0 | I9: ='Page-4'!H193 -> 75822 | J9: 0 | K9: 0 | L9: 06- दूरध्वनी, वीज पाणी व शुल्क:- (1)कोकण विभागांतर्गत एकूण 7 जिल्हाधिकारी कार्यालय व 50 तहसिल कार्यालय कार्यरत आहेत. (2)या बाबीखाली विभागात शासनाने ठरवून दिलेल्या जमीन महसूल कर वसुलीच्या वाढीव उद्दिष्टपूर्तता बाबत प्रशासकिय, विभागीय, जिल्हा, उपविभागीय व तहसिल कार्यालयांशी मोठया प्रमाणावर संपर्क साधण्यासाठी दूरध्वनीचा वापर, वीजेचे वाढलेले दर व पाणीपट्टीची वाढीव देयके यासाठी वाढीव अनुदानाची गरज आहे. (2)उपरोक्त सर्व पार्श्वभुमीवर मागणी व प्रत्यक्ष खर्चाचे प्रमाणे अनुदान मंजूर व्हावे ही विनंती.
A10: 4 | B10: 10- कंत्राटी सेवा | C10: ='Page-4'!C194 -> 793 | D10: ='Page-4'!D194 -> 1257 | E10: ='Page-4'!E194 -> 2769 | F10: ='Page-4'!F194 -> 4330 | G10: ='Page-4'!G194 -> 4330 | H10: 0 | I10: ='Page-4'!H194 -> 7770 | J10: ='[1]Page 4'!J186 -> 0 | K10: ='[1]Page 4'!K186 -> 0 | L10: 10- कंत्राटी सेवा:- 1) शासन वित्त विभाग शासन परिपत्रक क्र. संकीर्ण-2019/प्र.क्र.22/कोषा प्रशा-4, दि.29/01/2020 अन्वये विधी अधिकारी या (कंत्राटी) पदाच्या मानधनाकरीता तरतुद करण्यात आली आहे. विभागीय आयुक्त कोकण विभाग यांचे अधिनस्त सर्व जिल्हाधिकारी व तहसिल कार्यालयांतील कंत्राटी पध्दतीने विविध सेवा देणा-या कर्मचा-यांची देयके अदा करण्याकरीता तरतुद करण्यात आली आहे.
A11: 5 | B11: 11- देशांतर्गत प्रवास खर्च | C11: ='Page-4'!C195 -> 2308 | D11: ='Page-4'!D195 -> 2170 | E11: ='Page-4'!E195 -> 2604 | F11: ='Page-4'!F195 -> 17825 | G11: ='Page-4'!G195 -> 18000 | H11: 0 | I11: ='Page-4'!H195 -> 19470 | J11: 0 | K11: 0 | L11: 11- देशांतर्गत प्रवास खर्च:-अपु-या अनुदानामुळे कोकण विभागाचे अधिनस्त 7 जिल्हाधिकारी व 50 तहसिलदार कार्यालयांमध्ये गैरसाय निर्माण होत आहे.सबब कोकण विभागातील अधिकारी/कर्मचारी यांचे मागणी प्रमाणे पुरेसे अनुदान मंजूर होणेस सविनय विनंती आहे.
A12: 6 | B12: 13- कार्यालयीन खर्च | C12: ='Page-4'!C196 -> 40775 | D12: ='Page-4'!D196 -> 32492 | E12: ='Page-4'!E196 -> 30533 | F12: ='Page-4'!F196 -> 94371 | G12: ='Page-4'!G196 -> 94981 | H12: 0 | I12: ='Page-4'!H196 -> 110181 | J12: 0 | K12: 0 | L12: 13-कार्यालयीन खर्च:-कार्यालयीन खर्चामध्ये होणारी दरवाढ, प्रलंबित देयके, स्टेशनरीमधील दरवाढ तसेच गतवर्षांत सातत्याने अत्यल्प अनुदान मंजूर होत असल्याने अंदाजपत्रकीय मागणीप्रमाणे अनुदान मंजूर होणेंस विनंती आहे. वित्तीय अधिकारी नियम पुस्तिकेतील सुधारीत वित्तीय नियमानुसार वित्तीय मर्यादेत वाढ झाल्याने वाढीव अनुदानाची आवश्यकता आहे.
A13: 7 | B13: 14-भाडेपट्टी व कर | C13: ='Page-4'!C197 -> 5835 | D13: ='Page-4'!D197 -> 3648 | E13: ='Page-4'!E197 -> 2163 | F13: ='Page-4'!F197 -> 14342 | G13: ='Page-4'!G197 -> 14347 | H13: 0 | I13: ='Page-4'!H197 -> 15400 | J13: 0 | K13: 0 | L13: 14-भाडेपट्टी व कर:- विभागीय आयुक्त कोकण विभाग यांचे अधिनस्त काही जिल्हाधिकारी व तहसिल कार्यालये ही भाडे‍ तत्वावर असल्याने तसेच भविष्यातील भाडेवाढ लक्षात घेता अधिनस्त जिल्हाधिकारी कार्यालयाकडील अंदाजपत्रकीय अनुदान मागणीनुसार अनुदान मंजूर होणेंस विनंती आहे.
A14: 8 | B14: 16- प्रकाशने | C14: ='Page-4'!C198 -> 0 | D14: ='Page-4'!D198 -> 0 | E14: ='Page-4'!E198 -> 0 | F14: ='Page-4'!F198 -> 800 | G14: ='Page-4'!G198 -> 800 | H14: 0 | I14: ='Page-4'!H198 -> 300 | J14: ='[1]Page 4'!J190 -> 0 | K14: ='[1]Page 4'!K190 -> 0 | L14: 16- प्रकाशने:- विभागीय आयुक्त कोकण विभाग यांचे अधिनस्त सर्व जिल्हाधिकारी व तहसिल कार्यालयांतील विविध प्रकारच्या छपाईची देयके अदा करण्याकरीता नवीन बाब निर्माण करण्यासाठी टोकन रक्कमेची आवश्यक आहे.
A15: 9 | B15: 17- संगणक खर्च | C15: ='Page-4'!C199 -> 33 | D15: ='Page-4'!D199 -> 44 | E15: ='Page-4'!E199 -> 101 | F15: ='Page-4'!F199 -> 16605 | G15: ='Page-4'!G199 -> 16610 | H15: 0 | I15: ='Page-4'!H199 -> 44540 | J15: 0 | K15: 0 | L15: 17-संगणक खर्च:- E-Office, कार्यालयीन कामकाजातील संगणकाचा वाढता वापर या पार्श्वभूमीवर संगणक खर्च अनुदानात वाढ होणे अत्यावश्यक आहे. संपूर्ण कोकण विभागातील 7 जिल्हयांतील कार्यालयास आवश्यक संगणक खर्चाकरिता वाढीव अनुदान मंजूर होणे आवश्यक आहे.
A16: 10 | B16: 20- इतर प्रशासकीय खर्च | C16: ='Page-4'!C200 -> 0 | D16: ='Page-4'!D200 -> 0 | E16: ='Page-4'!E200 -> 0 | F16: ='Page-4'!F200 -> 680 | G16: ='Page-4'!G200 -> 680 | H16: 0 | I16: ='Page-4'!H200 -> 680 | J16: ='[1]Page 4'!J192 -> 0 | K16: ='[1]Page 4'!K192 -> 0 | L16: 20- इतर प्रशासकीय खर्च:- विभागीय आयुक्त कोकण विभाग यांचे अधिनस्त सर्व जिल्हाधिकारी व तहसिलदार कार्यालयांत आयोजित विविध प्रकारच्या बैठका आयोजित केल्या जातात. त्यावेळी उपस्थितांकरीता चहा, नास्ता इत्यादी मागविण्यात येतो. सदर खर्चाची देयके अदा करण्याकरीता नवीन बाब निर्माण करण्यासाठी जिल्हाधिकारी कार्यालयांचे मागणीनुसार अनुदान मंजूर होणेंस विनंती आहे.
A17: 11 | B17: 24- इंधन खर्च | C17: ='Page-4'!C201 -> 5221 | D17: ='Page-4'!D201 -> 4880 | E17: ='Page-4'!E201 -> 5291 | F17: ='Page-4'!F201 -> 29713 | G17: ='Page-4'!G201 -> 30000 | H17: 0 | I17: ='Page-4'!H201 -> 30350 | J17: 0 | K17: 0 | L17: 24-इंधन खर्च:- (1)लेखाशिर्ष 20530028 अंतर्गत जिल्हा प्रशासन तसेच तहसिलदार यांची एकूण 65 वाहनांची इंधन देयके अदा केली जातात. सबब एकूण 65 वाहनांकरीता 297 लाख एवढे अनुदान आवश्यक आहे. (2)कृपया वाढीव इंधन दराच्या पार्श्वभूमीवर वाढीव अनुदान प्राप्त होणेंस विनंती आहे.
A18: 12 | B18: 26- जाहीरात व प्रसिध्दी खर्च | C18: ='Page-4'!C202 -> 0 | D18: ='Page-4'!D202 -> 1121 | E18: ='Page-4'!E202 -> 564 | F18: ='Page-4'!F202 -> 17195 | G18: ='Page-4'!G202 -> 17195 | H18: 0 | I18: ='Page-4'!H202 -> 17402 | J18: 0 | K18: 0 | L18: 26-जाहीरात व प्रसिध्दी खर्च:- जिल्हाधिकारी कार्यालयांचे आवश्यकतेप्रमाणे अनुदान मंजूर होणेंस विनंती आहे.
A19: 13 | B19: 36- लहान बांधकाम | C19: ='Page-4'!C203 -> 0 | D19: ='Page-4'!D203 -> 0 | E19: ='Page-4'!E203 -> 0 | F19: ='Page-4'!F203 -> 1280 | G19: ='Page-4'!G203 -> 1280 | H19: 0 | I19: ='Page-4'!H203 -> 1280 | J19: 0 | K19: 0 | L19: 36-लहान बांधकाम:-जिल्हाधिकारी कार्यालय मुंबई शहरशी संबंधित प्रस्तावित लहान बांधकामाचे कामकाजाकरीता रु. 12.80 लाखाची अंदाजित तरतूद करण्यात आली आहे.
A20: 14 | B20: 50-इतर खर्च | C20: ='Page-4'!C204 -> 0 | D20: ='Page-4'!D204 -> 0 | E20: ='Page-4'!E204 -> 0 | F20: ='Page-4'!F204 -> 4550 | G20: ='Page-4'!G204 -> 4550 | H20: 0 | I20: ='Page-4'!H204 -> 30250 | J20: 0 | K20: 0 | L20: 50-इतर खर्च:- विभागीय आयुक्त कार्यालयाचे सादर अंदाजपत्रकामध्ये नमूद बाबींव्यतिरिक्त विभागीय आयुक्त यांचे अधिनस्त जिल्हाधिकारी व तहसिलदार कार्यालयांत करण्यात येणा-या खर्चाकरीता नवीन बाब निर्माण करण्यासाठी जिल्हाधिकारी कार्यालयांचे आवश्यकतेप्रमाणे अनुदान मंजूर होणेंस विनंती आहे.
A21: 15 | B21: 51- मोटार वाहने | C21: ='Page-4'!C205 -> 261 | D21: ='Page-4'!D205 -> 109 | E21: ='Page-4'!E205 -> 302 | F21: ='Page-4'!F205 -> 5960 | G21: ='Page-4'!G205 -> 6060 | H21: 0 | I21: ='Page-4'!H205 -> 7870 | J21: 0 | K21: 0 | L21: 51-मोटार वाहने:- जिल्हाधिकारी कार्यालयांचे मागणीनुसार वाहन दुरुस्ती व देखभालकरीता अनुदान मंजूर होणेंस विनंती आहे.
A22: -- | B22: एकूण | C22: =SUM(C7:C21) -> 1136956 | D22: =SUM(D7:D21) -> 1352768 | E22: =SUM(E7:E21) -> 1417431 | F22: =SUM(F7:F21) -> 2766673 | G22: =SUM(G7:G21) -> 2787951 | H22: =SUM(H7:H21) -> 0 | I22: =SUM(I7:I21) -> 3051945 | J22: =SUM(J7:J21) -> 0 | K22: =SUM(K7:K21) -> 0 | L22: --
J27: सहायक संचालक (लेखा) कोकण विभाग

Sheet Distrs.wise Abstract
A1: अर्थसंकल्पीय अंदाजपत्रक सन 2025-2026 (जिल्हानिहाय)
A2: मागणी क्र.सी-1- लेखाशिर्ष : 20530028
A3: (आकडे हजारात)
A4: अ. क्र. | B4: उपलेखाशिर्ष | C4: मुंबई शहर | D4: मुंबई उपनगर | E4: ठाणे | F4: पालघर | G4: रायगड | H4: रत्नागिरी | I4: सिंधुदुर्ग | J4: एकूण
A5: 1 | B5: 01- वेतन | C5: ='Page-4'!H7 -> 221383 | D5: ='Page-4'!H30 -> 292560 | E5: ='Page-4'!H53 -> 311464 | F5: ='Page-4'!H76 -> 487692 | G5: ='Page-4'!H99 -> 612773 | H5: ='Page-4'!H122 -> 490948 | I5: ='Page-4'!H145 -> 268170 | J5: =C5+D5+E5+F5+G5+H5+I5 -> 2684990
A6: 2 | B6: 03- अति.भत्ता | C6: ='Page-4'!H8 -> 400 | D6: ='Page-4'!H31 -> 370 | E6: ='Page-4'!H54 -> 300 | F6: ='Page-4'!H77 -> 800 | G6: ='Page-4'!H100 -> 1800 | H6: ='Page-4'!H123 -> 1270 | I6: ='Page-4'!H146 -> 700 | J6: =C6+D6+E6+F6+G6+H6+I6 -> 5640
A7: 3 | B7: 06- दूरध्वनी, वीज, पाणी व शुल्क | C7: ='Page-4'!H9 -> 12922 | D7: ='Page-4'!H32 -> 7500 | E7: ='Page-4'!H55 -> 12500 | F7: ='Page-4'!H78 -> 10000 | G7: ='Page-4'!H101 -> 15600 | H7: ='Page-4'!H124 -> 10300 | I7: ='Page-4'!H147 -> 7000 | J7: =C7+D7+E7+F7+G7+H7+I7 -> 75822
A8: 4 | B8: 10- कंत्राटी सेवा | C8: ='Page-4'!H10 -> 420 | D8: ='Page-4'!H33 -> 500 | E8: ='Page-4'!H56 -> 1700 | F8: ='Page-4'!H79 -> 450 | G8: ='Page-4'!H102 -> 420 | H8: ='Page-4'!H125 -> 3800 | I8: ='Page-4'!H148 -> 480 | J8: =C8+D8+E8+F8+G8+H8+I8 -> 7770
A9: 5 | B9: 11- देशांतर्गत प्रवास खर्च | C9: ='Page-4'!H11 -> 700 | D9: ='Page-4'!H34 -> 1000 | E9: ='Page-4'!H57 -> 1200 | F9: ='Page-4'!H80 -> 4000 | G9: ='Page-4'!H103 -> 6000 | H9: ='Page-4'!H126 -> 4570 | I9: ='Page-4'!H149 -> 2000 | J9: =C9+D9+E9+F9+G9+H9+I9 -> 19470
A10: 6 | B10: 13- कार्यालयीन खर्च | C10: ='Page-4'!H12 -> 9081 | D10: ='Page-4'!H35 -> 20000 | E10: ='Page-4'!H58 -> 9600 | F10: ='Page-4'!H81 -> 10000 | G10: ='Page-4'!H104 -> 40000 | H10: ='Page-4'!H127 -> 12500 | I10: ='Page-4'!H150 -> 9000 | J10: =C10+D10+E10+F10+G10+H10+I10 -> 110181
A11: 7 | B11: 14- भाडेपट्टी व कर | C11: ='Page-4'!H13 -> 0 | D11: ='Page-4'!H36 -> 0 | E11: ='Page-4'!H59 -> 500 | F11: ='Page-4'!H82 -> 7500 | G11: ='Page-4'!H105 -> 4200 | H11: ='Page-4'!H128 -> 2350 | I11: ='Page-4'!H151 -> 850 | J11: =C11+D11+E11+F11+G11+H11+I11 -> 15400
A12: 8 | B12: 16- प्रकाशने | C12: ='Page-4'!H14 -> 0 | D12: ='Page-4'!H37 -> 0 | E12: ='Page-4'!H60 -> 0 | F12: ='Page-4'!H83 -> 0 | G12: ='Page-4'!H106 -> 0 | H12: ='Page-4'!H129 -> 300 | I12: ='Page-4'!H152 -> 0 | J12: =C12+D12+E12+F12+G12+H12+I12 -> 300
A13: 9 | B13: 17- संगणक खर्च | C13: ='Page-4'!H15 -> 4500 | D13: ='Page-4'!H38 -> 1000 | E13: ='Page-4'!H61 -> 2000 | F13: ='Page-4'!H84 -> 2000 | G13: ='Page-4'!H107 -> 2400 | H13: ='Page-4'!H130 -> 31840 | I13: ='Page-4'!H153 -> 800 | J13: =C13+D13+E13+F13+G13+H13+I13 -> 44540
A14: 10 | B14: 20- इतर प्रशासकीय खर्च | C14: ='Page-4'!H16 -> 680 | D14: ='Page-4'!H39 -> 0 | E14: ='Page-4'!H62 -> 0 | F14: ='Page-4'!H85 -> 0 | G14: ='Page-4'!H108 -> 0 | H14: ='Page-4'!H131 -> 0 | I14: ='Page-4'!H154 -> 0 | J14: =C14+D14+E14+F14+G14+H14+I14 -> 680
A15: 11 | B15: 24- इंधन खर्च | C15: ='Page-4'!H17 -> 3050 | D15: ='Page-4'!H40 -> 1000 | E15: ='Page-4'!H63 -> 1600 | F15: ='Page-4'!H86 -> 5000 | G15: ='Page-4'!H109 -> 14400 | H15: ='Page-4'!H132 -> 3300 | I15: ='Page-4'!H155 -> 2000 | J15: =C15+D15+E15+F15+G15+H15+I15 -> 30350
A16: 12 | B16: 26- जाहीरात व प्रसिध्दी खर्च | C16: ='Page-4'!H18 -> 1080 | D16: ='Page-4'!H41 -> 670 | E16: ='Page-4'!H64 -> 8500 | F16: ='Page-4'!H87 -> 2500 | G16: ='Page-4'!H110 -> 1800 | H16: ='Page-4'!H133 -> 1852 | I16: ='Page-4'!H156 -> 1000 | J16: =C16+D16+E16+F16+G16+H16+I16 -> 17402
... A19: 15 | B19: 51- मोटार वाहने | C19: ='Page-4'!H21 -> 0 | D19: ='Page-4'!H44 -> 0 | E19: ='Page-4'!H67 -> 1900 | F19: ='Page-4'!H90 -> 1000 | G19: ='Page-4'!H113 -> 2160 | H19: ='Page-4'!H136 -> 2810 | I19: ='Page-4'!H159 -> 0 | J19: =C19+D19+E19+F19+G19+H19+I19 -> 7870
A20: एकूण | C20: =C5+C6+C7+C9+C10+C11+C13+C14+C15+C16+C17+C18+C19 -> 255726 | D20: =D5+D6+D7+D9+D10+D11+D13+D14+D15+D16+D17+D18+D19 -> 324100 | E20: =E5+E6+E7+E9+E10+E11+E13+E14+E15+E16+E17+E18+E19 -> 349564 | F20: =F5+F6+F7+F9+F10+F11+F13+F14+F15+F16+F17+F18+F19 -> 530992 | G20: =G5+G6+G7+G9+G10+G11+G13+G14+G15+G16+G17+G18+G19 -> 702033 | H20: =H5+H6+H7+H9+H10+H11+H13+H14+H15+H16+H17+H18+H19 -> 589940 | I20: =I5+I6+I7+I9+I10+I11+I13+I14+I15+I16+I17+I18+I19 -> 291520 | J20: =C20+D20+E20+F20+G20+H20+I20 -> 3043875
J22: 2713607

Sheet Table-D
A2: जोडपत्र "ड"
A5: अर्थसंकल्पीय अंदाजपत्रक सन 2025-2026
A6: मागणी क्र.सी- 1- लेखाशिर्ष 20530028
A8: संवर्गनिहाय माहिती
A10: अ.क्र. | B10: संवर्ग | C10: मंजूर पदे | E10: भरलेली पदे | G10: रिक्त पदे | J10: संवर्ग | K10: मंजूर पदे
C11: स्थायी | D11: अस्थायी | E11: स्थायी | F11: अस्थायी | G11: स्थायी | H11: अस्थायी | K11: स्थायी | L11: अस्थायी
A12: 1 | B12: वर्ग-1 | C12: =E12+G12 -> 70 | D12: =F12+H12 -> 50 | E12: 67 | F12: 44 | G12: 3 | H12: 6 | J12: वर्ग-1 | K12: 59 | L12: 50 | M12: =K12+L12 -> 109 | N12: =C12+D12 -> 120
A13: 2 | B13: वर्ग-2 | C13: =E13+G13 -> 47 | D13: =F13+H13 -> 101 | E13: 44 | F13: 84 | G13: 3 | H13: 17 | J13: वर्ग-2 | K13: 58 | L13: 100 | M13: =K13+L13 -> 158 | N13: =C13+D13 -> 148
A14: 3 | B14: वर्ग-3 | C14: =E14+G14 -> 422 | D14: =F14+H14 -> 854 | E14: 343 | F14: 642 | G14: 79 | H14: 212 | J14: वर्ग-3 | K14: 422 | L14: 840 | M14: =K14+L14 -> 1262 | N14: =C14+D14 -> 1276
A15: 4 | B15: वर्ग-4 | C15: =E15+G15 -> 290 | D15: =F15+H15 -> 254 | E15: 204 | F15: 172 | G15: 86 | H15: 82 | J15: वर्ग-4 | K15: 295 | L15: 276 | M15: =K15+L15 -> 571 | N15: =C15+D15 -> 544
A16: -- | B16: एकूण | C16: =C12+C13+C14+C15 -> 829 | D16: =D12+D13+D14+D15 -> 1259 | E16: =E12+E13+E14+E15 -> 658 | F16: =F12+F13+F14+F15 -> 942 | G16: =G12+G13+G14+G15 -> 171 | H16: =H12+H13+H14+H15 -> 317 | J16: एकूण | K16: =K12+K13+K14+K15 -> 834 | L16: =L12+L13+L14+L15 -> 1266 | M16: =K16+L16 -> 2100 | N16: =N12+N13+N14+N15 -> 2088
E20: सहायक संचालक (लेखा) कोकण विभाग
