Workbook

Sheet 22353195
A1: अर्थसंकल्पीय अंदाजपत्रक सन 2026-2027
A2: कोकण विभाग | G2: (आकडे हजारात)
A3: अ. क्र | B3: लेखाशिर्ष | C3: प्रत्यक्ष रक्कमा (खर्च) | F3: अर्थसंकल्पीय अनुदान | G3: सुधारीत अनुदान मागणी | H3: अर्थसंकल्पीय अंदाजपत्रक
C4: 2022-23 | D4: 2023-24 | E4: 2024-25 | F4: 2025-26 | G4: 2025-26 | H4: 2026-27
A5: 1 | B5: 2 | C5: 3 | D5: 4 | E5: 5 | F5: 6 | G5: 7 | H5: 8
B6: मागणी क्र.सी-5, 2235, सामाजिक सुरक्षा व कल्याण 02, समाज कल्याण 104 वृद्ध, अपंग व निराश्रीतांचे कल्याण (00) (03) आत्महत्या केलेल्या शेतक-यांच्या वारसांना वित्तीय सहाय्य (अनिवार्य) 31, सहाय्यक अनुदाने (वेतनेत्तर) (दत्तमत) 22353195
A7: 1 | B7: ठाणे | C7: 100 | D7: 0 | E7: 0 | F7: 100 | G7: 100 | H7: 100
A8: 2 | B8: पालघर | C8: 0 | D8: 0 | E8: 0 | F8: 500 | G8: 0 | H8: 400
A9: 3 | B9: रायगड | C9: 0 | D9: 0 | E9: 0 | F9: 200 | G9: 200 | H9: 200
A10: 4 | B10: रत्नागिरी | C10: 0 | D10: 0 | E10: 0 | F10: 300 | G10: 0 | H10: 300
A11: 5 | B11: सिंधुदुर्ग | C11: 0 | D11: 0 | E11: 0 | F11: 100 | G11: 100 | H11: 100
B12: एकूण | C12: =SUM(C7:C11) -> 100 | D12: =SUM(D7:D11) -> 0 | E12: =SUM(E7:E11) -> 0 | F12: =SUM(F7:F11) -> 1200 | G12: =SUM(G7:G11) -> 400 | H12: =SUM(H7:H11) -> 1100
A18: =A1 -> अर्थसंकल्पीय अंदाजपत्रक सन 2026-2027
A19: =A2 -> कोकण विभाग | G19: =G2 -> (आकडे हजारात)
A20: =A3 -> अ. क्र | B20: =B3 -> लेखाशिर्ष | C20: =C3 -> प्रत्यक्ष रक्कमा (खर्च) | F20: =F3 -> अर्थसंकल्पीय अनुदान | G20: =G3 -> सुधारीत अनुदान मागणी | H20: =H3 -> अर्थसंकल्पीय अंदाजपत्रक
C21: =C4 -> 2022-23 | D21: =D4 -> 2023-24 | E21: =E4 -> 2024-25 | F21: =F4 -> 2025-26 | G21: =G4 -> 2025-26 | H21: =H4 -> 2026-27
A22: =A5 -> 1 | B22: =B5 -> 2 | C22: =C5 -> 3 | D22: =D5 -> 4 | E22: =E5 -> 5 | F22: =F5 -> 6 | G22: =G5 -> 7 | H22: =H5 -> 8
B23: मागणी क्र.सी-5, 2235, सामाजिक सुरक्षा व कल्याण 02, समाज कल्याण 104 वृद्ध, अपंग व निराश्रीतांचे कल्याण (00) (03) आत्महत्या केलेल्या शेतक-यांच्या वारसांना वित्तीय सहाय्य (अनिवार्य) 31, सहाय्यक अनुदाने (वेतनेत्तर) (दत्तमत) 22353195 | C23: =SUM(C12) -> 100 | D23: =SUM(D12) -> 0 | E23: =SUM(E12) -> 0 | F23: =SUM(F12) -> 1200 | G23: =SUM(G12) -> 400 | H23: =SUM(H12) -> 1100

Sheet 22350338
A1: ='22353195'!A1 -> अर्थसंकल्पीय अंदाजपत्रक सन 2026-2027
A2: ='22353195'!A2 -> कोकण विभाग | G2: ='22353195'!G2 -> (आकडे हजारात)
A3: ='22353195'!A3 -> अ. क्र | B3: ='22353195'!B3 -> लेखाशिर्ष | C3: ='22353195'!C3 -> प्रत्यक्ष रक्कमा (खर्च) | F3: ='22353195'!F3 -> अर्थसंकल्पीय अनुदान | G3: ='22353195'!G3 -> सुधारीत अनुदान मागणी | H3: ='22353195'!H3 -> अर्थसंकल्पीय अंदाजपत्रक
C4: ='22353195'!C4 -> 2022-23 | D4: ='22353195'!D4 -> 2023-24 | E4: ='22353195'!E4 -> 2024-25 | F4: ='22353195'!F4 -> 2025-26 | G4: ='22353195'!G4 -> 2025-26 | H4: ='22353195'!H4 -> 2026-27
A5: 1 | B5: 2 | C5: 3 | D5: 4 | E5: 5 | F5: 6 | G5: 7 | H5: 8
B6: मागणी क्र.सी-5, 2235 सामाजिक सुरक्षा कल्याण, 60 इतर सामाजिक सुरक्षा व कल्याण कार्यक्रम, 104 ठेव संलग्न विमा योजना, शासकीय भविष्य निर्वाह निधी (00)(00)(01) ठेव संलग्न विमा योजने खालील प्रदाने, 50 इतर खर्च (22350338)
A7: 1 | B7: विभागीय आयुक्त कोकण विभाग कार्यालय | C7: 60 | D7: 0 | E7: 0 | F7: 120 | G7: 120 | H7: 120
A8: 2 | B8: मुंबई शहर | C8: 60 | D8: 0 | E8: 0 | F8: 60 | G8: 60 | H8: 60
A9: 3 | B9: मुंबई उपनगर | C9: 120 | D9: 0 | E9: 60 | F9: 240 | G9: 240 | H9: 240
A10: 4 | B10: ठाणे | C10: 60 | D10: 0 | E10: 60 | F10: 300 | G10: 300 | H10: 300
A11: 5 | B11: पालघर | C11: 0 | D11: 0 | E11: 0 | F11: 120 | G11: 120 | H11: 120
A12: 6 | B12: रायगड | C12: 0 | D12: 0 | E12: 0 | F12: 120 | G12: 240 | H12: 300
A13: 7 | B13: रत्नागिरी | C13: 60 | D13: 0 | E13: 0 | F13: 180 | G13: 120 | H13: 120
A14: 8 | B14: सिंधुदुर्ग | C14: 0 | D14: 0 | E14: 0 | F14: 300 | G14: 300 | H14: 300
B15: कोकण विभाग (एकूण) | C15: =SUM(C7:C14) -> 360 | D15: =SUM(D7:D14) -> 0 | E15: =SUM(E7:E14) -> 120 | F15: =SUM(F7:F14) -> 1440 | G15: =SUM(G7:G14) -> 1500 | H15: =SUM(H7:H14) -> 1560
A21: ='22353195'!A1 -> अर्थसंकल्पीय अंदाजपत्रक सन 2026-2027
A22: ='22353195'!A2 -> कोकण विभाग | G22: ='22353195'!G2 -> (आकडे हजारात)
A23: ='22353195'!A3 -> अ. क्र | B23: ='22353195'!B3 -> लेखाशिर्ष | C23: ='22353195'!C3 -> प्रत्यक्ष रक्कमा (खर्च) | F23: ='22353195'!F3 -> अर्थसंकल्पीय अनुदान | G23: ='22353195'!G3 -> सुधारीत अनुदान मागणी | H23: ='22353195'!H3 -> अर्थसंकल्पीय अंदाजपत्रक
C24: ='22353195'!C4 -> 2022-23 | D24: ='22353195'!D4 -> 2023-24 | E24: ='22353195'!E4 -> 2024-25 | F24: ='22353195'!F4 -> 2025-26 | G24: ='22353195'!G4 -> 2025-26 | H24: ='22353195'!H4 -> 2026-27
A25: 1 | B25: 2 | C25: 3 | D25: 4 | E25: 5 | F25: 6 | G25: 7 | H25: 8
B26: मागणी क्र.सी-5, 2235 सामाजिक सुरक्षा कल्याण, 60 इतर सामाजिक सुरक्षा व कल्याण कार्यक्रम, 104 ठेव संलग्न विमा योजना, शासकीय भविष्य निर्वाह निधी (00)(00)(01) ठेव संलग्न विमा योजने खालील प्रदाने, 50 इतर खर्च (22350338) | C26: =SUM(C15) -> 360 | D26: =SUM(D15) -> 0 | E26: =SUM(E15) -> 120 | F26: =SUM(F15) -> 1440 | G26: =SUM(G15) -> 1500 | H26: =SUM(H15) -> 1560

Sheet 22350311
A1: ='22353195'!A1 -> अर्थसंकल्पीय अंदाजपत्रक सन 2026-2027
A2: ='22353195'!A2 -> कोकण विभाग | G2: ='22353195'!G2 -> (आकडे हजारात)
A3: ='22353195'!A3 -> अ. क्र | B3: ='22353195'!B3 -> लेखाशिर्ष | C3: ='22353195'!C3 -> प्रत्यक्ष रक्कमा (खर्च) | F3: ='22353195'!F3 -> अर्थसंकल्पीय अनुदान | G3: ='22353195'!G3 -> सुधारीत अनुदान मागणी | H3: ='22353195'!H3 -> अर्थसंकल्पीय अंदाजपत्रक
C4: ='22353195'!C4 -> 2022-23 | D4: ='22353195'!D4 -> 2023-24 | E4: ='22353195'!E4 -> 2024-25 | F4: ='22353195'!F4 -> 2025-26 | G4: ='22353195'!G4 -> 2025-26 | H4: ='22353195'!H4 -> 2026-27
A5: 1 | B5: 2 | C5: 3 | D5: 4 | E5: 5 | F5: 6 | G5: 7 | H5: 8
B6: मागणी क्र.सी-5, प्रधान लेखाशीर्ष 2235, 02, समाज कल्याण, 104, वृद्ध विकलांग व निराश्रीत व्यक्तींचे कल्याण (00)(01) आपघातग्रस्ताना आर्थिक मदत (अनिवार्य), 31, सहाय्यक अनुदाने (22350311)
A7: 1 | B7: मुंबई शहर | C7: 0 | D7: 0 | E7: 0 | F7: 0 | G7: 0 | H7: 0
A8: 2 | B8: मुंबई उपनगर | C8: 0 | D8: 0 | E8: 0 | F8: 1000 | G8: 1 | H8: 1
A9: 3 | B9: ठाणे | C9: 0 | D9: 0 | E9: 0 | F9: 0 | G9: 0 | H9: 0
A10: 4 | B10: पालघर | C10: 0 | D10: 0 | E10: 0 | F10: 400 | G10: 0 | H10: 400
A11: 5 | B11: रायगड | C11: 0 | D11: 6548 | E11: 0 | F11: 200 | G11: 0 | H11: 200
A12: 6 | B12: रत्नागिरी | C12: 0 | D12: 0 | E12: 0 | F12: 200 | G12: 0 | H12: 200
A13: 7 | B13: सिंधुदुर्ग | C13: 0 | D13: 0 | E13: 0 | F13: 0 | G13: 100 | H13: 100
B14: कोकण विभाग (एकूण) | C14: =SUM(C7:C13) -> 0 | D14: =SUM(D7:D13) -> 6548 | E14: =SUM(E7:E13) -> 0 | F14: =SUM(F7:F13) -> 1800 | G14: =SUM(G7:G13) -> 101 | H14: =SUM(H7:H13) -> 901
A20: ='22353195'!A1 -> अर्थसंकल्पीय अंदाजपत्रक सन 2026-2027
A21: ='22353195'!A2 -> कोकण विभाग | G21: ='22353195'!G2 -> (आकडे हजारात)
A22: ='22353195'!A3 -> अ. क्र | B22: ='22353195'!B3 -> लेखाशिर्ष | C22: ='22353195'!C3 -> प्रत्यक्ष रक्कमा (खर्च) | F22: ='22353195'!F3 -> अर्थसंकल्पीय अनुदान | G22: ='22353195'!G3 -> सुधारीत अनुदान मागणी | H22: ='22353195'!H3 -> अर्थसंकल्पीय अंदाजपत्रक
C23: ='22353195'!C4 -> 2022-23 | D23: ='22353195'!D4 -> 2023-24 | E23: ='22353195'!E4 -> 2024-25 | F23: ='22353195'!F4 -> 2025-26 | G23: ='22353195'!G4 -> 2025-26 | H23: ='22353195'!H4 -> 2026-27
A24: 1 | B24: 2 | C24: 3 | D24: 4 | E24: 5 | F24: 6 | G24: 7 | H24: 8
B25: मागणी क्र.सी-5, प्रधान लेखाशीर्ष 2235, 02, समाज कल्याण, 104, वृद्ध विकलांग व निराश्रीत व्यक्तींचे कल्याण (00)(01) आपघातग्रस्ताना आर्थिक मदत (अनिवार्य), 31, सहाय्यक अनुदाने (22350311) | C25: =SUM(C14) -> 0 | D25: =SUM(D14) -> 6548 | E25: =SUM(E14) -> 0 | F25: =SUM(F14) -> 1800 | G25: =SUM(G14) -> 101 | H25: =SUM(H14) -> 901

Sheet 22353408
A1: ='22353195'!A1 -> अर्थसंकल्पीय अंदाजपत्रक सन 2026-2027
A2: ='22353195'!A2 -> कोकण विभाग | G2: ='22353195'!G2 -> (आकडे हजारात)
A3: ='22353195'!A3 -> अ. क्र | B3: ='22353195'!B3 -> लेखाशिर्ष | C3: ='22353195'!C3 -> प्रत्यक्ष रक्कमा (खर्च) | F3: ='22353195'!F3 -> अर्थसंकल्पीय अनुदान | G3: ='22353195'!G3 -> सुधारीत अनुदान मागणी | H3: ='22353195'!H3 -> अर्थसंकल्पीय अंदाजपत्रक
C4: ='22353195'!C4 -> 2022-23 | D4: ='22353195'!D4 -> 2023-24 | E4: ='22353195'!E4 -> 2024-25 | F4: ='22353195'!F4 -> 2025-26 | G4: ='22353195'!G4 -> 2025-26 | H4: ='22353195'!H4 -> 2026-27
A5: 1 | B5: 2 | C5: 3 | D5: 4 | E5: 5 | F5: 6 | G5: 7 | H5: 8
B6: मागणी क्र.सी-5, मुख्य लेखाशिर्ष-2235, सामाजिक सुरक्षा व कल्याण 02 समाज कल्याण 104 वृद्ध, अपंग व निराश्रीतांचे कल्याण (00) (04) मुक्त वेठबिगरांसाठी पुनर्वसन योजना (कार्यक्रम) (22353408) 31 सहाय्यक अनुदाने (वेतनेत्तर)
A7: 1 | B7: मुंबई शहर | C7: 0 | D7: 0 | E7: 0 | F7: 0 | G7: 0 | H7: 0
A8: 2 | B8: मुंबई उपनगर | C8: 0 | D8: 0 | E8: 300 | F8: 1000 | G8: 1 | H8: 1
A9: 3 | B9: ठाणे | C9: 0 | D9: 0 | E9: 0 | F9: 0 | G9: 0 | H9: 0
A10: 4 | B10: पालघर | C10: 0 | D10: 0 | E10: 0 | F10: 0 | G10: 0 | H10: 0
A11: 5 | B11: रायगड | C11: 0 | D11: 0 | E11: 0 | F11: 0 | G11: 0 | H11: 0
A12: 6 | B12: रत्नागिरी | C12: 0 | D12: 0 | E12: 0 | F12: 0 | G12: 0 | H12: 0
A13: 7 | B13: सिंधुदुर्ग | C13: 0 | D13: 0 | E13: 0 | F13: 0 | G13: 0 | H13: 0
B14: कोकण विभाग (एकूण) | C14: =SUM(C7:C13) -> 0 | D14: =SUM(D7:D13) -> 0 | E14: =SUM(E7:E13) -> 300 | F14: =SUM(F7:F13) -> 1000 | G14: =SUM(G7:G13) -> 1 | H14: =SUM(H7:H13) -> 1
G17: (व्हि.एम.गाडे)
G18: सहाय्यक संचालक(लेखा)
G19: कोकण विभाग
A20: ='22353195'!A1 -> अर्थसंकल्पीय अंदाजपत्रक सन 2026-2027
A21: ='22353195'!A2 -> कोकण विभाग | G21: ='22353195'!G2 -> (आकडे हजारात)
A22: ='22353195'!A3 -> अ. क्र | B22: ='22353195'!B3 -> लेखाशिर्ष | C22: ='22353195'!C3 -> प्रत्यक्ष रक्कमा (खर्च) | F22: ='22353195'!F3 -> अर्थसंकल्पीय अनुदान | G22: ='22353195'!G3 -> सुधारीत अनुदान मागणी | H22: ='22353195'!H3 -> अर्थसंकल्पीय अंदाजपत्रक
C23: ='22353195'!C4 -> 2022-23 | D23: ='22353195'!D4 -> 2023-24 | E23: ='22353195'!E4 -> 2024-25 | F23: ='22353195'!F4 -> 2025-26 | G23: ='22353195'!G4 -> 2025-26 | H23: ='22353195'!H4 -> 2026-27
A24: 1 | B24: 2 | C24: 3 | D24: 4 | E24: 5 | F24: 6 | G24: 7 | H24: 8
B25: =$B$6 -> मागणी क्र.सी-5, मुख्य लेखाशिर्ष-2235, सामाजिक सुरक्षा व कल्याण 02 समाज कल्याण 104 वृद्ध, अपंग व निराश्रीतांचे कल्याण (00) (04) मुक्त वेठबिगरांसाठी पुनर्वसन योजना (कार्यक्रम) (22353408) 31 सहाय्यक अनुदाने (वेतनेत्तर) | C25: =SUM(C14) -> 0 | D25: =SUM(D14) -> 0 | E25: =SUM(E14) -> 300 | F25: =SUM(F14) -> 1000 | G25: =SUM(G14) -> 1 | H25: =SUM(H14) -> 1
G28: (व्हि.एम.गाडे)
G29: सहाय्यक संचालक(लेखा)
G30: कोकण विभाग
