Workbook

Sheet Page 1
A1: प्रपत्र - ड - अर्थसंकल्पीय अंदाजपत्रक सन 2021-2022
A2: मागणी क्र.सी- 1- लेखाशिर्ष 2029 0046
A3: जिल्हा मुंबई शहर | O3: (आकडे हजारात)
A4: अ क्र | B4: वर्ग | C4: पद | D4: मंजूर पदे | E4: मंजूर पदे | F4: विशेष वेतन | G4: मुळ वेतन | H4: ग्रेड वेतन | I4: एकूण | J4: महागाई भत्ता 25% | K4: स्थानिक पुरक भत्ता | L4: घर भाडे भत्ता | M4: वाहन भत्ता | N4: धूलाई भत्ता | O4: रोख भत्ता | P4: चप्पल भत्ता/ इतर | Q4: एकूण
D5: 2020-2021 | E5: 2021-2022
C6: स्थायी
A7: 1 | B7: वर्ग-1 व 2 | C7: उप जिल्हाधिकारी/ वि.भू.अधि. | D7: 0 | E7: 0 | F7: 0 | G7: 0 | H7: 0 | I7: =SUM(G7:H7) -> 0 | J7: =ROUND(I7*1.6,0) -> 0 | K7: 0 | L7: 0 | M7: 0 | N7: 0 | O7: 0 | P7: 0 | Q7: =SUM(I7:P7)+F7 -> 0
C8: एकूण वर्ग 1 2 | D8: =SUM(D7) -> 0 | E8: =SUM(E7) -> 0 | F8: =SUM(F7) -> 0 | G8: =SUM(G7) -> 0 | H8: =SUM(H7) -> 0 | I8: =SUM(I7) -> 0 | J8: =SUM(J7) -> 0 | K8: =SUM(K7) -> 0 | ... Q8: =SUM(Q7) -> 0
A9: 2 | B9: वर्ग-3 | C9: अव्वल कारकून | D9: 0 | E9: 0 | F9: 0 | G9: 0 | H9: 0 | I9: =SUM(G9:H9) -> 0 | J9: =ROUND(I9*1.6,0) -> 0 | K9: 0 | L9: 0 | M9: 0 | N9: 0 | O9: 0 | P9: 0 | Q9: =SUM(I9:P9)+F9 -> 0
C10: लिपिक | D10: 0 | E10: 0 | F10: 0 | G10: 0 | H10: 0 | I10: =SUM(G10:H10) -> 0 | J10: =ROUND(I10*1.6,0) -> 0 | K10: 0 | L10: 0 | M10: 0 | N10: 0 | O10: 0 | P10: 0 | Q10: =SUM(I10:P10)+F10 -> 0
C11: आरेखक | D11: 0 | E11: 0 | F11: 0 | G11: 0 | H11: 0 | I11: =SUM(G11:H11) -> 0 | J11: =ROUND(I11*1.6,0) -> 0 | K11: 0 | L11: 0 | M11: 0 | N11: 0 | O11: 0 | P11: 0 | Q11: =SUM(I11:P11)+F11 -> 0
C12: एकूण वर्ग 3 | D12: =SUM(D9:D11) -> 0 | E12: =SUM(E9:E11) -> 0 | F12: =SUM(F9:F11) -> 0 | G12: =SUM(G9:G11) -> 0 | H12: =SUM(H9:H11) -> 0 | I12: =SUM(I9:I11) -> 0 | J12: =ROUND(I12*1.6,0) -> 0 | K12: =SUM(K9:K11) -> 0 | L12: =SUM(L9:L11) -> 0 | M12: =SUM(M9:M11) -> 0 | N12: =SUM(N9:N11) -> 0 | O12: =SUM(O9:O11) -> 0 | P12: =SUM(P9:P11) -> 0 | Q12: =SUM(Q9:Q11) -> 0
A13: 3 | B13: वर्ग-4 | C13: नोटीस वाहक | D13: 0 | E13: 0 | F13: 0 | G13: 0 | H13: 0 | I13: =SUM(G13:H13) -> 0 | J13: =ROUND(I13*1.6,0) -> 0 | K13: 0 | L13: 0 | M13: 0 | N13: 0 | O13: 0 | P13: 0 | Q13: =SUM(I13:P13)+F13 -> 0
C14: शिपाई | D14: 0 | E14: 0 | F14: 0 | G14: 0 | H14: 0 | I14: =SUM(G14:H14) -> 0 | J14: =ROUND(I14*1.6,0) -> 0 | K14: 0 | L14: 0 | M14: 0 | N14: 0 | O14: 0 | P14: 0 | Q14: =SUM(I14:P14)+F14 -> 0
C15: एकूण वर्ग 4 | D15: =SUM(D13:D14) -> 0 | E15: =SUM(E13:E14) -> 0 | F15: =SUM(F13:F14) -> 0 | G15: =SUM(G13:G14) -> 0 | H15: =SUM(H13:H14) -> 0 | I15: =SUM(I13:I14) -> 0 | J15: =SUM(J13:J14) -> 0 | K15: =SUM(K13:K14) -> 0 | ... Q15: =SUM(Q13:Q14) -> 0
C16: एकूण वर्ग 1 2 3 4 | D16: =SUM(D15,D12,D8) -> 0 | E16: =SUM(E15,E12,E8) -> 0 | F16: =SUM(F15,F12,F8) -> 0 | G16: =SUM(G15,G12,G8) -> 0 | H16: =SUM(H15,H12,H8) -> 0 | I16: =SUM(I15,I12,I8) -> 0 | J16: =SUM(J15,J12,J8) -> 0 | K16: =SUM(K15,K12,K8) -> 0 | ... Q16: =SUM(Q15,Q12,Q8) -> 0
A18: अ क | B18: वर्ग | C18: पद | D18: =D4 -> मंजूर पदे | E18: =E4 -> मंजूर पदे | F18: =F4 -> विशेष वेतन | G18: =G4 -> मुळ वेतन | H18: =H4 -> ग्रेड वेतन | I18: =I4 -> एकूण | J18: =J4 -> महागाई भत्ता 25% | K18: स्थानिक पुरक भत्ता | L18: घर भाडे भत्ता | M18: वाहन भत्ता | N18: धूलाई भत्ता | O18: रोख भत्ता | P18: चप्पल भत्ता/ इतर | Q18: एकूण
D19: =D5 -> 2020-2021 | E19: =E5 -> 2021-2022
C20: अस्थायी
A21: 1 | B21: वर्ग-1 व 2 | C21: उप जिल्हाधिकारी/वि.भू.अधि | D21: 0 | E21: 0 | F21: 0 | G21: 0 | H21: 0 | I21: =SUM(G21:H21) -> 0 | J21: =ROUND(I21*1.6,0) -> 0 | K21: 0 | L21: 0 | M21: 0 | N21: 0 | O21: 0 | P21: 0 | Q21: =SUM(I21:P21)+F21 -> 0
C22: नगर रचनाकार | D22: 1 | E22: 1 | F22: 0 | G22: 673 | H22: 0 | I22: =SUM(G22:H22) -> 673 | J22: =ROUND(I22*0.25,0) -> 168 | K22: 4 | L22: 182 | M22: 29 | N22: 0 | O22: 0 | P22: 0 | Q22: =SUM(I22:P22)+F22 -> 1056
C23: सहाय्यक नगर रचनाकार | D23: 0 | E23: 0 | F23: 0 | G23: 0 | H23: 0 | I23: =SUM(G23:H23) -> 0 | J23: =ROUND(I23*1.6,0) -> 0 | K23: 0 | L23: 0 | M23: 0 | N23: 0 | O23: 0 | P23: 0 | Q23: =SUM(I23:P23)+F23 -> 0
C24: एकूण वर्ग 1 व 2 | D24: =SUM(D21:D23) -> 1 | E24: =SUM(E21:E23) -> 1 | F24: =SUM(F21:F23) -> 0 | G24: =SUM(G21:G23) -> 673 | H24: =SUM(H21:H23) -> 0 | I24: =SUM(I21:I23) -> 673 | J24: =SUM(J21:J23) -> 168 | K24: =SUM(K21:K23) -> 4 | ... Q24: =SUM(Q21:Q23) -> 1056
A25: 2 | B25: वर्ग-3 | C25: अव्वल कारकून | D25: 0 | E25: 0 | F25: 0 | G25: 0 | H25: 0 | I25: =SUM(G25:H25) -> 0 | J25: =ROUND(I25*1.6,0) -> 0 | K25: 0 | L25: 0 | M25: 0 | N25: 0 | O25: 0 | P25: 0 | Q25: =SUM(I25:P25)+F25 -> 0
C26: मंडळ अधिकारी | D26: 0 | E26: 0 | F26: 0 | G26: 0 | H26: 0 | I26: =SUM(G26:H26) -> 0 | J26: =ROUND(I26*1.6,0) -> 0 | K26: 0 | L26: 0 | M26: 0 | N26: 0 | O26: 0 | P26: 0 | Q26: =SUM(I26:P26)+F26 -> 0
C27: लिपिक | D27: 1 | E27: 1 | F27: 0 | G27: 487 | H27: 0 | I27: =SUM(G27:H27) -> 487 | J27: =ROUND(I27*0.25,0) -> 122 | K27: 2 | L27: 131 | M27: 5 | N27: 0 | O27: 0 | P27: 0 | Q27: =SUM(I27:P27)+F27 -> 747
C28: वाहन चालक | D28: 0 | E28: 0 | F28: 0 | G28: 0 | H28: 0 | I28: =SUM(G28:H28) -> 0 | J28: =ROUND(I28*1.6,0) -> 0 | K28: 0 | L28: 0 | M28: 0 | N28: 0 | O28: 0 | P28: 0 | Q28: =SUM(I28:P28)+F28 -> 0
C29: एकूण वर्ग 3 | D29: =SUM(D25:D28) -> 1 | E29: =SUM(E25:E28) -> 1 | F29: =SUM(F25:F28) -> 0 | G29: =SUM(G25:G28) -> 487 | H29: =SUM(H25:H28) -> 0 | I29: =SUM(I25:I28) -> 487 | J29: =SUM(J25:J28) -> 122 | K29: =SUM(K25:K28) -> 2 | ... Q29: =SUM(Q25:Q28) -> 747
A30: 3 | B30: वर्ग-4 | C30: शिपाई | D30: 0 | E30: 0 | F30: 0 | G30: 0 | H30: 0 | I30: 0 | J30: =ROUND(I30*1.6,0) -> 0 | K30: 0 | L30: 0 | M30: 0 | N30: 0 | O30: 0 | P30: 0 | Q30: 0
C31: एकूण वर्ग 4 | D31: =SUM(D30) -> 0 | E31: =SUM(E30) -> 0 | F31: =SUM(F30) -> 0 | G31: =SUM(G30) -> 0 | H31: =SUM(H30) -> 0 | I31: =SUM(I30) -> 0 | J31: =SUM(J30) -> 0 | K31: =SUM(K30) -> 0 | ... Q31: =SUM(Q30) -> 0
C32: एकुण वर्ग 1 2 3 4 | D32: =SUM(D31,D29,D24) -> 2 | E32: =SUM(E31,E29,E24) -> 2 | F32: =SUM(F31,F29,F24) -> 0 | G32: =SUM(G31,G29,G24) -> 1160 | H32: =SUM(H31,H29,H24) -> 0 | I32: =SUM(I31,I29,I24) -> 1160 | J32: =SUM(J31,J29,J24) -> 290 | K32: =SUM(K31,K29,K24) -> 6 | ... Q32: =SUM(Q31,Q29,Q24) -> 1803
A34: =$A$1 -> प्रपत्र - ड - अर्थसंकल्पीय अंदाजपत्रक सन 2021-2022
A35: मागणी क्र.सी- 1- लेखाशिर्ष 2029 0046
A36: जिल्हा मुंबई उपनगर जिल्हा | O36: (आकडे हजारात)
A37: अ क्र | B37: वर्ग | C37: पद | D37: =D4 -> मंजूर पदे | E37: =E4 -> मंजूर पदे | F37: =F4 -> विशेष वेतन | G37: =G4 -> मुळ वेतन | H37: =H4 -> ग्रेड वेतन | I37: =I4 -> एकूण | J37: =J4 -> महागाई भत्ता 25% | K37: स्थानिक पुरक भत्ता | L37: घर भाडे भत्ता | M37: वाहन भत्ता | N37: धूलाई भत्ता | O37: रोख भत्ता | P37: चप्पल भत्ता/ इतर | Q37: एकूण
D38: =D5 -> 2020-2021 | E38: =E5 -> 2021-2022
C39: स्थायी
A40: 1 | B40: वर्ग-1 व 2 | C40: उप जिल्हाधिकारी/ वि.भू.अधि. | D40: 1 | E40: 1 | G40: 904 | H40: 0 | I40: =SUM(G40:H40) -> 904 | J40: =ROUND(I40*0.25,0) -> 226 | K40: 4 | L40: 244 | M40: 29 | N40: 0 | O40: 0 | P40: 0 | Q40: =SUM(I40:P40) -> 1407
C41: एकूण वर्ग 1 2 | D41: =SUM(D40) -> 1 | E41: =SUM(E40) -> 1 | F41: =SUM(F40) -> 0 | G41: =SUM(G40) -> 904 | H41: =SUM(H40) -> 0 | I41: =SUM(I40) -> 904 | J41: =SUM(J40) -> 226 | K41: =SUM(K40) -> 4 | ... Q41: =SUM(Q40) -> 1407
A42: 2 | B42: वर्ग-3 | C42: अव्वल कारकून | D42: 1 | E42: 1 | G42: 504 | H42: 0 | I42: =SUM(G42:H42) -> 504 | J42: =ROUND(I42*0.25,0) -> 126 | K42: 4 | L42: 136 | M42: 5 | N42: 0 | O42: 0 | P42: 0 | Q42: =SUM(I42:P42) -> 775
C43: लिपिक | D43: 2 | E43: 2 | G43: 567 | H43: 0 | I43: =SUM(G43:H43) -> 567 | J43: =ROUND(I43*0.25,0) -> 142 | K43: 5 | L43: 153 | M43: 10 | N43: 0 | O43: 0 | P43: 0 | Q43: =SUM(I43:P43) -> 877
C44: आरेखक | D44: 0 | E44: 0 | G44: 0 | H44: 0 | I44: =SUM(G44:H44) -> 0 | J44: =ROUND(I44*0.25,0) -> 0 | K44: 0 | L44: 0 | M44: 0 | N44: 0 | O44: 0 | P44: 0 | Q44: =SUM(I44:P44) -> 0
C45: एकूण वर्ग 3 | D45: =SUM(D42:D44) -> 3 | E45: =SUM(E42:E44) -> 3 | F45: =SUM(F42:F44) -> 0 | G45: =SUM(G42:G44) -> 1071 | H45: =SUM(H42:H44) -> 0 | I45: =SUM(I42:I44) -> 1071 | J45: =SUM(J42:J44) -> 268 | K45: =SUM(K42:K44) -> 9 | ... Q45: =SUM(Q42:Q44) -> 1652
A46: 3 | B46: वर्ग-4 | C46: नोटीस वाहक | D46: 1 | E46: 1 | G46: 280 | H46: 0 | I46: =SUM(G46:H46) -> 280 | J46: =ROUND(I46*0.25,0) -> 70 | K46: 2 | L46: 76 | M46: 5 | N46: 0 | O46: 0 | P46: 0 | Q46: =SUM(I46:P46) -> 433
C47: शिपाई | D47: 4 | E47: 4 | G47: 1200 | H47: 0 | I47: =SUM(G47:H47) -> 1200 | J47: =ROUND(I47*0.25,0) -> 300 | K47: 10 | L47: 324 | M47: 19 | N47: 2 | O47: 0 | P47: 0 | Q47: =SUM(I47:P47) -> 1855
C48: एकूण वर्ग 4 | D48: =SUM(D46:D47) -> 5 | E48: =SUM(E46:E47) -> 5 | F48: =SUM(F46:F47) -> 0 | G48: =SUM(G46:G47) -> 1480 | H48: =SUM(H46:H47) -> 0 | I48: =SUM(I46:I47) -> 1480 | J48: =SUM(J46:J47) -> 370 | K48: =SUM(K46:K47) -> 12 | ... Q48: =SUM(Q46:Q47) -> 2288
C49: एकूण वर्ग 1 2 3 4 | D49: =SUM(D48,D45,D41) -> 9 | E49: =SUM(E48,E45,E41) -> 9 | F49: =SUM(F48,F45,F41) -> 0 | G49: =SUM(G48,G45,G41) -> 3455 | H49: =SUM(H48,H45,H41) -> 0 | I49: =SUM(I48,I45,I41) -> 3455 | J49: =SUM(J48,J45,J41) -> 864 | K49: =SUM(K48,K45,K41) -> 25 | ... Q49: =SUM(Q48,Q45,Q41) -> 5347
A51: अ क्र | B51: वर्ग | C51: पद | D51: =D4 -> मंजूर पदे | E51: =E4 -> मंजूर पदे | F51: =F4 -> विशेष वेतन | G51: =G4 -> मुळ वेतन | H51: =H4 -> ग्रेड वेतन | I51: =I4 -> एकूण | J51: =J4 -> महागाई भत्ता 25% | K51: स्थानिक पुरक भत्ता | L51: घर भाडे भत्ता | M51: वाहन भत्ता | N51: धूलाई भत्ता | O51: रोख भत्ता | P51: चप्पल भत्ता/ इतर | Q51: एकूण
D52: =D5 -> 2020-2021 | E52: =E5 -> 2021-2022
C53: अस्थायी
A54: 1 | B54: वर्ग-1 व 2 | C54: उप जिल्हाधिकारी/वि.भू.अधि | D54: 1 | E54: 1 | G54: 800 | H54: 0 | I54: =SUM(G54:H54) -> 800 | J54: =ROUND(I54*0.25,0) -> 200 | K54: 4 | L54: 216 | M54: 29 | N54: 0 | O54: 0 | P54: 0 | Q54: =SUM(I54:P54) -> 1249
C55: नगर रचनाकार | D55: 0 | E55: 0 | G55: 0 | H55: 0 | I55: =SUM(G55:H55) -> 0 | J55: =ROUND(I55*0.25,0) -> 0 | K55: 0 | L55: 0 | M55: 0 | N55: 0 | O55: 0 | P55: 0 | Q55: =SUM(I55:P55) -> 0
C56: सहाय्यक नगर रचनाकार | D56: 0 | E56: 0 | G56: 0 | H56: 0 | I56: =SUM(G56:H56) -> 0 | J56: =ROUND(I56*0.25,0) -> 0 | K56: 0 | L56: 0 | M56: 0 | N56: 0 | O56: 0 | P56: 0 | Q56: =SUM(I56:P56) -> 0
C57: एकूण वर्ग 1 2 | D57: =SUM(D54:D56) -> 1 | E57: =SUM(E54:E56) -> 1 | F57: =SUM(F54:F56) -> 0 | G57: =SUM(G54:G56) -> 800 | H57: =SUM(H54:H56) -> 0 | I57: =SUM(I54:I56) -> 800 | J57: =SUM(J54:J56) -> 200 | K57: =SUM(K54:K56) -> 4 | ... Q57: =SUM(Q54:Q56) -> 1249
A58: 2 | B58: वर्ग-3 | C58: अव्वल कारकून | D58: 1 | E58: 1 | G58: 504 | H58: 0 | I58: =SUM(G58:H58) -> 504 | J58: =ROUND(I58*0.25,0) -> 126 | K58: 4 | L58: 136 | M58: 5 | N58: 0 | O58: 0 | P58: 0 | Q58: =SUM(I58:P58) -> 775
C59: मंडळ अधिकारी | D59: 0 | E59: 0 | G59: 0 | H59: 0 | I59: =SUM(G59:H59) -> 0 | J59: =ROUND(I59*0.25,0) -> 0 | K59: 0 | L59: 0 | M59: 0 | N59: 0 | O59: 0 | P59: 0 | Q59: =SUM(I59:P59) -> 0
C60: लिपिक | D60: 3 | E60: 3 | G60: 1044 | H60: 0 | I60: =SUM(G60:H60) -> 1044 | J60: =ROUND(I60*0.25,0) -> 261 | K60: 8 | L60: 282 | M60: 14 | N60: 0 | O60: 0 | P60: 0 | Q60: =SUM(I60:P60)+F60 -> 1609
C61: वाहन चालक | D61: 0 | E61: 0 | G61: 0 | H61: 0 | I61: =SUM(G61:H61) -> 0 | J61: =ROUND(I61*0.25,0) -> 0 | K61: 0 | L61: 0 | M61: 0 | N61: 0 | O61: 0 | P61: 0 | Q61: =SUM(I61:P61) -> 0
C62: एकूण वर्ग 3 | D62: =SUM(D58:D61) -> 4 | E62: =SUM(E58:E61) -> 4 | F62: =SUM(F58:F61) -> 0 | G62: =SUM(G58:G61) -> 1548 | H62: =SUM(H58:H61) -> 0 | I62: =SUM(I58:I61) -> 1548 | J62: =SUM(J58:J61) -> 387 | K62: =SUM(K58:K61) -> 12 | ... Q62: =SUM(Q58:Q61) -> 2384
A63: 3 | B63: वर्ग-4 | C63: शिपाई | D63: 1 | E63: 1 | G63: 280 | H63: 0 | I63: =SUM(G63:H63) -> 280 | J63: =ROUND(I63*0.25,0) -> 70 | K63: 2 | L63: 76 | M63: 5 | N63: 1 | O63: 0 | P63: 0 | Q63: =SUM(I63:P63) -> 434
C64: एकूण वर्ग 4 | D64: =SUM(D63) -> 1 | E64: =SUM(E63) -> 1 | F64: =SUM(F63) -> 0 | G64: =SUM(G63) -> 280 | H64: =SUM(H63) -> 0 | I64: =SUM(I63) -> 280 | J64: =SUM(J63) -> 70 | K64: =SUM(K63) -> 2 | ... Q64: =SUM(Q63) -> 434
C65: एकूण वर्ग 1 2 3 4 | D65: =SUM(D64,D62,D57) -> 6 | E65: =SUM(E64,E62,E57) -> 6 | F65: =SUM(F64,F62,F57) -> 0 | G65: =SUM(G64,G62,G57) -> 2628 | H65: =SUM(H64,H62,H57) -> 0 | I65: =SUM(I64,I62,I57) -> 2628 | J65: =SUM(J64,J62,J57) -> 657 | K65: =SUM(K64,K62,K57) -> 18 | ... Q65: =SUM(Q64,Q62,Q57) -> 4067
A67: =$A$1 -> प्रपत्र - ड - अर्थसंकल्पीय अंदाजपत्रक सन 2021-2022
A68: मागणी क्र.सी- 1- लेखाशिर्ष 2029 0046
A69: जिल्हा ठाणे | O69: (आकडे हजारात)
A70: अ क्र | B70: वर्ग | C70: पद | D70: =D4 -> मंजूर पदे | E70: =E4 -> मंजूर पदे | F70: =F4 -> विशेष वेतन | G70: =G4 -> मुळ वेतन | H70: =H4 -> ग्रेड वेतन | I70: =I4 -> एकूण | J70: =J4 -> महागाई भत्ता 25% | K70: स्थानिक पुरक भत्ता | L70: घर भाडे भत्ता | M70: वाहन भत्ता | N70: धूलाई भत्ता | O70: रोख भत्ता | P70: चप्पल भत्ता/ इतर | Q70: एकूण
D71: =D5 -> 2020-2021 | E71: =E5 -> 2021-2022
C72: स्थायी
A73: 1 | B73: वर्ग-1 व 2 | C73: उप जिल्हाधिकारी/ वि.भू.अधि | D73: 0 | E73: 0 | F73: 0 | G73: 0 | H73: 0 | I73: =SUM(G73:H73) -> 0 | J73: =ROUND(I73*1.3,0) -> 0 | K73: 0 | L73: 0 | M73: 0 | N73: 0 | O73: 0 | P73: 0 | Q73: =SUM(I73:P73)+F73 -> 0
C74: एकूण वर्ग 1 2 | D74: =SUM(D73) -> 0 | E74: =SUM(E73) -> 0 | F74: =SUM(F73) -> 0 | G74: =SUM(G73) -> 0 | H74: =SUM(H73) -> 0 | I74: =SUM(I73) -> 0 | J74: =SUM(J73) -> 0 | K74: =SUM(K73) -> 0 | ... Q74: =SUM(Q73) -> 0
A75: 2 | B75: वर्ग-3 | C75: अव्वल कारकून | D75: 1 | E75: 1 | F75: 0 | G75: 487 | H75: 0 | I75: =SUM(G75:H75) -> 487 | J75: =ROUND(I75*0.25,0) -> 122 | K75: 4 | L75: 132 | M75: 5 | N75: 0 | O75: 0 | P75: 0 | Q75: =SUM(I75:P75)+F75 -> 750
C76: लिपिक | D76: 3 | E76: 3 | F76: 0 | G76: 760 | H76: 0 | I76: =SUM(G76:H76) -> 760 | J76: =ROUND(I76*0.25,0) -> 190 | K76: 11 | L76: 205 | M76: 14 | N76: 0 | O76: 0 | P76: 0 | Q76: =SUM(I76:P76)+F76 -> 1180
C77: आरेखक | D77: 0 | E77: 0 | F77: 0 | G77: 0 | H77: 0 | I77: =SUM(G77:H77) -> 0 | J77: =ROUND(I77*1.6,0) -> 0 | K77: 0 | L77: 0 | M77: 0 | N77: 0 | O77: 0 | P77: 0 | Q77: =SUM(I77:P77)+F77 -> 0
C78: एकूण वर्ग 3 | D78: =SUM(D75:D77) -> 4 | E78: =SUM(E75:E77) -> 4 | F78: =SUM(F75:F77) -> 0 | G78: =SUM(G75:G77) -> 1247 | H78: =SUM(H75:H77) -> 0 | I78: =SUM(I75:I77) -> 1247 | J78: =SUM(J75:J77) -> 312 | K78: =SUM(K75:K77) -> 15 | ... Q78: =SUM(Q75:Q77) -> 1930
A79: 3 | B79: वर्ग-4 | C79: नोटीस वाहक | D79: 0 | E79: 0 | F79: 0 | G79: 0 | H79: 0 | I79: =SUM(G79:H79) -> 0 | J79: =ROUND(I79*1.6,0) -> 0 | K79: 0 | L79: 0 | M79: 0 | N79: 0 | O79: 0 | P79: 0 | Q79: =SUM(I79:P79)+F79 -> 0
C80: शिपाई | D80: 0 | E80: 0 | F80: 0 | G80: 0 | H80: 0 | I80: =SUM(G80:H80) -> 0 | J80: =ROUND(I80*1.6,0) -> 0 | K80: 0 | L80: 0 | M80: 0 | N80: 0 | O80: 0 | P80: 0 | Q80: =SUM(I80:P80)+F80 -> 0
C81: एकूण वर्ग 4 | D81: =SUM(D79:D80) -> 0 | E81: =SUM(E79:E80) -> 0 | F81: =SUM(F79:F80) -> 0 | G81: =SUM(G79:G80) -> 0 | H81: =SUM(H79:H80) -> 0 | I81: =SUM(I79:I80) -> 0 | J81: =SUM(J79:J80) -> 0 | K81: =SUM(K79:K80) -> 0 | ... Q81: =SUM(Q79:Q80) -> 0
C82: एकूण वर्ग 1 2 3 4 | D82: =SUM(D81,D78,D74) -> 4 | E82: =SUM(E81,E78,E74) -> 4 | F82: =SUM(F81,F78,F74) -> 0 | G82: =SUM(G81,G78,G74) -> 1247 | H82: =SUM(H81,H78,H74) -> 0 | I82: =SUM(I81,I78,I74) -> 1247 | J82: =SUM(J81,J78,J74) -> 312 | K82: =SUM(K81,K78,K74) -> 15 | ... Q82: =SUM(Q81,Q78,Q74) -> 1930
A84: अ क | B84: वर्ग | C84: पद | D84: =D4 -> मंजूर पदे | E84: =E4 -> मंजूर पदे | F84: =F4 -> विशेष वेतन | G84: =G4 -> मुळ वेतन | H84: =H4 -> ग्रेड वेतन | I84: =I4 -> एकूण | J84: =J4 -> महागाई भत्ता 25% | K84: स्थानिक पुरक भत्ता | L84: घर भाडे भत्ता | M84: वाहन भत्ता | N84: धूलाई भत्ता | O84: रोख भत्ता | P84: चप्पल भत्ता/ इतर | Q84: एकूण
D85: =D5 -> 2020-2021 | E85: =E5 -> 2021-2022
C86: अस्थायी
A87: 1 | B87: वर्ग-1 व 2 | C87: उप जिल्हाधिकारी/वि.भू.अधि | D87: 0 | E87: 0 | F87: 0 | G87: 0 | H87: 0 | I87: =SUM(G87:H87) -> 0 | J87: =ROUND(I87*1.6,0) -> 0 | K87: 0 | L87: 0 | M87: 0 | N87: 0 | O87: 0 | P87: 0 | Q87: =SUM(I87:P87)+F87 -> 0
C88: नगर रचनाकार | D88: 1 | E88: 1 | F88: 0 | G88: 990 | H88: 0 | I88: =SUM(G88:H88) -> 990 | J88: =ROUND(I88*0.25,0) -> 248 | K88: 4 | L88: 267 | M88: 5 | N88: 0 | O88: 0 | P88: 0 | Q88: =SUM(I88:P88)+F88 -> 1514
C89: सहाय्यक नगर रचनाकार | D89: 1 | E89: 1 | F89: 0 | G89: 990 | H89: 0 | I89: =SUM(G89:H89) -> 990 | J89: =ROUND(I89*0.25,0) -> 248 | K89: 4 | L89: 268 | M89: 5 | N89: 0 | O89: 0 | P89: 0 | Q89: =SUM(I89:P89)+F89 -> 1515
C90: एकूण वर्ग 1 2 | D90: =SUM(D87:D89) -> 2 | E90: =SUM(E87:E89) -> 2 | F90: =SUM(F87:F89) -> 0 | G90: =SUM(G87:G89) -> 1980 | H90: =SUM(H87:H89) -> 0 | I90: =SUM(I87:I89) -> 1980 | J90: =SUM(J87:J89) -> 496 | K90: =SUM(K87:K89) -> 8 | ... Q90: =SUM(Q87:Q89) -> 3029
A91: 2 | B91: वर्ग-3 | C91: अव्वल कारकून | D91: 0 | E91: 0 | F91: 0 | G91: 0 | H91: 0 | I91: =SUM(G91:H91) -> 0 | J91: =ROUND(I91*1.6,0) -> 0 | K91: 0 | L91: 0 | M91: 0 | N91: 0 | O91: 0 | P91: 0 | Q91: =SUM(I91:P91)+F91 -> 0
C92: मंडळ अधिकारी | D92: 0 | E92: 0 | F92: 0 | G92: 0 | H92: 0 | I92: =SUM(G92:H92) -> 0 | J92: =ROUND(I92*1.6,0) -> 0 | K92: 0 | L92: 0 | M92: 0 | N92: 0 | O92: 0 | P92: 0 | Q92: =SUM(I92:P92)+F92 -> 0
C93: लिपिक | D93: 0 | E93: 0 | F93: 0 | G93: 0 | H93: 0 | I93: =SUM(G93:H93) -> 0 | J93: =ROUND(I93*1.6,0) -> 0 | K93: 0 | L93: 0 | M93: 0 | N93: 0 | O93: 0 | P93: 0 | Q93: =SUM(I93:P93)+F93 -> 0
C94: वाहन चालक | D94: 0 | E94: 0 | F94: 0 | G94: 0 | H94: 0 | I94: =SUM(G94:H94) -> 0 | J94: =ROUND(I94*1.6,0) -> 0 | K94: 0 | L94: 0 | M94: 0 | N94: 0 | O94: 0 | P94: 0 | Q94: =SUM(I94:P94)+F94 -> 0
C95: एकूण वर्ग 3 | D95: =SUM(D91:D94) -> 0 | E95: =SUM(E91:E94) -> 0 | F95: =SUM(F91:F94) -> 0 | G95: =SUM(G91:G94) -> 0 | H95: =SUM(H91:H94) -> 0 | I95: =SUM(I91:I94) -> 0 | J95: =SUM(J91:J94) -> 0 | K95: =SUM(K91:K94) -> 0 | ... Q95: =SUM(Q91:Q94) -> 0
A96: 3 | B96: वर्ग-4 | C96: शिपाई | D96: 2 | E96: 2 | F96: 0 | G96: 360 | H96: 0 | I96: =SUM(G96:H96) -> 360 | J96: =ROUND(I96*0.25,0) -> 90 | K96: 4 | L96: 97 | M96: 10 | N96: 1 | O96: 0 | P96: 0 | Q96: =SUM(I96:P96)+F96 -> 562
C97: एकूण वर्ग 4 | D97: =SUM(D96) -> 2 | E97: =SUM(E96) -> 2 | F97: =SUM(F96) -> 0 | G97: =SUM(G96) -> 360 | H97: =SUM(H96) -> 0 | I97: =SUM(I96) -> 360 | J97: =SUM(J96) -> 90 | K97: =SUM(K96) -> 4 | ... Q97: =SUM(Q96) -> 562
C98: एकूण वर्ग 1 2 3 4 | D98: =SUM(D97,D95,D90) -> 4 | E98: =SUM(E97,E95,E90) -> 4 | F98: =SUM(F97,F95,F90) -> 0 | G98: =SUM(G97,G95,G90) -> 2340 | H98: =SUM(H97,H95,H90) -> 0 | I98: =SUM(I97,I95,I90) -> 2340 | J98: =SUM(J97,J95,J90) -> 586 | K98: =SUM(K97,K95,K90) -> 12 | ... Q98: =SUM(Q97,Q95,Q90) -> 3591
A99: =$A$1 -> प्रपत्र - ड - अर्थसंकल्पीय अंदाजपत्रक सन 2021-2022
A100: मागणी क्र.सी- 1- लेखाशिर्ष 2029 0046
A101: जिल्हा पालघर | O101: (आकडे हजारात)
A102: अ क्र | B102: वर्ग | C102: पद | D102: =D4 -> मंजूर पदे | E102: =E4 -> मंजूर पदे | F102: =F4 -> विशेष वेतन | G102: =G4 -> मुळ वेतन | H102: =H4 -> ग्रेड वेतन | I102: =I4 -> एकूण | J102: =J4 -> महागाई भत्ता 25% | K102: स्थानिक पुरक भत्ता | L102: घर भाडे भत्ता | M102: वाहन भत्ता | N102: धूलाई भत्ता | O102: रोख भत्ता | P102: चप्पल भत्ता/ इतर | Q102: एकूण
D103: =D5 -> 2020-2021 | E103: =E5 -> 2021-2022
C104: स्थायी
A105: 1 | B105: वर्ग-1 व 2 | C105: उप जिल्हाधिकारी/ वि.भू.अधि | D105: 0 | E105: 0 | F105: 0 | G105: 0 | H105: 0 | I105: =SUM(G105:H105) -> 0 | J105: =ROUND(I105*1.3,0) -> 0 | K105: 0 | L105: 0 | M105: 0 | N105: 0 | O105: 0 | P105: 0 | Q105: =SUM(I105:P105)+F105 -> 0
...

Sheet Page 2
A1: प्रपत्र - क - अर्थसंकल्पीय अंदाजपत्रक सन 2021-2022
A2: मागणी क्र.सी- 1- लेखाशिर्ष 2029 0046
A3: (आकडे हजारात)
A4: जिल्हा | B4: स्थायी पदे
C5: भरलेली पदे | G5: रिक्त पदे | K5: एकुण
A6: मुंबई शहर | B6: वर्ग | C6: वर्ग-1 व 2 | D6: वर्ग-3 | E6: वर्ग-4 | F6: एकुण | G6: वर्ग-1 व 2 | H6: वर्ग-3 | I6: वर्ग-4 | J6: एकुण | K6: एकुण
B7: पदे | C7: 0 | D7: 0 | E7: 0 | F7: 0 | G7: 0 | H7: 0 | I7: 0 | J7: 0 | K7: 0
B8: वेतन | C8: 0 | D8: 0 | E8: 0 | F8: 0 | G8: 0 | H8: 0 | I8: 0 | J8: 0 | K8: 0
B9: ग्रेड पे | C9: 0 | D9: 0 | E9: 0 | F9: 0 | G9: 0 | H9: 0 | I9: 0 | J9: 0 | K9: 0
B10: एकुण | C10: 0 | D10: 0 | E10: 0 | F10: 0 | G10: 0 | H10: 0 | I10: 0 | J10: 0 | K10: 0
B11: विशेष वेतन | C11: 0 | D11: 0 | E11: 0 | F11: 0 | G11: 0 | H11: 0 | I11: 0 | J11: 0 | K11: 0
B12: महा.भत्ता | C12: 0 | D12: 0 | E12: 0 | F12: 0 | G12: 0 | H12: 0 | I12: 0 | J12: 0 | K12: 0
B13: स्था.पु.भ. | C13: 0 | D13: 0 | E13: 0 | F13: 0 | G13: 0 | H13: 0 | I13: 0 | J13: 0 | K13: 0
B14: घरभाडे | C14: 0 | D14: 0 | E14: 0 | F14: 0 | G14: 0 | H14: 0 | I14: 0 | J14: 0 | K14: 0
B15: प्रवास भत्ता | C15: 0 | D15: 0 | E15: 0 | F15: 0 | G15: 0 | H15: 0 | I15: 0 | J15: 0 | K15: 0
B16: इतर | C16: 0 | D16: 0 | E16: 0 | F16: 0 | G16: 0 | H16: 0 | I16: 0 | J16: 0 | K16: 0
B17: एकुण | C17: 0 | D17: 0 | E17: 0 | F17: 0 | G17: 0 | H17: 0 | I17: 0 | J17: 0 | K17: 0
A19: जिल्हा | B19: अस्थायी पदे | M19: सर्व वर्ग पदे
C20: भरलेली पदे | G20: रिक्त पदे | K20: एकुण | M20: वर्ग | N20: स्थायी पदे | O20: अस्थायी पदे | P20: एकुण
A21: मुंबई शहर | B21: वर्ग | C21: वर्ग-1 व 2 | D21: वर्ग-3 | E21: वर्ग-4 | F21: एकुण | G21: वर्ग-1 व 2 | H21: वर्ग-3 | I21: वर्ग-4 | J21: एकुण | M21: पदे | N21: 0 | O21: =SUM(K22) -> 2 | P21: =SUM(N21:O21) -> 2
B22: पदे | C22: 0 | D22: 1 | E22: 0 | F22: =SUM(C22:E22) -> 1 | G22: 1 | H22: 0 | I22: 0 | J22: =SUM(G22:I22) -> 1 | K22: =SUM(F22+J22) -> 2 | M22: वेतन | N22: 0 | O22: =SUM(K23) -> 1160 | P22: =SUM(N22:O22) -> 1160
B23: वेतन | C23: 0 | D23: 487 | E23: 0 | F23: =SUM(C23:E23) -> 487 | G23: 673 | H23: 0 | I23: 0 | J23: =SUM(G23:I23) -> 673 | K23: =SUM(F23+J23) -> 1160 | M23: ग्रेड पे | N23: 0 | O23: =SUM(K24) -> 0 | P23: =SUM(N23:O23) -> 0
B24: ग्रेड पे | C24: 0 | D24: 0 | E24: 0 | F24: =SUM(C24:E24) -> 0 | G24: 0 | H24: 0 | I24: 0 | J24: =SUM(G24:I24) -> 0 | K24: =SUM(F24+J24) -> 0 | M24: एकुण | N24: =SUM(N22:N23) -> 0 | O24: =SUM(O22:O23) -> 1160 | P24: =SUM(P22:P23) -> 1160
B25: एकुण | C25: =SUM(C23:C24) -> 0 | D25: =SUM(D23:D24) -> 487 | E25: =SUM(E23:E24) -> 0 | F25: =SUM(F23:F24) -> 487 | G25: =SUM(G23:G24) -> 673 | H25: =SUM(H23:H24) -> 0 | I25: =SUM(I23:I24) -> 0 | J25: =SUM(J23:J24) -> 673 | K25: =SUM(K23:K24) -> 1160 | M25: महा.भत्ता | N25: 0 | O25: =SUM(K27) -> 290 | P25: =SUM(N25:O25) -> 290
B26: विशेष वेतन | C26: 0 | D26: 0 | E26: 0 | F26: =SUM(C26:E26) -> 0 | G26: 0 | H26: 0 | I26: 0 | J26: =SUM(G26:I26) -> 0 | K26: =SUM(F26+J26) -> 0 | M26: विशेष वेतन | N26: 0 | O26: =SUM(K26) -> 0 | P26: =SUM(N26:O26) -> 0
B27: महा.भत्ता | C27: 0 | D27: 122 | E27: 0 | F27: =SUM(C27:E27) -> 122 | G27: 168 | H27: 0 | I27: 0 | J27: =SUM(G27:I27) -> 168 | K27: =SUM(F27+J27) -> 290 | M27: स्था.पु.भ. | N27: 0 | O27: =SUM(K28) -> 6 | P27: =SUM(N27:O27) -> 6
B28: स्था.पु.भ. | C28: 0 | D28: 2 | E28: 0 | F28: =SUM(C28:E28) -> 2 | G28: 4 | H28: 0 | I28: 0 | J28: =SUM(G28:I28) -> 4 | K28: =SUM(F28+J28) -> 6 | M28: घरभाडे | N28: 0 | O28: =SUM(K29) -> 313 | P28: =SUM(N28:O28) -> 313
B29: घरभाडे | C29: 0 | D29: 131 | E29: 0 | F29: =SUM(C29:E29) -> 131 | G29: 182 | H29: 0 | I29: 0 | J29: =SUM(G29:I29) -> 182 | K29: =SUM(F29+J29) -> 313 | M29: प्रवास भत्ता | N29: 0 | O29: =SUM(K30) -> 34 | P29: =SUM(N29:O29) -> 34
B30: प्रवास भत्ता | C30: 0 | D30: 5 | E30: 0 | F30: =SUM(C30:E30) -> 5 | G30: 29 | H30: 0 | I30: 0 | J30: =SUM(G30:I30) -> 29 | K30: =SUM(F30+J30) -> 34 | M30: इतर | N30: 0 | O30: =SUM(K31) -> 0 | P30: =SUM(N30:O30) -> 0
B31: इतर | C31: 0 | D31: 0 | E31: 0 | F31: =SUM(C31:E31) -> 0 | G31: 0 | H31: 0 | I31: 0 | J31: =SUM(G31:I31) -> 0 | K31: =SUM(F31+J31) -> 0 | M31: एकुण | N31: =SUM(N24:N30) -> 0 | O31: =SUM(O24:O30) -> 1803 | P31: =SUM(P24:P30) -> 1803
B32: एकुण | C32: =SUM(C25:C31) -> 0 | D32: =SUM(D25:D31) -> 747 | E32: =SUM(E25:E31) -> 0 | F32: =SUM(F25:F31) -> 747 | G32: =SUM(G25:G31) -> 1056 | H32: =SUM(H25:H31) -> 0 | I32: =SUM(I25:I31) -> 0 | J32: =SUM(J25:J31) -> 1056 | K32: =SUM(K25:K31) -> 1803
A34: =$A$1 -> प्रपत्र - क - अर्थसंकल्पीय अंदाजपत्रक सन 2021-2022
A35: मागणी क्र.सी- 1- लेखाशिर्ष 2029 0046
A36: (आकडे हजारात)
A37: जिल्हा | B37: स्थायी पदे
C38: भरलेली पदे | G38: रिक्त पदे | K38: एकुण
A39: मुंबई उपनगर | B39: वर्ग | C39: वर्ग-1 व 2 | D39: वर्ग-3 | E39: वर्ग-4 | F39: एकुण | G39: वर्ग-1 व 2 | H39: वर्ग-3 | I39: वर्ग-4 | J39: एकुण | K39: एकुण
B40: पदे | C40: 1 | D40: 2 | E40: 4 | F40: =SUM(C40:E40) -> 7 | G40: 0 | H40: 1 | I40: 1 | J40: =SUM(G40:I40) -> 2 | K40: =SUM(J40,F40) -> 9
B41: वेतन | C41: 904 | D41: 788 | E41: 900 | F41: =SUM(C41:E41) -> 2592 | G41: 0 | H41: 283 | I41: 580 | J41: =SUM(G41:I41) -> 863 | K41: =SUM(J41,F41) -> 3455
B42: ग्रेड पे | C42: 0 | D42: 0 | E42: 0 | F42: =SUM(C42:E42) -> 0 | G42: 0 | H42: 0 | I42: 0 | J42: =SUM(G42:I42) -> 0 | K42: =SUM(J42,F42) -> 0
B43: एकुण | C43: =SUM(C41:C42) -> 904 | D43: =SUM(D41:D42) -> 788 | E43: =SUM(E41:E42) -> 900 | F43: =SUM(F41:F42) -> 2592 | G43: =SUM(G41:G42) -> 0 | H43: =SUM(H41:H42) -> 283 | I43: =SUM(I41:I42) -> 580 | J43: =SUM(J41:J42) -> 863 | K43: =SUM(K41:K42) -> 3455
B44: विशेष वेतन | C44: 0 | D44: 0 | E44: 0 | F44: =SUM(C44:E44) -> 0 | G44: 0 | H44: 0 | I44: 0 | J44: =SUM(G44:I44) -> 0 | K44: =SUM(J44,F44) -> 0
B45: महा.भत्ता | C45: 226 | D45: 197 | E45: 225 | F45: =SUM(C45:E45) -> 648 | G45: 0 | H45: 71 | I45: 145 | J45: =SUM(G45:I45) -> 216 | K45: =SUM(J45,F45) -> 864
B46: स्था.पु.भ. | C46: 4 | D46: 5 | E46: 10 | F46: =SUM(C46:E46) -> 19 | G46: 0 | H46: 4 | I46: 2 | J46: =SUM(G46:I46) -> 6 | K46: =SUM(J46,F46) -> 25
B47: घरभाडे | C47: 244 | D47: 213 | E47: 243 | F47: =SUM(C47:E47) -> 700 | G47: 0 | H47: 76 | I47: 157 | J47: =SUM(G47:I47) -> 233 | K47: =SUM(J47,F47) -> 933
B48: प्रवास भत्ता | C48: 29 | D48: 10 | E48: 19 | F48: =SUM(C48:E48) -> 58 | G48: 0 | H48: 5 | I48: 5 | J48: =SUM(G48:I48) -> 10 | K48: =SUM(J48,F48) -> 68
B49: इतर | C49: 0 | D49: 0 | E49: 1 | F49: =SUM(C49:E49) -> 1 | G49: 0 | H49: 0 | I49: 1 | J49: =SUM(G49:I49) -> 1 | K49: =SUM(J49,F49) -> 2
B50: एकुण | C50: =SUM(C43:C49) -> 1407 | D50: =SUM(D43:D49) -> 1213 | E50: =SUM(E43:E49) -> 1398 | F50: =SUM(F43:F49) -> 4018 | G50: =SUM(G43:G49) -> 0 | H50: =SUM(H43:H49) -> 439 | I50: =SUM(I43:I49) -> 890 | J50: =SUM(J43:J49) -> 1329 | K50: =SUM(K43:K49) -> 5347
A52: जिल्हा | B52: अस्थायी पदे | M52: सर्व वर्ग पदे
C53: भरलेली पदे | G53: रिक्त पदे | K53: एकुण | M53: वर्ग | N53: स्थायी पदे | O53: अस्थायी पदे | P53: एकुण
A54: मुंबई उपनगर | B54: वर्ग | C54: वर्ग-1 व 2 | D54: वर्ग-3 | E54: वर्ग-4 | F54: एकुण | G54: वर्ग-1 व 2 | H54: वर्ग-3 | I54: वर्ग-4 | J54: एकुण | M54: पदे | N54: =K40 -> 9 | O54: =K55 -> 6 | P54: =SUM(N54:O54) -> 15
B55: पदे | C55: 0 | D55: 4 | E55: 1 | F55: =SUM(C55:E55) -> 5 | G55: 1 | H55: 0 | I55: 0 | J55: =SUM(G55:I55) -> 1 | K55: =SUM(F55+J55) -> 6 | M55: वेतन | N55: =K41 -> 3455 | O55: =K56 -> 2628 | P55: =SUM(N55:O55) -> 6083
B56: वेतन | C56: 0 | D56: 1548 | E56: 280 | F56: =SUM(C56:E56) -> 1828 | G56: 800 | H56: 0 | I56: 0 | J56: =SUM(G56:I56) -> 800 | K56: =SUM(F56+J56) -> 2628 | M56: ग्रेड पे | N56: =K42 -> 0 | O56: =K57 -> 0 | P56: =SUM(N56:O56) -> 0
B57: ग्रेड पे | C57: 0 | D57: 0 | E57: 0 | F57: =SUM(C57:E57) -> 0 | G57: 0 | H57: 0 | I57: 0 | J57: =SUM(G57:I57) -> 0 | K57: =SUM(F57+J57) -> 0 | M57: एकुण | N57: =SUM(N55:N56) -> 3455 | O57: =SUM(O55:O56) -> 2628 | P57: =SUM(P55:P56) -> 6083
B58: एकुण | C58: =SUM(C56:C57) -> 0 | D58: =SUM(D56:D57) -> 1548 | E58: =SUM(E56:E57) -> 280 | F58: =SUM(F56:F57) -> 1828 | G58: =SUM(G56:G57) -> 800 | H58: =SUM(H56:H57) -> 0 | I58: =SUM(I56:I57) -> 0 | J58: =SUM(J56:J57) -> 800 | K58: =SUM(K56:K57) -> 2628 | M58: महा.भत्ता | N58: =SUM(K45) -> 864 | O58: =SUM(K60) -> 657 | P58: =SUM(N58:O58) -> 1521
B59: विशेष वेतन | C59: 0 | D59: 0 | E59: 0 | F59: =SUM(C59:E59) -> 0 | G59: 0 | H59: 0 | I59: 0 | J59: =SUM(G59:I59) -> 0 | K59: =SUM(F59+J59) -> 0 | M59: विशेष वेतन | N59: =SUM(K44) -> 0 | O59: =SUM(K59) -> 0 | P59: =SUM(N59:O59) -> 0
B60: महा.भत्ता | C60: 0 | D60: 387 | E60: 70 | F60: =SUM(C60:E60) -> 457 | G60: 200 | H60: 0 | I60: 0 | J60: =SUM(G60:I60) -> 200 | K60: =SUM(F60+J60) -> 657 | M60: स्था.पु.भ. | N60: =SUM(K46) -> 25 | O60: =SUM(K61) -> 18 | P60: =SUM(N60:O60) -> 43
B61: स्था.पु.भ. | C61: 0 | D61: 12 | E61: 2 | F61: =SUM(C61:E61) -> 14 | G61: 4 | H61: 0 | I61: 0 | J61: =SUM(G61:I61) -> 4 | K61: =SUM(F61+J61) -> 18 | M61: घरभाडे | N61: =SUM(K47) -> 933 | O61: =SUM(K62) -> 710 | P61: =SUM(N61:O61) -> 1643
B62: घरभाडे | C62: 0 | D62: 418 | E62: 76 | F62: =SUM(C62:E62) -> 494 | G62: 216 | H62: 0 | I62: 0 | J62: =SUM(G62:I62) -> 216 | K62: =SUM(F62+J62) -> 710 | M62: प्रवास भत्ता | N62: =SUM(K48) -> 68 | O62: =SUM(K63) -> 53 | P62: =SUM(N62:O62) -> 121
B63: प्रवास भत्ता | C63: 0 | D63: 19 | E63: 5 | F63: =SUM(C63:E63) -> 24 | G63: 29 | H63: 0 | I63: 0 | J63: =SUM(G63:I63) -> 29 | K63: =SUM(F63+J63) -> 53 | M63: इतर | N63: =SUM(K49) -> 2 | O63: =SUM(K64) -> 1 | P63: =SUM(N63:O63) -> 3
B64: इतर | C64: 0 | D64: 0 | E64: 1 | F64: =SUM(C64:E64) -> 1 | G64: 0 | H64: 0 | I64: 0 | J64: =SUM(G64:I64) -> 0 | K64: =SUM(F64+J64) -> 1 | M64: एकुण | N64: =SUM(N57:N63) -> 5347 | O64: =SUM(O57:O63) -> 4067 | P64: =SUM(P57:P63) -> 9414
B65: एकुण | C65: =SUM(C58:C64) -> 0 | D65: =SUM(D58:D64) -> 2384 | E65: =SUM(E58:E64) -> 434 | F65: =SUM(F58:F64) -> 2818 | G65: =SUM(G58:G64) -> 1249 | H65: =SUM(H58:H64) -> 0 | I65: =SUM(I58:I64) -> 0 | J65: =SUM(J58:J64) -> 1249 | K65: =SUM(K58:K64) -> 4067
A67: =$A$1 -> प्रपत्र - क - अर्थसंकल्पीय अंदाजपत्रक सन 2021-2022
A68: मागणी क्र.सी- 1- लेखाशिर्ष 2029 0046
A69: (आकडे हजारात)
A70: जिल्हा | B70: स्थायी पदे
C71: भरलेली पदे | G71: रिक्त पदे | K71: एकुण
A72: ठाणे | B72: वर्ग | C72: वर्ग-1 व 2 | D72: वर्ग-3 | E72: वर्ग-4 | F72: एकुण | G72: वर्ग-1 व 2 | H72: वर्ग-3 | I72: वर्ग-4 | J72: एकुण | K72: एकुण
B73: पदे | C73: 0 | D73: 2 | E73: 0 | F73: =SUM(C73:E73) -> 2 | G73: 0 | H73: 2 | I73: 0 | J73: =SUM(G73:I73) -> 2 | K73: =SUM(F73+J73) -> 4
B74: वेतन | C74: 0 | D74: 507 | E74: 0 | F74: =SUM(C74:E74) -> 507 | G74: 0 | H74: 740 | I74: 0 | J74: =SUM(G74:I74) -> 740 | K74: =SUM(F74+J74) -> 1247
B75: ग्रेड पे | C75: 0 | D75: 0 | E75: 0 | F75: =SUM(C75:E75) -> 0 | G75: 0 | H75: 0 | I75: 0 | J75: =SUM(G75:I75) -> 0 | K75: =SUM(F75+J75) -> 0
B76: एकुण | C76: =SUM(C74:C75) -> 0 | D76: =SUM(D74:D75) -> 507 | E76: =SUM(E74:E75) -> 0 | F76: =SUM(F74:F75) -> 507 | G76: =SUM(G74:G75) -> 0 | H76: =SUM(H74:H75) -> 740 | I76: =SUM(I74:I75) -> 0 | J76: =SUM(J74:J75) -> 740 | K76: =SUM(K74:K75) -> 1247
B77: विशेष वेतन | C77: 0 | D77: 0 | E77: 0 | F77: =SUM(C77:E77) -> 0 | G77: 0 | H77: 0 | I77: 0 | J77: =SUM(G77:I77) -> 0 | K77: =SUM(F77+J77) -> 0
B78: महा.भत्ता | C78: 0 | D78: 127 | E78: 0 | F78: =SUM(C78:E78) -> 127 | G78: 0 | H78: 185 | I78: 0 | J78: =SUM(G78:I78) -> 185 | K78: =SUM(F78+J78) -> 312
B79: स्था.पु.भ. | C79: 0 | D79: 7 | E79: 0 | F79: =SUM(C79:E79) -> 7 | G79: 0 | H79: 8 | I79: 0 | J79: =SUM(G79:I79) -> 8 | K79: =SUM(F79+J79) -> 15
B80: घरभाडे | C80: 0 | D80: 137 | E80: 0 | F80: =SUM(C80:E80) -> 137 | G80: 0 | H80: 200 | I80: 0 | J80: =SUM(G80:I80) -> 200 | K80: =SUM(F80+J80) -> 337
B81: प्रवास भत्ता | C81: 0 | D81: 9 | E81: 0 | F81: =SUM(C81:E81) -> 9 | G81: 0 | H81: 10 | I81: 0 | J81: =SUM(G81:I81) -> 10 | K81: =SUM(F81+J81) -> 19
B82: इतर | C82: 0 | D82: 0 | E82: 0 | F82: =SUM(C82:E82) -> 0 | G82: 0 | H82: 0 | I82: 0 | J82: =SUM(G82:I82) -> 0 | K82: =SUM(F82+J82) -> 0
B83: एकुण | C83: =SUM(C76:C82) -> 0 | D83: =SUM(D76:D82) -> 787 | E83: =SUM(E76:E82) -> 0 | F83: =SUM(F76:F82) -> 787 | G83: =SUM(G76:G82) -> 0 | H83: =SUM(H76:H82) -> 1143 | I83: =SUM(I76:I82) -> 0 | J83: =SUM(J76:J82) -> 1143 | K83: =SUM(K76:K82) -> 1930
A85: जिल्हा | B85: अस्थायी पदे | M85: सर्व वर्ग पदे
C86: भरलेली पदे | G86: रिक्त पदे | K86: एकुण | M86: वर्ग | N86: स्थायी पदे | O86: अस्थायी पदे | P86: एकुण
A87: ठाणे | B87: वर्ग | C87: वर्ग-1 व 2 | D87: वर्ग-3 | E87: वर्ग-4 | F87: एकुण | G87: वर्ग-1 व 2 | H87: वर्ग-3 | I87: वर्ग-4 | J87: एकुण | M87: पदे | N87: =K73 -> 4 | O87: =K88 -> 4 | P87: =SUM(N87:O87) -> 8
B88: पदे | C88: 2 | D88: 0 | E88: 0 | F88: =SUM(C88:E88) -> 2 | G88: 0 | H88: 0 | I88: 2 | J88: =SUM(G88:I88) -> 2 | K88: =SUM(F88+J88) -> 4 | M88: वेतन | N88: =K74 -> 1247 | O88: =K89 -> 2340 | P88: =SUM(N88:O88) -> 3587
B89: वेतन | C89: 1980 | D89: 0 | E89: 0 | F89: =SUM(C89:E89) -> 1980 | G89: 0 | H89: 0 | I89: 360 | J89: =SUM(G89:I89) -> 360 | K89: =SUM(F89+J89) -> 2340 | M89: ग्रेड पे | N89: =K75 -> 0 | O89: =K90 -> 0 | P89: =SUM(N89:O89) -> 0
B90: ग्रेड पे | C90: 0 | D90: 0 | E90: 0 | F90: =SUM(C90:E90) -> 0 | G90: 0 | H90: 0 | I90: 0 | J90: =SUM(G90:I90) -> 0 | K90: =SUM(F90+J90) -> 0 | M90: एकुण | N90: =K76 -> 1247 | O90: =K91 -> 2340 | P90: =SUM(N90:O90) -> 3587
B91: एकुण | C91: =SUM(C89:C90) -> 1980 | D91: =SUM(D89:D90) -> 0 | E91: =SUM(E89:E90) -> 0 | F91: =SUM(F89:F90) -> 1980 | G91: =SUM(G89:G90) -> 0 | H91: =SUM(H89:H90) -> 0 | I91: =SUM(I89:I90) -> 360 | J91: =SUM(J89:J90) -> 360 | K91: =SUM(K89:K90) -> 2340 | M91: महा.भत्ता | N91: =SUM(K78) -> 312 | O91: =SUM(K93) -> 586 | P91: =SUM(N91:O91) -> 898
B92: विशेष वेतन | C92: 0 | D92: 0 | E92: 0 | F92: =SUM(C92:E92) -> 0 | G92: 0 | H92: 0 | I92: 0 | J92: =SUM(G92:I92) -> 0 | K92: =SUM(F92+J92) -> 0 | M92: विशेष वेतन | N92: =SUM(K77) -> 0 | O92: =SUM(K92) -> 0 | P92: =SUM(N92:O92) -> 0
B93: महा.भत्ता | C93: 496 | D93: 0 | E93: 0 | F93: =SUM(C93:E93) -> 496 | G93: 0 | H93: 0 | I93: 90 | J93: =SUM(G93:I93) -> 90 | K93: =SUM(F93+J93) -> 586 | M93: स्था.पु.भ. | N93: =SUM(K79) -> 15 | O93: =SUM(K94) -> 12 | P93: =SUM(N93:O93) -> 27
B94: स्था.पु.भ. | C94: =4*2 -> 8 | D94: 0 | E94: 0 | F94: =SUM(C94:E94) -> 8 | G94: 0 | H94: 0 | I94: 4 | J94: =SUM(G94:I94) -> 4 | K94: =SUM(F94+J94) -> 12 | M94: घरभाडे | N94: =SUM(K80) -> 337 | O94: =SUM(K95) -> 632 | P94: =SUM(N94:O94) -> 969
B95: घरभाडे | C95: 535 | D95: 0 | E95: 0 | F95: =SUM(C95:E95) -> 535 | G95: 0 | H95: 0 | I95: 97 | J95: =SUM(G95:I95) -> 97 | K95: =SUM(F95+J95) -> 632 | M95: प्रवास भत्ता | N95: =SUM(K81) -> 19 | O95: =SUM(K96) -> 20 | P95: =SUM(N95:O95) -> 39
B96: प्रवास भत्ता | C96: 10 | D96: 0 | E96: 0 | F96: =SUM(C96:E96) -> 10 | G96: 0 | H96: 0 | I96: 10 | J96: =SUM(G96:I96) -> 10 | K96: =SUM(F96+J96) -> 20 | M96: इतर | N96: =SUM(K82) -> 0 | O96: =SUM(K97) -> 1 | P96: =SUM(N96:O96) -> 1
B97: इतर | C97: 0 | D97: 0 | E97: 0 | F97: =SUM(C97:E97) -> 0 | G97: 0 | H97: 0 | I97: 1 | J97: =SUM(G97:I97) -> 1 | K97: =SUM(F97+J97) -> 1 | M97: एकुण | N97: =SUM(N90:N96) -> 1930 | O97: =SUM(O90:O96) -> 3591 | P97: =SUM(P90:P96) -> 5521
B98: एकुण | C98: =SUM(C91:C97) -> 3029 | D98: =SUM(D91:D97) -> 0 | E98: =SUM(E91:E97) -> 0 | F98: =SUM(F91:F97) -> 3029 | G98: =SUM(G91:G97) -> 0 | H98: =SUM(H91:H97) -> 0 | I98: =SUM(I91:I97) -> 562 | J98: =SUM(J91:J97) -> 562 | K98: =SUM(K91:K97) -> 3591
A99: =$A$1 -> प्रपत्र - क - अर्थसंकल्पीय अंदाजपत्रक सन 2021-2022
A100: मागणी क्र.सी- 1- लेखाशिर्ष 2029 0046
A101: (आकडे हजारात)
A102: जिल्हा | B102: स्थायी पदे
C103: भरलेली पदे | G103: रिक्त पदे | K103: एकुण
A104: पालघर | B104: वर्ग | C104: वर्ग-1 व 2 | D104: वर्ग-3 | E104: वर्ग-4 | F104: एकुण | G104: वर्ग-1 व 2 | H104: वर्ग-3 | I104: वर्ग-4 | J104: एकुण | K104: एकुण
B105: पदे | F105: 0 | J105: =SUM(G105:I105) -> 0 | K105: 0
...

Sheet Page 3
A1: प्रपत्र - ब - अर्थसंकल्पीय अंदाजपत्रक सन 2021-2022
A2: मागणी क्र.सी- 1- लेखाशिर्ष 2029 0046
A3: मंजुर पदे
A4: अ.क्र. | B4: वर्ग | C4: स्थायी | E4: अस्थायी | H4: एकुण
C5: भरलेली पदे | D5: रिक्त पदे | E5: भरलेली पदे | F5: रिक्त पदे
A6: 1 | B6: 1 | C6: 0 | D6: 0 | E6: 0 | F6: 1 | H6: =SUM(C6:F6) -> 1
A7: 2 | B7: 2 | C7: 0 | D7: 0 | E7: 0 | F7: 0 | H7: =SUM(C7:F7) -> 0
A8: 3 | B8: 3 | C8: 0 | D8: 0 | E8: 1 | F8: 0 | H8: =SUM(C8:F8) -> 1
A9: 4 | B9: 4 | C9: 0 | D9: 0 | E9: 0 | F9: 0 | H9: =SUM(C9:F9) -> 0
A10: एकुण | C10: =SUM(C6:C9) -> 0 | D10: =SUM(D6:D9) -> 0 | E10: =SUM(E6:E9) -> 1 | F10: =SUM(F6:F9) -> 1 | H10: =SUM(H6:H9) -> 2
F13: ( आकडे हजारात)
A14: अ.क्र. | B14: जिल्हा / विभाग | C14: वैद्यकिय खर्च | D14: उत्सव/सण अग्रिम | E14: स्वग्राम/महाराष्ट्र दर्शन | F14: 7 व्या वेतन आयोग फरक | G14: एनपीएस | H14: इतर | I14: एकुण
A15: 1 | B15: मुंबई शहर | C15: 325 | D15: 13 | E15: 60 | F15: 350 | G15: 500 | H15: 0 | I15: =SUM(C15:H15) -> 1248
A17: =$A$1 -> प्रपत्र - ब - अर्थसंकल्पीय अंदाजपत्रक सन 2021-2022
A18: मागणी क्र.सी- 1- लेखाशिर्ष 2029 0046
A19: मंजुर पदे
A20: अ.क्र. | B20: वर्ग | C20: स्थायी | E20: अस्थायी | H20: एकुण
C21: भरलेली पदे | D21: रिक्त पदे | E21: भरलेली पदे | F21: रिक्त पदे
A22: 1 | B22: 1 | C22: 1 | D22: 0 | E22: 0 | F22: 1 | H22: =SUM(C22:F22) -> 2
A23: 2 | B23: 2 | C23: 0 | D23: 0 | E23: 0 | F23: 0 | H23: =SUM(C23:F23) -> 0
A24: 3 | B24: 3 | C24: 2 | D24: 1 | E24: 4 | F24: 0 | H24: =SUM(C24:F24) -> 7
A25: 4 | B25: 4 | C25: 4 | D25: 1 | E25: 1 | F25: 0 | H25: =SUM(C25:F25) -> 6
A26: एकुण | C26: =SUM(C22:C25) -> 7 | D26: =SUM(D22:D25) -> 2 | E26: =SUM(E22:E25) -> 5 | F26: =SUM(F22:F25) -> 1 | H26: =SUM(H22:H25) -> 15
F29: ( आकडे हजारात)
A30: अ.क्र. | B30: जिल्हा / विभाग | C30: वैद्यकिय खर्च | D30: उत्सव/सण अग्रिम | E30: स्वग्राम/महाराष्ट्र दर्शन | F30: 7 व्या वेतन आयोग फरक | G30: एनपीएस | H30: इतर | I30: एकुण
A31: 1 | B31: मुंबई उपनगर | C31: 1000 | D31: 150 | E31: 50 | F31: 1000 | G31: 500 | H31: 1000 | I31: =SUM(C31:H31) -> 3700
A33: =$A$1 -> प्रपत्र - ब - अर्थसंकल्पीय अंदाजपत्रक सन 2021-2022
A34: मागणी क्र.सी- 1- लेखाशिर्ष 2029 0046
A35: मंजुर पदे
A36: अ.क्र. | B36: वर्ग | C36: स्थायी | E36: अस्थायी | H36: एकुण
C37: भरलेली पदे | D37: रिक्त पदे | E37: भरलेली पदे | F37: रिक्त पदे
A38: 1 | B38: 1 | C38: 0 | D38: 0 | E38: 1 | F38: 0 | H38: =SUM(C38:F38) -> 1
A39: 2 | B39: 2 | C39: 0 | D39: 0 | E39: 1 | F39: 0 | H39: =SUM(C39:F39) -> 1
A40: 3 | B40: 3 | C40: 2 | D40: 2 | E40: 0 | F40: 0 | H40: =SUM(C40:F40) -> 4
A41: 4 | B41: 4 | C41: 0 | D41: 0 | E41: 0 | F41: 2 | H41: =SUM(C41:F41) -> 2
A42: एकुण | C42: =SUM(C38:C41) -> 2 | D42: =SUM(D38:D41) -> 2 | E42: =SUM(E38:E41) -> 2 | F42: =SUM(F38:F41) -> 2 | H42: =SUM(H38:H41) -> 8
F45: ( आकडे हजारात)
A46: अ.क्र. | B46: जिल्हा / विभाग | C46: वैद्यकिय खर्च | D46: उत्सव/सण अग्रिम | E46: स्वग्राम/महाराष्ट्र दर्शन | F46: 7 व्या वेतन आयोग फरक | G46: एनपीएस | H46: इतर | I46: एकुण
A47: 1 | B47: ठाणे | C47: 400 | D47: 30 | E47: 30 | F47: 300 | G47: 0 | H47: 100 | I47: =SUM(C47:H47) -> 860
A48: =$A$1 -> प्रपत्र - ब - अर्थसंकल्पीय अंदाजपत्रक सन 2021-2022
A49: मागणी क्र.सी- 1- लेखाशिर्ष 2029 0046
A50: मंजुर पदे
A51: अ.क्र. | B51: वर्ग | C51: स्थायी | E51: अस्थायी | H51: एकुण
C52: भरलेली पदे | D52: रिक्त पदे | E52: भरलेली पदे | F52: रिक्त पदे
A53: 1 | B53: 1 | C53: 0 | D53: 0 | E53: 0 | F53: 1 | H53: =SUM(C53:F53) -> 1
A54: 2 | B54: 2 | C54: 0 | D54: 0 | E54: 0 | F54: 0 | H54: =SUM(C54:F54) -> 0
A55: 3 | B55: 3 | C55: 0 | D55: 0 | E55: 4 | F55: 3 | H55: =SUM(C55:F55) -> 7
A56: 4 | B56: 4 | C56: 0 | D56: 0 | E56: 1 | F56: 0 | H56: =SUM(C56:F56) -> 1
A57: एकुण | C57: 0 | D57: 0 | E57: =SUM(E53:E56) -> 5 | F57: =SUM(F53:F56) -> 4 | H57: =SUM(H53:H56) -> 9
F60: ( आकडे हजारात)
A61: अ.क्र. | B61: जिल्हा / विभाग | C61: वैद्यकिय खर्च | D61: उत्सव/सण अग्रिम | E61: स्वग्राम/महाराष्ट्र दर्शन | F61: 7 व्या वेतन आयोग फरक | G61: एनपीएस | H61: इतर | I61: एकुण
A62: 1 | B62: पालघर | C62: 800 | D62: 90 | E62: 90 | F62: 400 | G62: 0 | H62: 20 | I62: =SUM(C62:H62) -> 1400
A65: =$A$1 -> प्रपत्र - ब - अर्थसंकल्पीय अंदाजपत्रक सन 2021-2022
A66: मागणी क्र.सी- 1- लेखाशिर्ष 2029 0046
A67: मंजुर पदे
A68: अ.क्र. | B68: वर्ग | C68: स्थायी | E68: अस्थायी | H68: एकुण
C69: भरलेली पदे | D69: रिक्त पदे | E69: भरलेली पदे | F69: रिक्त पदे
A70: 1 | B70: 1 | C70: 0 | D70: 0 | E70: 2 | F70: 0 | H70: =SUM(C70:F70) -> 2
A71: 2 | B71: 2 | C71: 0 | D71: 0 | E71: 0 | F71: 0 | H71: =SUM(C71:F71) -> 0
A72: 3 | B72: 3 | C72: 2 | D72: 0 | E72: 4 | F72: 0 | H72: =SUM(C72:F72) -> 6
A73: 4 | B73: 4 | C73: 3 | D73: 0 | E73: 0 | F73: 1 | H73: =SUM(C73:F73) -> 4
A74: एकुण | C74: =SUM(C70:C73) -> 5 | D74: =SUM(D70:D73) -> 0 | E74: =SUM(E70:E73) -> 6 | F74: =SUM(F70:F73) -> 1 | H74: =SUM(H70:H73) -> 12
F77: ( आकडे हजारात)
A78: अ.क्र. | B78: जिल्हा / विभाग | C78: वैद्यकिय खर्च | D78: उत्सव/सण अग्रिम | E78: स्वग्राम/महाराष्ट्र दर्शन | F78: 7 व्या वेतन आयोग फरक | G78: एनपीएस | H78: इतर | I78: एकुण
A79: 1 | B79: रायगड | C79: 1000 | D79: 150 | E79: 250 | F79: 451 | G79: 282 | H79: 0 | I79: =SUM(C79:H79) -> 2133
A81: =$A$1 -> प्रपत्र - ब - अर्थसंकल्पीय अंदाजपत्रक सन 2021-2022
A82: मागणी क्र.सी- 1- लेखाशिर्ष 2029 0046
A83: मंजुर पदे
A84: अ.क्र. | B84: वर्ग | C84: स्थायी | E84: अस्थायी | H84: एकुण
C85: भरलेली पदे | D85: रिक्त पदे | E85: भरलेली पदे | F85: रिक्त पदे
A86: 1 | B86: 1 | C86: 0 | D86: 0 | E86: 0 | F86: 0 | G86: 0 | H86: 0
A87: 2 | B87: 2 | C87: 0 | D87: 0 | E87: 0 | F87: 0 | G87: 0 | H87: 0
A88: 3 | B88: 3 | C88: 0 | D88: 0 | E88: 0 | F88: 0 | G88: 0 | H88: 0
A89: 4 | B89: 4 | C89: 0 | D89: 0 | E89: 0 | F89: 0 | G89: 0 | H89: 0
A90: एकुण | C90: 0 | D90: 0 | E90: 0 | F90: 0 | H90: 0
F93: ( आकडे हजारात)
A94: अ.क्र. | B94: जिल्हा / विभाग | C94: वैद्यकिय खर्च | D94: उत्सव/सण अग्रिम | E94: स्वग्राम/महाराष्ट्र दर्शन | F94: 7 व्या वेतन आयोग फरक | G94: एनपीएस | H94: इतर | I94: एकुण
A95: 1 | B95: रत्नागिरी | C95: 0 | D95: 0 | E95: 0 | F95: 0 | G95: 0 | H95: 0 | I95: 0
A97: =$A$1 -> प्रपत्र - ब - अर्थसंकल्पीय अंदाजपत्रक सन 2021-2022
A98: मागणी क्र.सी- 1- लेखाशिर्ष 2029 0046
A99: मंजुर पदे
A100: अ.क्र. | B100: वर्ग | C100: स्थायी | E100: अस्थायी | H100: एकुण
C101: भरलेली पदे | D101: रिक्त पदे | E101: भरलेली पदे | F101: रिक्त पदे
A102: 1 | B102: 1 | C102: 0 | D102: 0 | E102: 0 | F102: 0 | H102: 0
A103: 2 | B103: 2 | C103: 0 | D103: 0 | E103: 0 | F103: 0 | H103: 0
A104: 3 | B104: 3 | C104: 0 | D104: 0 | E104: 0 | F104: 0 | H104: 0
A105: 4 | B105: 4 | C105: 0 | D105: 0 | E105: 0 | F105: 0 | H105: 0
A106: एकुण | C106: 0 | D106: 0 | E106: 0 | F106: 0 | H106: 0
F109: ( आकडे हजारात)
A110: अ.क्र. | B110: जिल्हा / विभाग | C110: वैद्यकिय खर्च | D110: उत्सव/सण अग्रिम | E110: स्वग्राम/महाराष्ट्र दर्शन | F110: 7 व्या वेतन आयोग फरक | G110: एनपीएस | H110: इतर | I110: एकुण
A111: 1 | B111: सिंधुदुर्ग | C111: 0 | D111: 0 | E111: 0 | F111: 0 | G111: 0 | H111: 0 | I111: 0
A112: शासन, महसूल व वन विभागाकडील शा.नि.क्र.प्राफेब-2010/प्रक्र26/पुनर्बाधंणी-3/म-10, दि.30/7/2013 अन्वये 20530162 कडे सर्व पदे वर्ग केल्याने या लेखाशिर्षाखालील जिल्हा सिंधुदुर्ग ची माहिती निरंक
A113: =$A$1 -> प्रपत्र - ब - अर्थसंकल्पीय अंदाजपत्रक सन 2021-2022
A114: मागणी क्र.सी- 1- लेखाशिर्ष 2029 0046
A115: मंजुर पदे
A116: अ.क्र. | B116: वर्ग | C116: स्थायी | E116: अस्थायी | H116: एकुण
C117: भरलेली पदे | D117: रिक्त पदे | E117: भरलेली पदे | F117: रिक्त पदे
A118: 1 | B118: 1 | C118: 0 | D118: 0 | E118: 1 | F118: 1 | H118: =SUM(C118:F118) -> 2
A119: 2 | B119: 2 | C119: 0 | D119: 0 | E119: 0 | F119: 0 | H119: =SUM(C119:F119) -> 0
A120: 3 | B120: 3 | C120: 0 | D120: 0 | E120: 4 | F120: 0 | H120: =SUM(C120:F120) -> 4
...

Sheet Page 4
A1: प्रपत्र - अ - अर्थसंकल्पीय अंदाजपत्रक सन 2021-2022
A2: मागणी क्र.सी- 1- लेखाशिर्ष 2029 0046
A3: जिल्हा मुंबई शहर | L3: (आकडे हजारात)
A4: अ. क्र | B4: लेख्याची प्राथमिक आणि दुय्यम युनिट | C4: प्रत्यक्ष रक्कमा (खर्च) | F4: अर्थसंकल्पीय अंदाज | G4: सुधारीत अंदाज 2020-2021 | H4: अर्थसंकल्पीय अंदाज 2021-2022 | L4: मागील वर्षाच्या प्रत्यक्ष रक्कमा आणि चालु वर्षाच्या अर्थसंकल्पीय अंदाजाची तुलना करता आगामी वर्षासाठीच्या अंदाजातील वाढ किंवा घट यांच्या संबधातील स्पष्टीकरणे.
C5: 2017-2018 | D5: 2018-2019 | E5: 2019-2020 | F5: 2020-2021 | H5: प्राकक्लन (एस्टिमेटिंग) अधिका-याचा | I5: नियंत्रक अधिका-यांचा | J5: प्रशासकीय विभागाचा | K5: वित्त विभागाचा
A6: 1 | B6: 2 | C6: 3 | D6: 4 | E6: 5 | F6: 6 | G6: 7 | H6: 8 | I6: 9 | J6: 10 | K6: 11 | L6: 12
A7: 1 | B7: 01- वेतन | C7: 1676 | D7: 1762 | E7: 1156 | F7: 2966 | G7: 2966 | H7: 3051
A8: 2 | B8: 03 अति.भत्ता | C8: 0 | D8: 0 | E8: 0 | F8: 0 | G8: 0 | H8: 0
A9: 3 | B9: 06-दूरध्वनी वीज,पाणी व शुल्क | C9: 70 | D9: 142 | E9: 40 | F9: 220 | G9: 220 | H9: 240
A10: 4 | B10: 11- देशातंर्गत प्रवास खर्च | C10: 25 | D10: 0 | E10: 0 | F10: 50 | G10: 50 | H10: 55
A11: 4 | B11: 13- कार्यालयीन खर्च | C11: 80 | D11: 27 | E11: 49 | F11: 190 | G11: 190 | H11: 200
A12: 5 | B12: 14-भाडेपटटी व कर | C12: 0 | D12: 0 | E12: 0 | F12: 0 | G12: 0 | H12: 0
A13: 7 | B13: 17- संगणक खर्च | C13: 22 | D13: 0 | E13: 4 | F13: 95 | G13: 95 | H13: 110
A14: 8 | B14: 26- जाहीरात व प्रसिध्दी खर्च | C14: 0 | D14: 0 | E14: 0 | F14: 0 | G14: 0 | H14: 0
A15: 9 | B15: 51- मोटार वाहने | C15: 0 | D15: 0 | E15: 0 | F15: 0 | G15: 0 | H15: 0
B16: एकुण | C16: =SUM(C7:C15) -> 1873 | D16: =SUM(D7:D15) -> 1931 | E16: =SUM(E7:E15) -> 1249 | F16: =SUM(F7:F15) -> 3521 | G16: =SUM(G7:G15) -> 3521 | H16: =SUM(H7:H15) -> 3656 | I16: =SUM(I7:I15) -> 0 | J16: =SUM(J7:J15) -> 0 | K16: =SUM(K7:K15) -> 0
A18: =$A$1 -> प्रपत्र - अ - अर्थसंकल्पीय अंदाजपत्रक सन 2021-2022
A19: मागणी क्र.सी- 1- लेखाशिर्ष 2029 0046
A20: जिल्हा मुंबई उपनगर | L20: (आकडे हजारात)
A21: अ. क्र | B21: लेख्याची प्राथमिक आणि दुय्यम युनिट | C21: प्रत्यक्ष रक्कमा (खर्च) | F21: अर्थसंकल्पीय अंदाज | G21: सुधारीत अंदाज 2020-2021 | H21: अर्थसंकल्पीय अंदाज 2021-2022 | L21: मागील वर्षाच्या प्रत्यक्ष रक्कमा आणि चालु वर्षाच्या अर्थसंकल्पीय अंदाजाची तुलना करता आगामी वर्षासाठीच्या अंदाजातील वाढ किंवा घट यांच्या संबधातील स्पष्टीकरणे.
C22: 2017-2018 | D22: 2018-2019 | E22: 2019-2020 | F22: 2020-2021 | H22: प्राकक्लन (एस्टिमेटिंग) अधिका-याचा | I22: नियंत्रक अधिका-यांचा | J22: प्रशासकीय विभागाचा | K22: वित्त विभागाचा
A23: 1 | B23: 2 | C23: 3 | D23: 4 | E23: 5 | F23: 6 | G23: 7 | H23: 8 | I23: 9 | J23: 10 | K23: 11 | L23: 12
A24: 1 | B24: 01- वेतन | C24: 7308 | D24: 6505 | E24: 6982 | F24: 12736 | G24: 12736 | H24: 13114
A25: 2 | B25: 03 अति.भत्ता | C25: 0 | D25: 0 | E25: 0 | F25: 0 | G25: 0 | H25: 0
A26: 3 | B26: 06- दूरध्वनी वीज,पाणी व शुल्क | C26: 21 | D26: 23 | E26: 21 | F26: 26 | G26: 26 | H26: 40
A27: 4 | B27: 11- देशातंर्गत प्रवास खर्च | C27: 31 | D27: 29 | E27: 0 | F27: 83 | G27: 83 | H27: 83
A28: 4 | B28: 13- कार्यालयीन खर्च | C28: 99 | D28: 74 | E28: 20 | F28: 205 | G28: 205 | H28: 205
A29: 5 | B29: 14-भाडेपटटी व कर | C29: 0 | D29: 0 | E29: 0 | F29: 0 | G29: 0 | H29: 0
A30: 7 | B30: 17- संगणक खर्च | C30: 0 | D30: 0 | E30: 0 | F30: 0 | G30: 0 | H30: 5
A31: 8 | B31: 26- जाहीरात व प्रसिध्दी खर्च | C31: 0 | D31: 0 | E31: 0 | F31: 0 | G31: 0 | H31: 0
A32: 9 | B32: 51- मोटार वाहने | C32: 0 | D32: 0 | E32: 0 | F32: 0 | G32: 0 | H32: 0
B33: एकुण | C33: =SUM(C24:C32) -> 7459 | D33: =SUM(D24:D32) -> 6631 | E33: =SUM(E24:E32) -> 7023 | F33: =SUM(F24:F32) -> 13050 | G33: =SUM(G24:G32) -> 13050 | H33: =SUM(H24:H32) -> 13447 | I33: =SUM(I24:I32) -> 0 | J33: =SUM(J24:J32) -> 0 | ... L33: =SUM(L24:L32) -> 0
A35: =$A$1 -> प्रपत्र - अ - अर्थसंकल्पीय अंदाजपत्रक सन 2021-2022
A36: मागणी क्र.सी- 1- लेखाशिर्ष 2029 0046
A37: जिल्हा ठाणे | L37: (आकडे हजारात)
A38: अ. क्र | B38: लेख्याची प्राथमिक आणि दुय्यम युनिट | C38: प्रत्यक्ष रक्कमा (खर्च) | F38: अर्थसंकल्पीय अंदाज | G38: सुधारीत अंदाज 2020-2021 | H38: अर्थसंकल्पीय अंदाज 2021-2022 | L38: मागील वर्षाच्या प्रत्यक्ष रक्कमा आणि चालु वर्षाच्या अर्थसंकल्पीय अंदाजाची तुलना करता आगामी वर्षासाठीच्या अंदाजातील वाढ किंवा घट यांच्या संबधातील स्पष्टीकरणे.
C39: 2017-2018 | D39: 2018-2019 | E39: 2019-2020 | F39: 2020-2021 | H39: प्राकक्लन (एस्टिमेटिंग) अधिका-याचा | I39: नियंत्रक अधिका-यांचा | J39: प्रशासकीय विभागाचा | K39: वित्त विभागाचा
A40: 1 | B40: 2 | C40: 3 | D40: 4 | E40: 5 | F40: 6 | G40: 7 | H40: 8 | I40: 9 | J40: 10 | K40: 11 | L40: 12
A41: 1 | B41: 01- वेतन | C41: 3475 | D41: 3009 | E41: 3313 | F41: 6225 | G41: 6250 | H41: 6380
A42: 2 | B42: 03 अति.भत्ता | C42: 0 | D42: 0 | E42: 0 | F42: 0 | G42: 0 | H42: 0
A43: 3 | B43: 06- दूरध्वनी वीज,पाणी व शुल्क | C43: 42 | D43: 52 | E43: 0 | F43: 200 | G43: 200 | H43: 300
A44: 4 | B44: 11- देशातंर्गत प्रवास खर्च | C44: 0 | D44: 0 | E44: 0 | F44: 130 | G44: 130 | H44: 200
A45: 4 | B45: 13- कार्यालयीन खर्च | C45: 41 | D45: 26 | E45: 18 | F45: 210 | G45: 210 | H45: 300
A46: 5 | B46: 14-भाडेपटटी व कर | C46: 0 | D46: 0 | E46: 0 | F46: 50 | G46: 50 | H46: 50
A47: 7 | B47: 17- संगणक खर्च | C47: 0 | D47: 13 | E47: 0 | F47: 160 | G47: 160 | H47: 160
A48: 8 | B48: 26- जाहीरात व प्रसिध्दी खर्च | C48: 0 | D48: 0 | E48: 0 | F48: 0 | G48: 0 | H48: 0
A49: 9 | B49: 51- मोटार वाहने | C49: 0 | D49: 0 | E49: 0 | F49: 0 | G49: 0 | H49: 0
B50: एकुण | C50: =SUM(C41:C49) -> 3558 | D50: =SUM(D41:D49) -> 3100 | E50: =SUM(E41:E49) -> 3331 | F50: =SUM(F41:F49) -> 6975 | G50: =SUM(G41:G49) -> 7000 | H50: =SUM(H41:H49) -> 7390 | I50: =SUM(I41:I49) -> 0 | J50: =SUM(J41:J49) -> 0 | ... L50: =SUM(L41:L49) -> 0
A51: =$A$1 -> प्रपत्र - अ - अर्थसंकल्पीय अंदाजपत्रक सन 2021-2022
A52: मागणी क्र.सी- 1- लेखाशिर्ष 2029 0046
A53: जिल्हा पालघर | L53: (आकडे हजारात)
A54: अ. क्र | B54: लेख्याची प्राथमिक आणि दुय्यम युनिट | C54: प्रत्यक्ष रक्कमा (खर्च) | F54: अर्थसंकल्पीय अंदाज | G54: सुधारीत अंदाज 2020-2021 | H54: अर्थसंकल्पीय अंदाज 2021-2022 | L54: मागील वर्षाच्या प्रत्यक्ष रक्कमा आणि चालु वर्षाच्या अर्थसंकल्पीय अंदाजाची तुलना करता आगामी वर्षासाठीच्या अंदाजातील वाढ किंवा घट यांच्या संबधातील स्पष्टीकरणे.
C55: 2017-2018 | D55: 2018-2019 | E55: 2019-2020 | F55: 2020-2021 | H55: प्राकक्लन (एस्टिमेटिंग) अधिका-याचा | I55: नियंत्रक अधिका-यांचा | J55: प्रशासकीय विभागाचा | K55: वित्त विभागाचा
A56: 1 | B56: 2 | C56: 3 | D56: 4 | E56: 5 | F56: 6 | G56: 7 | H56: 8 | I56: 9 | J56: 10 | K56: 11 | L56: 12
A57: 1 | B57: 01- वेतन | C57: 2816 | D57: 3397 | E57: 5836 | F57: 8113 | G57: 8150 | H57: 8915
A58: 2 | B58: 03 अति.भत्ता | C58: 0 | D58: 0 | E58: 0 | F58: 0 | G58: 0 | H58: 0
A59: 3 | B59: 06- दूरध्वनी वीज,पाणी व शुल्क | C59: 0 | D59: 0 | E59: 0 | F59: 60 | G59: 60 | H59: 60
A60: 4 | B60: 11- देशातंर्गत प्रवास खर्च | C60: 39 | D60: 11 | E60: 13 | F60: 60 | G60: 60 | H60: 60
A61: 4 | B61: 13- कार्यालयीन खर्च | C61: 64 | D61: 31 | E61: 24 | F61: 80 | G61: 80 | H61: 80
A62: 5 | B62: 14-भाडेपटटी व कर | C62: 0 | D62: 0 | E62: 0 | F62: 0 | G62: 0 | H62: 0
A63: 7 | B63: 17- संगणक खर्च | C63: 0 | D63: 4 | E63: 0 | F63: 60 | G63: 20 | H63: 20
A64: 8 | B64: 26- जाहीरात व प्रसिध्दी खर्च | C64: 0 | D64: 0 | E64: 0 | F64: 0 | G64: 0 | H64: 0
A65: 9 | B65: 51- मोटार वाहने | C65: 0 | D65: 0 | E65: 0 | F65: 0 | G65: 20 | H65: 20
B66: एकुण | C66: =SUM(C57:C65) -> 2919 | D66: =SUM(D57:D65) -> 3443 | E66: =SUM(E57:E65) -> 5873 | F66: =SUM(F57:F65) -> 8373 | G66: =SUM(G57:G65) -> 8390 | H66: =SUM(H57:H65) -> 9155 | I66: =SUM(I57:I65) -> 0 | J66: =SUM(J57:J65) -> 0 | K66: =SUM(K57:K65) -> 0 | L66: 0
A68: =$A$1 -> प्रपत्र - अ - अर्थसंकल्पीय अंदाजपत्रक सन 2021-2022
A69: मागणी क्र.सी- 1- लेखाशिर्ष 2029 0046
A70: जिल्हा रायगड | L70: (आकडे हजारात)
A71: अ. क्र | B71: लेख्याची प्राथमिक आणि दुय्यम युनिट | C71: प्रत्यक्ष रक्कमा (खर्च) | F71: अर्थसंकल्पीय अंदाज | G71: सुधारीत अंदाज 2020-2021 | H71: अर्थसंकल्पीय अंदाज 2021-2022 | L71: मागील वर्षाच्या प्रत्यक्ष रक्कमा आणि चालु वर्षाच्या अर्थसंकल्पीय अंदाजाची तुलना करता आगामी वर्षासाठीच्या अंदाजातील वाढ किंवा घट यांच्या संबधातील स्पष्टीकरणे.
C72: 2017-2018 | D72: 2018-2019 | E72: 2019-2020 | F72: 2020-2021 | H72: प्राकक्लन (एस्टिमेटिंग) अधिका-याचा | I72: नियंत्रक अधिका-यांचा | J72: प्रशासकीय विभागाचा | K72: वित्त विभागाचा
A73: 1 | B73: 2 | C73: 3 | D73: 4 | E73: 5 | F73: 6 | G73: 7 | H73: 8 | I73: 9 | J73: 10 | K73: 11 | L73: 12
A74: 1 | B74: 01- वेतन | C74: 5251 | D74: 6008 | E74: 6114 | F74: 11978 | G74: 11978 | H74: 10278
A75: 2 | B75: 03 अति.भत्ता | C75: 0 | D75: 0 | E75: 0 | F75: 0 | G75: 0 | H75: 0
A76: 3 | B76: 06- दूरध्वनी वीज,पाणी व शुल्क | C76: 3 | D76: 15 | E76: 17 | F76: 400 | G76: 400 | H76: 400
A77: 4 | B77: 11- देशातंर्गत प्रवास खर्च | C77: 69 | D77: 39 | E77: 65 | F77: 450 | G77: 450 | H77: 450
A78: 4 | B78: 13- कार्यालयीन खर्च | C78: 95 | D78: 260 | E78: 227 | F78: 650 | G78: 650 | H78: 650
A79: 5 | B79: 14-भाडेपटटी व कर | C79: 0 | D79: 0 | E79: 0 | F79: 0 | G79: 0 | H79: 0
A80: 7 | B80: 17- संगणक खर्च | C80: 0 | D80: 22 | E80: 9 | F80: 250 | G80: 250 | H80: 250
A81: 8 | B81: 26- जाहीरात व प्रसिध्दी खर्च | C81: 0 | D81: 0 | E81: 0 | F81: 0 | G81: 0 | H81: 0
A82: 9 | B82: 51- मोटार वाहने | C82: 0 | D82: 0 | E82: 0 | F82: 0 | G82: 0 | H82: 0
B83: एकुण | C83: =SUM(C74:C82) -> 5418 | D83: =SUM(D74:D82) -> 6344 | E83: =SUM(E74:E82) -> 6432 | F83: =SUM(F74:F82) -> 13728 | G83: =SUM(G74:G82) -> 13728 | H83: =SUM(H74:H82) -> 12028 | I83: 0 | J83: 0 | K83: 0 | L83: 0
A85: =$A$1 -> प्रपत्र - अ - अर्थसंकल्पीय अंदाजपत्रक सन 2021-2022
A86: मागणी क्र.सी- 1- लेखाशिर्ष 2029 0046
A87: जिल्हा रत्नागिरी | L87: (आकडे हजारात)
A88: अ. क्र | B88: लेख्याची प्राथमिक आणि दुय्यम युनिट | C88: प्रत्यक्ष रक्कमा (खर्च) | F88: अर्थसंकल्पीय अंदाज | G88: सुधारीत अंदाज 2020-2021 | H88: अर्थसंकल्पीय अंदाज 2021-2022 | L88: मागील वर्षाच्या प्रत्यक्ष रक्कमा आणि चालु वर्षाच्या अर्थसंकल्पीय अंदाजाची तुलना करता आगामी वर्षासाठीच्या अंदाजातील वाढ किंवा घट यांच्या संबधातील स्पष्टीकरणे.
C89: 2017-2018 | D89: 2018-2019 | E89: 2019-2020 | F89: 2020-2021 | H89: प्राकक्लन (एस्टिमेटिंग) अधिका-याचा | I89: नियंत्रक अधिका-यांचा | J89: प्रशासकीय विभागाचा | K89: वित्त विभागाचा
A90: 1 | B90: 2 | C90: 3 | D90: 4 | E90: 5 | F90: 6 | G90: 7 | H90: 8 | I90: 9 | J90: 10 | K90: 11 | L90: 12
A91: 1 | B91: 01- वेतन | C91: 0 | D91: 0 | E91: 0 | F91: 0 | G91: 0 | H91: 0
A92: 2 | B92: 03 अति.भत्ता | C92: 0 | D92: 0 | E92: 0 | F92: 0 | G92: 0 | H92: 0
A93: 3 | B93: 06- दूरध्वनी वीज,पाणी व शुल्क | C93: 0 | D93: 0 | E93: 0 | F93: 0 | G93: 0 | H93: 0
A94: 4 | B94: 11- देशातंर्गत प्रवास खर्च | C94: 0 | D94: 0 | E94: 0 | F94: 0 | G94: 0 | H94: 0
A95: 4 | B95: 13- कार्यालयीन खर्च | C95: 0 | D95: 0 | E95: 0 | F95: 0 | G95: 0 | H95: 0
A96: 5 | B96: 14-भाडेपटटी व कर | C96: 0 | D96: 0 | E96: 0 | F96: 0 | G96: 0 | H96: 0
A97: 7 | B97: 17- संगणक खर्च | C97: 0 | D97: 0 | E97: 0 | F97: 0 | G97: 0 | H97: 0
A98: 8 | B98: 26- जाहीरात व प्रसिध्दी खर्च | C98: 0 | D98: 0 | E98: 0 | F98: 0 | G98: 0 | H98: 0
A99: 9 | B99: 51- मोटार वाहने | C99: 0 | D99: 0 | E99: 0 | F99: 0 | G99: 0 | H99: 0
B100: एकुण | C100: 0 | D100: 0 | E100: 0 | F100: 0 | G100: 0 | H100: 0 | I100: 0 | J100: 0 | K100: 0 | L100: 0
A102: =$A$1 -> प्रपत्र - अ - अर्थसंकल्पीय अंदाजपत्रक सन 2021-2022
A103: मागणी क्र.सी- 1- लेखाशिर्ष 2029 0046
A104: जिल्हा सिंधुदुर्ग | L104: (आकडे हजारात)
A105: अ. क्र | B105: लेख्याची प्राथमिक आणि दुय्यम युनिट | C105: प्रत्यक्ष रक्कमा (खर्च) | F105: अर्थसंकल्पीय अंदाज | G105: सुधारीत अंदाज 2020-2021 | H105: अर्थसंकल्पीय अंदाज 2021-2022 | L105: मागील वर्षाच्या प्रत्यक्ष रक्कमा आणि चालु वर्षाच्या अर्थसंकल्पीय अंदाजाची तुलना करता आगामी वर्षासाठीच्या अंदाजातील वाढ किंवा घट यांच्या संबधातील स्पष्टीकरणे.
...

Sheet Page 5
A1: ='Page 4'!$A$1 -> प्रपत्र - अ - अर्थसंकल्पीय अंदाजपत्रक सन 2021-2022
A2: मागणी क्र.सी- 1- लेखाशिर्ष 2029 0046
A3: कोकण विभाग | L3: (आकडे हजारात)
A4: अ. क्र | B4: लेख्याची प्राथमिक आणि दुय्यम युनिट | C4: ='Page 4'!C139 -> प्रत्यक्ष रक्कमा (खर्च) | F4: ='Page 4'!F139 -> अर्थसंकल्पीय अंदाज | G4: ='Page 4'!G139 -> सुधारीत अंदाज 2020-2021 | H4: ='Page 4'!H139 -> अर्थसंकल्पीय अंदाज 2021-2022 | L4: मागील वर्षाच्या प्रत्यक्ष रक्कमा आणि चालु वर्षाच्या अर्थसंकल्पीय अंदाजाची तुलना करता आगामी वर्षासाठीच्या अंदाजातील वाढ किंवा घट यांच्या संबधातील स्पष्टीकरणे.
C5: ='Page 4'!C140 -> 2017-2018 | D5: ='Page 4'!D140 -> 2018-2019 | E5: ='Page 4'!E140 -> 2019-2020 | F5: ='Page 4'!F140 -> 2020-2021 | H5: ='Page 4'!H140 -> प्राकक्लन (एस्टिमेटिंग) अधिका-याचा | I5: ='Page 4'!I140 -> नियंत्रक अधिका-यांचा | J5: ='Page 4'!J140 -> प्रशासकीय विभागाचा | K5: ='Page 4'!K140 -> वित्त विभागाचा
A6: 1 | B6: 2 | C6: 3 | D6: 4 | E6: 5 | F6: 6 | G6: 7 | H6: 8 | I6: 9 | J6: 10 | K6: 11 | L6: 12
A7: 1 | B7: 01- वेतन | C7: ='Page 4'!C142 -> 24360 | D7: ='Page 4'!D142 -> 24662 | E7: ='Page 4'!E142 -> 28259 | F7: ='Page 4'!F142 -> 48731 | G7: ='Page 4'!G142 -> 48793 | I7: =SUM('Page 4'!H142) -> 48557 | L7: 01- वेतन:- या बाबीखाली चालु महागाई भत्ता दर आकारणी 25% प्रमाणे विचारात घेवून केली आहे.
A8: 2 | B8: 03 अति.भत्ता | C8: ='Page 4'!C143 -> 0 | D8: ='Page 4'!D143 -> 0 | E8: ='Page 4'!E143 -> 0 | F8: ='Page 4'!F143 -> 0 | G8: ='Page 4'!G143 -> 0 | I8: =SUM('Page 4'!H143) -> 0
A9: 3 | B9: 06- दूरध्वनी वीज, पाणी व शुल्क | C9: ='Page 4'!C144 -> 168 | D9: ='Page 4'!D144 -> 271 | E9: ='Page 4'!E144 -> 108 | F9: ='Page 4'!F144 -> 1014 | G9: ='Page 4'!G144 -> 1014 | I9: =SUM('Page 4'!H144) -> 1182 | L9: 06- दूरध्वनी, वीज पाणी व शुल्क:- भुसंपादन कार्यालयाकडील क्षेत्रीय कार्यालये व मुख्यालये यामध्ये दुरध्वनी खर्च तसेच वाढीव दराची वीज देयके अदा करणेकामी जादा अनुदानाची आवश्यकता आहे.
A10: 4 | B10: 11- देशातंर्गत प्रवास खर्च | C10: ='Page 4'!C145 -> 164 | D10: ='Page 4'!D145 -> 94 | E10: ='Page 4'!E145 -> 121 | F10: ='Page 4'!F145 -> 853 | G10: ='Page 4'!G145 -> 853 | I10: =SUM('Page 4'!H145) -> 938 | L10: 11- देशातंर्गत प्रवास खर्च:- भुसंपादन कार्यालयाकडील कराव्या लागलेल्या फिरती बदली प्रवासभत्ता दैनिकभत्ता इत्यादीसाठी वाढीव महागाई दराच्या आधारावर जादा अनुदानाची आवश्यकता आहे.
A11: 5 | B11: 13- कार्यालयीन खर्च | C11: ='Page 4'!C146 -> 480 | D11: ='Page 4'!D146 -> 504 | E11: ='Page 4'!E146 -> 469 | F11: ='Page 4'!F146 -> 2035 | G11: ='Page 4'!G146 -> 2035 | I11: =SUM('Page 4'!H146) -> 2235 | L11: 13- कार्यालयीन खर्च :- सदर बाबीखाली कार्या.खर्चसाठी स्टेशनरी, जडसंग्रह वस्तु, झेरॉक्स यांच्या वाढीव दरामुळे तसेच अधिका-या यांच्या साठी उपलब्ध असलेल्या शासकीय वाहनांची देखभाल, दुरुस्ती, पेट्रोल व डिझेल यांचे वाढीव दर यामुळे कार्यालयीन खर्च मोठया प्रमाणावर वाढला आहे. त्यामुळे वाढीव अनुदानाची मागणी केली आहे.
A12: 6 | B12: 14-भाडेपटटी व कर | C12: ='Page 4'!C147 -> 2 | D12: ='Page 4'!D147 -> 1 | E12: ='Page 4'!E147 -> 2 | F12: ='Page 4'!F147 -> 55 | G12: ='Page 4'!G147 -> 55 | I12: =SUM('Page 4'!H147) -> 55 | L12: 14-भाडेपट्टी व कर :- भूसंपादन कार्यालयाचे हिश्याचे वार्षीक मालमत्ता कराचे देयक अदा करण्याकरीता अनुदनाची आवश्यकता आहे.
A13: 7 | B13: 17- संगणक खर्च | C13: ='Page 4'!C148 -> 22 | D13: ='Page 4'!D148 -> 39 | E13: ='Page 4'!E148 -> 13 | F13: ='Page 4'!F148 -> 665 | G13: ='Page 4'!G148 -> 625 | I13: =SUM('Page 4'!H148) -> 695 | L13: 17- संगणक खर्च :- सदर बाबीखाली सन 2010-2011 पासून मागणी करण्यात येत आहे. सदर उपशिर्षाखाली भुसंपादन कार्यालयास व क्षेत्रीय कार्यालयास पाठवावयाचे नियतकालीके अहवाल तयार करणे इ. कार्यालयीन कामे संगणकावर करावी लागतात. 2013-14 वित्‍त्तीय वर्षात सदर लेखाशिर्षातंर्गत नवीन बाब निर्माण करण्यांत आली आहे.मात्र अत्यल्प अनुदान उपलब्ध करुन देण्यांत आले. सबब या वित्तीय वर्षात सदर अनुदानाची तरतूद होण्यास विनंती आहे.
A14: 8 | B14: 20-इतर प्रशासकीय खर्च | C14: 0 | D14: 0 | E14: 0 | F14: 0 | G14: 0 | I14: 0 | L14: 20-इतर प्रशासकीय खर्च:-विभागीय आयुक्त कार्यालयात आयोजित विविध प्रकारच्या बैठका आयोजित केल्या जातात. त्यावेळी उपस्थीतांकरीता चहा, नाश्ता इत्यादी मागविण्यांत येतो. सदर खर्चाची देयके अदा करण्याकरीता नवीन बाब निर्माण करण्यासाठी टोकन रक्कमेची आवश्यकता आहे.
A15: 9 | B15: 26-जाहीरात व प्रसिध्दी खर्च | C15: ='Page 4'!C149 -> 0 | D15: ='Page 4'!D149 -> 0 | E15: ='Page 4'!E149 -> 0 | F15: ='Page 4'!F149 -> 0 | G15: ='Page 4'!G149 -> 0 | I15: =SUM('Page 4'!H149) -> 0
A16: 10 | B16: 51- मोटार वाहने | C16: ='Page 4'!C150 -> 0 | D16: ='Page 4'!D150 -> 0 | E16: ='Page 4'!E150 -> 0 | F16: ='Page 4'!F150 -> 0 | G16: ='Page 4'!G150 -> 20 | I16: =SUM('Page 4'!H150) -> 20
B17: एकुण | C17: =SUM(C7:C16) -> 25196 | D17: =SUM(D7:D16) -> 25571 | E17: =SUM(E7:E16) -> 28972 | F17: =SUM(F7:F16) -> 53353 | G17: =SUM(G7:G16) -> 53395 | I17: =SUM(I7:I16) -> 53682
L20: (विनिता भूमकर)
L21: सहाय्यक संचालक (लेखा)
L22: कोकण विभाग

Sheet 4-12 TO 7-12 MES
A1: 2020-2021
A2: 4/2020-7/2020 Monthly Expenditure 20290046
A3: Sub Head | B3: Details | C3: Mcity | D3: MSD | E3: PAO | F3: THANE | G3: PALGHAR | H3: RAIGAD | I3: RATNAGIRI | J3: SINDHUDURG | K3: DIV COMM | L3: AG | M3: TOTAL
A4: 1 | B4: Salary | C4: 236 | D4: 2526 | E4: =SUM(C4:D4) -> 2762 | F4: 812 | G4: 1416 | H4: 2376 | I4: 0 | J4: 0 | K4: 1275 | L4: =SUM(F4:K4) -> 5879 | M4: =SUM(L4+E4) -> 8641
A5: 6 | B5: ELCT/WAT/TEL | E5: =SUM(C5:D5) -> 0 | G5: 0 | H5: 2 | K5: 8 | L5: =SUM(F5:K5) -> 10 | M5: =SUM(L5+E5) -> 10
A6: 11 | B6: TE | E6: =SUM(C6:D6) -> 0 | G6: 0 | L6: =SUM(F6:K6) -> 0 | M6: =SUM(L6+E6) -> 0
A7: 13 | B7: OE | E7: =SUM(C7:D7) -> 0 | G7: 0 | L7: =SUM(F7:K7) -> 0 | M7: =SUM(L7+E7) -> 0
A8: 14 | B8: Propert Tax | E8: =SUM(C8:D8) -> 0 | G8: 0 | L8: =SUM(F8:K8) -> 0 | M8: =SUM(L8+E8) -> 0
A9: 17 | B9: Computer Exp. | E9: =SUM(C9:D9) -> 0 | G9: 0 | L9: =SUM(F9:K9) -> 0 | M9: =SUM(L9+E9) -> 0
A10: 26 | B10: Advertisement & Publicity | E10: =SUM(C10:D10) -> 0 | G10: 0 | L10: =SUM(F10:K10) -> 0 | M10: =SUM(L10+E10) -> 0
A11: 51 | B11: Motor Car | E11: =SUM(C11:D11) -> 0 | G11: 0 | L11: =SUM(F11:K11) -> 0 | M11: =SUM(L11+E11) -> 0
C12: =SUM(C4:C11) -> 236 | D12: =SUM(D4:D11) -> 2526 | E12: =SUM(E4:E11) -> 2762 | F12: =SUM(F4:F11) -> 812 | G12: =SUM(G4:G11) -> 1416 | H12: =SUM(H4:H11) -> 2378 | I12: =SUM(I4:I11) -> 0 | J12: =SUM(J4:J11) -> 0 | ... M12: =SUM(M4:M11) -> 8651
K15: (विनिता भूमकर)
K16: सहाय्यक संचालक (लेखा)
K17: कोकण विभाग

Sheet jodpatra D
A1: जोडपत्र-ड
A2: अर्थसंकल्पीय अंदाजपत्रक सन 2021-2022
A3: मागणी क्र.सी-1 2029 जमीन महसूल (20290046)
A4: कोकण विभाग संगर्व निहाय पदांची माहिती
A5: अ.क्र. | B5: संवर्ग | C5: मंजूर पदे | E5: भरलेली पदे | G5: रिक्त पदे
C6: स्थायी | D6: अस्थायी | E6: स्थायी | F6: अस्थायी | G6: स्थायी | H6: अस्थायी
A7: 1 | B7: वर्ग-1 | C7: ='Page 1'!$E$270 -> 1 | D7: =SUM('Page 1'!E284:E285) -> 8 | E7: =SUM('Page 3'!C134) -> 1 | F7: =SUM('Page 3'!E134) -> 4 | G7: =SUM('Page 3'!D134) -> 0 | H7: =SUM('Page 3'!F134) -> 4
A8: 2 | B8: वर्ग-2 | C8: 0 | D8: =SUM('Page 1'!D286) -> 1 | E8: =SUM('Page 3'!C135) -> 0 | F8: =SUM('Page 3'!E135) -> 1 | G8: =SUM('Page 3'!D135) -> 0 | H8: =SUM('Page 3'!F135) -> 0
A9: 3 | B9: वर्ग-3 | C9: ='Page 1'!$E$275 -> 9 | D9: =SUM('Page 1'!E292) -> 20 | E9: =SUM('Page 3'!C136) -> 6 | F9: =SUM('Page 3'!E136) -> 17 | G9: =SUM('Page 3'!D136) -> 3 | H9: =SUM('Page 3'!F136) -> 3
A10: 4 | B10: वर्ग-4 | C10: ='Page 1'!$E$278 -> 8 | D10: =SUM('Page 1'!E294) -> 6 | E10: =SUM('Page 3'!C137) -> 7 | F10: =SUM('Page 3'!E137) -> 3 | G10: =SUM('Page 3'!D137) -> 1 | H10: =SUM('Page 3'!F137) -> 3
B11: एकूण | C11: =SUM(C7:C10) -> 18 | D11: =SUM(D7:D10) -> 35 | E11: =SUM(E7:E10) -> 14 | F11: =SUM(F7:F10) -> 25 | G11: =SUM(G7:G10) -> 4 | H11: =SUM(H7:H10) -> 10
F15: (विनिता भूमकर)
F16: सहाय्यक संचालक (लेखा)
F17: कोकण विभाग

Sheet Sheet1
A1: प्रपत्र - अ - अर्थसंकल्पीय अंदाजपत्रक सन 2018-2019
A2: मागणी क्र.सी-1- लेखाशिर्ष : 20290046
A3: (आकडे हजारात)
A4: अ. क्र. | B4: उपलेखाशिर्ष | C4: मुंबई शहर | D4: मुंबई उपनगर | E4: ठाणे | F4: पालघर | G4: रायगड | H4: रत्नागिरी | I4: सिंधुदुर्ग | J4: मा.उप आयुक्त (सा.प्र.) | K4: एकूण
A5: 1 | B5: 01- वेतन | C5: =SUM('Page 4'!H7) -> 3051 | D5: =SUM('Page 4'!H24) -> 13114 | E5: =SUM('Page 4'!H41) -> 6380 | F5: =SUM('Page 4'!H57) -> 8915 | G5: =SUM('Page 4'!H74) -> 10278 | H5: =SUM('Page 4'!H91) -> 0 | I5: =SUM('Page 4'!H108) -> 0 | J5: =SUM('Page 4'!H125) -> 6819 | K5: =SUM(C5:J5) -> 48557
A6: 2 | B6: 03- अति.भत्ता | C6: =SUM('Page 4'!H8) -> 0 | D6: =SUM('Page 4'!H25) -> 0 | E6: =SUM('Page 4'!H42) -> 0 | F6: =SUM('Page 4'!H58) -> 0 | G6: =SUM('Page 4'!H75) -> 0 | H6: =SUM('Page 4'!H92) -> 0 | I6: =SUM('Page 4'!H109) -> 0 | J6: =SUM('Page 4'!H126) -> 0 | K6: =SUM(C6:J6) -> 0
A7: 3 | B7: 06- दूरध्वनी वीज,पाणी व शुल्क | C7: =SUM('Page 4'!H9) -> 240 | D7: =SUM('Page 4'!H26) -> 40 | E7: =SUM('Page 4'!H43) -> 300 | F7: =SUM('Page 4'!H59) -> 60 | G7: =SUM('Page 4'!H76) -> 400 | H7: =SUM('Page 4'!H93) -> 0 | I7: =SUM('Page 4'!H110) -> 0 | J7: =SUM('Page 4'!H127) -> 142 | K7: =SUM(C7:J7) -> 1182
A8: 4 | B8: 11- देशातंर्गत प्रवास खर्च | C8: =SUM('Page 4'!H10) -> 55 | D8: =SUM('Page 4'!H27) -> 83 | E8: =SUM('Page 4'!H44) -> 200 | F8: =SUM('Page 4'!H60) -> 60 | G8: =SUM('Page 4'!H77) -> 450 | H8: =SUM('Page 4'!H94) -> 0 | I8: =SUM('Page 4'!H111) -> 0 | J8: =SUM('Page 4'!H128) -> 90 | K8: =SUM(C8:J8) -> 938
A9: 5 | B9: 13- कार्यालयीन खर्च | C9: =SUM('Page 4'!H11) -> 200 | D9: =SUM('Page 4'!H28) -> 205 | E9: =SUM('Page 4'!H45) -> 300 | F9: =SUM('Page 4'!H61) -> 80 | G9: =SUM('Page 4'!H78) -> 650 | H9: =SUM('Page 4'!H95) -> 0 | I9: =SUM('Page 4'!H112) -> 0 | J9: =SUM('Page 4'!H129) -> 800 | K9: =SUM(C9:J9) -> 2235
A10: 6 | B10: 14-भाडेपट्टी व कर | C10: =SUM('Page 4'!H12) -> 0 | D10: =SUM('Page 4'!H29) -> 0 | E10: =SUM('Page 4'!H46) -> 50 | F10: =SUM('Page 4'!H62) -> 0 | G10: =SUM('Page 4'!H79) -> 0 | H10: =SUM('Page 4'!H96) -> 0 | I10: =SUM('Page 4'!H113) -> 0 | J10: =SUM('Page 4'!H130) -> 5 | K10: =SUM(C10:J10) -> 55
A11: 7 | B11: 17- संगणक खर्च | C11: =SUM('Page 4'!H13) -> 110 | D11: =SUM('Page 4'!H30) -> 5 | E11: =SUM('Page 4'!H47) -> 160 | F11: =SUM('Page 4'!H63) -> 20 | G11: =SUM('Page 4'!H80) -> 250 | H11: =SUM('Page 4'!H97) -> 0 | I11: =SUM('Page 4'!H114) -> 0 | J11: =SUM('Page 4'!H131) -> 150 | K11: =SUM(C11:J11) -> 695
A12: 8 | B12: 20-इतर प्रशासकीय खर्च | C12: 0 | D12: 0 | E12: 0 | F12: 0 | G12: 0 | H12: 0 | I12: 0 | J12: 0 | K12: =SUM(C12:J12) -> 0
A13: 9 | B13: 26- जाहीरात व प्रसिध्दी खर्च | C13: =SUM('Page 4'!H14) -> 0 | D13: =SUM('Page 4'!H31) -> 0 | E13: =SUM('Page 4'!H48) -> 0 | F13: =SUM('Page 4'!H64) -> 0 | G13: =SUM('Page 4'!H81) -> 0 | H13: =SUM('Page 4'!H98) -> 0 | I13: =SUM('Page 4'!H115) -> 0 | J13: =SUM('Page 4'!H132) -> 0 | K13: =SUM(C13:J13) -> 0
A14: 10 | B14: 51- मोटार वाहने | C14: =SUM('Page 4'!H15) -> 0 | D14: =SUM('Page 4'!H32) -> 0 | E14: =SUM('Page 4'!H49) -> 0 | F14: =SUM('Page 4'!H65) -> 20 | G14: =SUM('Page 4'!H82) -> 0 | H14: =SUM('Page 4'!H99) -> 0 | I14: =SUM('Page 4'!H116) -> 0 | J14: =SUM('Page 4'!H133) -> 0 | K14: =SUM(C14:J14) -> 20
A15: एकूण | C15: =SUM(C5:C14) -> 3656 | D15: =SUM(D5:D14) -> 13447 | E15: =SUM(E5:E14) -> 7390 | F15: =SUM(F5:F14) -> 9155 | G15: =SUM(G5:G14) -> 12028 | H15: =SUM(H5:H14) -> 0 | I15: =SUM(I5:I14) -> 0 | J15: =SUM(J5:J14) -> 8006 | K15: =SUM(K5:K14) -> 53682
A17: प्रपत्र - अ - अर्थसंकल्पीय अंदाजपत्रक सन 2018-2019
A18: मागणी क्र.सी-1- लेखाशिर्ष : 20290046
A19: (आकडे हजारात)
A20: अ. क्र. | B20: उपलेखाशिर्ष | C20: मुंबई शहर | D20: मुंबई उपनगर | E20: ठाणे | F20: पालघर | G20: रायगड | H20: रत्नागिरी | I20: सिंधुदुर्ग | J20: मा.उप आयुक्त (सा.प्र.) | K20: एकूण
A21: 1 | B21: 01- वेतन | C21: =SUM((C5/K5)*100) -> 6.2833371 | D21: =SUM((D5/K5)*100) -> 27.007435 | E21: =SUM((E5/K5)*100) -> 13.139197 | F21: =SUM((F5/K5)*100) -> 18.359866 | G21: =SUM((G5/K5)*100) -> 21.166876 | H21: =SUM((H5/K5)*100) -> 0 | I21: =SUM((I5/K5)*100) -> 0 | J21: =SUM((J5/K5)*100) -> 14.043289 | K21: 32738 | L21: =SUM(C21:J21) -> 100
A22: 2 | B22: 03- अति.भत्ता | C22: =SUM((C6/K6)*100) -> #DIV/0! | D22: =SUM((D6/K6)*100) -> #DIV/0! | E22: =SUM((E6/K6)*100) -> #DIV/0! | F22: =SUM((F6/K6)*100) -> #DIV/0! | G22: =SUM((G6/K6)*100) -> #DIV/0! | H22: =SUM((H6/K6)*100) -> #DIV/0! | I22: =SUM((I6/K6)*100) -> #DIV/0! | J22: =SUM((J6/K6)*100) -> #DIV/0! | K22: 0 | L22: =SUM(C22:J22) -> #DIV/0!
A23: 3 | B23: 06- दूरध्वनी वीज,पाणी व शुल्क | C23: =SUM((C7/K7)*100) -> 20.304569 | D23: =SUM((D7/K7)*100) -> 3.3840948 | E23: =SUM((E7/K7)*100) -> 25.380711 | F23: =SUM((F7/K7)*100) -> 5.0761421 | G23: =SUM((G7/K7)*100) -> 33.840948 | H23: =SUM((H7/K7)*100) -> 0 | I23: =SUM((I7/K7)*100) -> 0 | J23: =SUM((J7/K7)*100) -> 12.013536 | K23: 1108 | L23: =SUM(C23:J23) -> 100
A24: 4 | B24: 11- देशातंर्गत प्रवास खर्च | C24: =SUM((C8/K8)*100) -> 5.8635394 | D24: =SUM((D8/K8)*100) -> 8.8486141 | E24: =SUM((E8/K8)*100) -> 21.321962 | F24: =SUM((F8/K8)*100) -> 6.3965885 | G24: =SUM((G8/K8)*100) -> 47.974414 | H24: =SUM((H8/K8)*100) -> 0 | I24: =SUM((I8/K8)*100) -> 0 | J24: =SUM((J8/K8)*100) -> 9.5948827 | K24: 800 | L24: =SUM(C24:J24) -> 100
A25: 5 | B25: 13- कार्यालयीन खर्च | C25: =SUM((C9/K9)*100) -> 8.9485459 | D25: =SUM((D9/K9)*100) -> 9.1722595 | E25: =SUM((E9/K9)*100) -> 13.422819 | F25: =SUM((F9/K9)*100) -> 3.5794183 | G25: =SUM((G9/K9)*100) -> 29.082774 | H25: =SUM((H9/K9)*100) -> 0 | I25: =SUM((I9/K9)*100) -> 0 | J25: =SUM((J9/K9)*100) -> 35.794183 | K25: 1820 | L25: =SUM(C25:J25) -> 100
A26: 6 | B26: 14-भाडेपट्टी व कर | C26: =SUM((C10/K10)*100) -> 0 | D26: =SUM((D10/K10)*100) -> 0 | E26: =SUM((E10/K10)*100) -> 90.909091 | F26: =SUM((F10/K10)*100) -> 0 | G26: =SUM((G10/K10)*100) -> 0 | H26: =SUM((H10/K10)*100) -> 0 | I26: =SUM((I10/K10)*100) -> 0 | J26: =SUM((J10/K10)*100) -> 9.0909091 | K26: 45 | L26: =SUM(C26:J26) -> 100
A27: 7 | B27: 17- संगणक खर्च | C27: =SUM((C11/K11)*100) -> 15.827338 | D27: =SUM((D11/K11)*100) -> 0.71942446 | E27: =SUM((E11/K11)*100) -> 23.021583 | F27: =SUM((F11/K11)*100) -> 2.8776978 | G27: =SUM((G11/K11)*100) -> 35.971223 | H27: =SUM((H11/K11)*100) -> 0 | I27: =SUM((I11/K11)*100) -> 0 | J27: =SUM((J11/K11)*100) -> 21.582734 | K27: 630 | L27: =SUM(C27:J27) -> 100
A28: 8 | B28: 20-इतर प्रशासकीय खर्च | C28: =SUM((C12/K12)*100) -> #DIV/0! | D28: =SUM((D12/K12)*100) -> #DIV/0! | E28: =SUM((E12/K12)*100) -> #DIV/0! | F28: =SUM((F12/K12)*100) -> #DIV/0! | G28: =SUM((G12/K12)*100) -> #DIV/0! | H28: =SUM((H12/K12)*100) -> #DIV/0! | I28: =SUM((I12/K12)*100) -> #DIV/0! | J28: =SUM((J12/K12)*100) -> #DIV/0! | K28: 0 | L28: =SUM(C28:J28) -> #DIV/0!
A29: 9 | B29: 26- जाहीरात व प्रसिध्दी खर्च | C29: =SUM((C13/K13)*100) -> #DIV/0! | D29: =SUM((D13/K13)*100) -> #DIV/0! | E29: =SUM((E13/K13)*100) -> #DIV/0! | F29: =SUM((F13/K13)*100) -> #DIV/0! | G29: =SUM((G13/K13)*100) -> #DIV/0! | H29: =SUM((H13/K13)*100) -> #DIV/0! | I29: =SUM((I13/K13)*100) -> #DIV/0! | J29: =SUM((J13/K13)*100) -> #DIV/0! | K29: 0 | L29: =SUM(C29:J29) -> #DIV/0!
A30: 10 | B30: 51- मोटार वाहने | C30: =SUM((C14/K14)*100) -> 0 | D30: =SUM((D14/K14)*100) -> 0 | E30: =SUM((E14/K14)*100) -> 0 | F30: =SUM((F14/K14)*100) -> 100 | G30: =SUM((G14/K14)*100) -> 0 | H30: =SUM((H14/K14)*100) -> 0 | I30: =SUM((I14/K14)*100) -> 0 | J30: =SUM((J14/K14)*100) -> 0 | K30: 0 | L30: =SUM(C30:J30) -> 100
A31: एकूण | C31: =SUM((C15/K15)*100) -> 6.8104765 | D31: =SUM((D15/K15)*100) -> 25.049365 | E31: =SUM((E15/K15)*100) -> 13.766253 | F31: =SUM((F15/K15)*100) -> 17.054134 | G31: =SUM((G15/K15)*100) -> 22.406021 | H31: =SUM((H15/K15)*100) -> 0 | I31: =SUM((I15/K15)*100) -> 0 | J31: =SUM((J15/K15)*100) -> 14.913751 | K31: 37141 | L31: =SUM(C31:J31) -> 100
